recipe_id,title,description,rating,servings,total_time,main_num_ratings,ingredients,directions,photo_url,primary_category_name
42,Cabbage Soup,,4.13,4.0,50,11,"46 ounces    plain tomato juice | 4 cups    cabbage, shredded | 1 medium    onion, chopped | 2 large    carrots, cleaned skinned and shredded | 1 cup    celery, finely diced",Mix everything together and bring to a boil. | Reduce heat and simmer for 30 minutes (longer if you prefer your veggies to be soft). | Refrigerate until cool. | Serve chilled with sour cream.,https://img.sndimg.com/food/image/upload/v1/img/recipes/42/picVEMxk8.jpg,Vegetable
45,Buttermilk Pie With Gingersnap Crumb Crust,Yum,4.0,8.0,80,3,3⁄4 cup    sugar | 1 tablespoon    margarine | 1 egg | 2 egg whites | 3 tablespoons    flour | 1⁄4 teaspoon    salt | 1 cup    buttermilk | 1⁄2 cup    graham cracker crumbs | 1⁄2 cup    gingersnap crumbs | 2 tablespoons    margarine,"Preheat oven to 350°F. | Make pie crust, using 8 inch pie pan, do not bake. | Mix sugar and margarine in medium bowl until blended; beat in egg whites and egg. | Stir in flour, salt, and buttermilk until well blended. | Pour filling into prepared crust, bake 40 minutes or until sharp knife inserted near center comes out clean. | Sprinkle with nutmeg and serve warm or chilled. | Combine graham crumbs, gingersnap crumbs, and margarine in 8 or 9 inch pie pan, pat mixture evenly on bottom and side of pan. | Bake 8 to 10 minutes or until edge of crust is lightly browned. | Cool on wire rack.",https://img.sndimg.com/food/image/upload/v1/img/recipes/45/pic79tPh5.jpg,Pie
46,A Jad - Cucumber Pickle,"It is a traditional accompaniment to snacks such as spring rolls, or to barbecued foods.",5.0,1.0,25,2,"1⁄2 cup    rice vinegar | 5 thangkwa (cucumber) | 2 tablespoons    hom daeng, finely sliced  (shallot) | 1 tablespoon    nam som paep (palm sugar) | 1 tablespoon    haeo, finely sliced  (water chestnut) | 1 tablespoon    prik chi fa daeng, sliced  (red Thai jalapenos)","Slice the cucumber in four lengthwise, then slice the pieces to segments about an eighth of an inch thick. | Slice the tops of the chilies (green ones can be used if red are not available, but Thais like the color contrast), tap out any loose seeds and discard, then slice the chilies across into thin rounds. | Slice the shallots and water chestnuts. | Combine and serve. This will keep 2 or 3 weeks in a refrigerator.",,Vegetable
47,Butter Pecan Cookies,,4.0,84.0,64,2,"3⁄4 cup    butter | 1⁄2 cup    brown sugar, packed | 1 tablespoon    granulated sugar | 1 egg yolk, unbeaten | 1 teaspoon    vanilla extract | 2 cups    flour, sifted | 1 lb    pecan halves","Preheat oven to 350 degrees. | Cream butter in large mixing bowl. | Gradually add brown sugar and granulated sugar. | Cream well. | Add unbeaten egg yolk and vanilla and beat well. | Blend in sifted flour to form a stiff dough. | Shape dough into small balls. | Place on greased cookie sheet. Flatten cookies with bottom of glass dipped in sugar. | Bake at 350 degrees for 7-9 minutes, till golden brown (do not overbrown.) Cool before frosting. | Garnish with pecan halves.",https://img.sndimg.com/food/image/upload/v1/img/recipes/47/picfnmxck.jpg,Cookie and Brownie
48,Boston Cream Pie,,2.0,1.0,135,2,"1⁄2 cup    margarine | 2 1⁄4 cups    cake flour, sifted | 3 teaspoons    baking powder | 1 teaspoon    salt | 1 1⁄2 cups    sugar | 1⁄3 cup    oil | 1 1⁄2 teaspoons    vanilla | 2 eggs, separated | 1 cup    milk | 1⁄3 cup    sugar | 1 tablespoon    cornstarch | 1 1⁄2 cups    milk | 1 egg yolk, slightly beaten | 1⁄2 cup    whipping cream, whipped | 1 tablespoon    flour | 1⁄4 teaspoon    salt | 1 teaspoon    vanilla | 1 1⁄2 ounces    unsweetened chocolate | 2 tablespoons    butter | 1 teaspoon    vanilla","Beat egg whites until soft peaks form. | Gradually add 1/2 cup sugar, beating until very stiff peaks form. | Sift together remaining dry ingredients into another bowl. | Add oil, half the  milk and vanilla. | Beat 1 minute at medium speed. | Add remaining milk and egg yolks. | Beat 1 minute, scrape bowl. | Gently fold in egg whites. | Bake in two greased 9x 1.5-inch round pans in 350°F oven for 25 minutes. | Cool 10 minutes and then remove from pans. | Cool completely. | Fill with cream filling. | Frost with Chocolate Glaze. | French Custard Filling: In saucepan, combine sugar, flour, cornstarch and salt.  Gradually stir in milk. | Cook and stir until mixture thickens and boils; cook and stir 2-3 minutes longer. | Stir a little of hot mixture into egg yolk; return to hot mixture. | Cook and stir until mixture just boils. | Add vanilla; cool. | Beat until smooth; fold in whipped cream. | Chocolate Glaze: Melt chocolate and butter over low heat, stirring constantly. | Remove from heat. Stir in confectioners' sugar and vanilla until crumbly. | Blend in 3 tablespoons boiling water. | Add enough water (about 2 teaspoons), a teaspoon at a time, to form medium glaze of pouring consistency. | Pour quickly over top of cake; spread glaze evenly over top and sides.",,Pie
49,Chicken Breasts Lombardi,"Cheese, Chicken, and Mushrooms with Marsala.",4.84211,6.0,75,21,"2 cups    fresh mushrooms, sliced | 2 tablespoons    butter, melted | 12 boneless skinless chicken breast halves | 1⁄2 cup    flour | 1⁄3 cup    butter, melted and divided | 3⁄4 cup    marsala | 1⁄2 cup    chicken broth | 1⁄2 teaspoon    salt | 1⁄2 cup    mozzarella cheese, shredded | 1⁄2 cup    parmesan cheese, grated | 1⁄4 cup    green onion, chopped","Cook mushrooms in 2 tbsp butter in a large  skillet, stirring constantly, just   until tender. | Remove from heat; set aside.  Cut each chicken breast half in  half lengthwise.   Place each piece of chicken  between two sheets of wax paper; flatten to  1/8"" thickness, using a meat  mallet or rolling pin. | Dredge chicken pieces in flour. | Place 5 or 6  pieces of chicken in 1 to 2  tbsp butter in a  large skillet; cook over medium  heat 3 to 4 minutes on each  side or until  golden. | Place chicken in a lightly  greased 13x9"" baking dish,  overlapping  edges. | Repeat procedure with  remaining chicken and butter. | Reserve pan  drippings in skillet.  Sprinkle  reserved mushrooms over chicken. | Add wine and  broth to skillet.  Bring to a boil;  reduce heat, and simmer,  uncovered, 10  minutes, stirring occasionally. | Stir in salt and pepper. | Pour  sauce over  chicken. | Combine cheeses and green  onions; sprinkle over chicken. | Bake  uncovered at 450 for 12 to 14 minutes. | Broil 5 1/2"" away from heat 1 to  2  minutes or until browned.",https://img.sndimg.com/food/image/upload/v1/img/recipes/49/m1z1F8S5mAZgyImm5zYw_Lombardi%20Chicken%203.jpg,Chicken Breast
50,Biscotti Di Prato,,4.5,56.0,70,2,"3 3⁄4 cups    flour, all purpose unbleached | 2 cups    sugar | 1 teaspoon    baking powder | 1⁄4 teaspoon    salt | 4 large    eggs | 1 teaspoon    vanilla | 1⁄2 teaspoon    almond extract | 1 2⁄3 cups    whole almonds, blanched toasted lightly & chopped coarse | 1 large    egg | 1 teaspoon    water","EGG WASH 1 Egg, large 1 tsp Water In the bowl of an electric mixer fitted with the paddle attachment blend the flour, the sugar, the baking powder, and the salt until the mixture is combined well. | In a small bowl, whisk together the whole eggs, the yolks, the vanilla and the almond extract, add the mixture to the flour mixture, beating until a dough is formed, and stir in the almonds. | Turn the dough out onto a lightly floured surface, knead it several times, and divide it into fourths. | Working on 2 large buttered and floured baking sheets, with floured hands form each piece of dough into a flattish log 11 inches long and 2 inches wide, arrange the logs at least 3 inches apart on the sheets, and brush them with the egg wash. | Bake the logs in a preheated 350F oven for 35 minutes and let them cool on the baking sheets on racks for 10 minutes. | On a cutting board, cut the logs crosswise on the diagonal into 3/4"" inch slices, arrange them the biscotti, cut sides down, on the baking sheets, and bake them in the 350F oven for 5 to 7 minutes on each side, or until they are pale golden. | Transfer the biscotti to racks to cool and store them in airtight containers.",https://img.sndimg.com/food/image/upload/v1/img/recipes/50/picyuYoeC.jpg,Dessert
52,Cafe Cappuccino,,5.0,,5,1,"1⁄2 cup    instant coffee | 3⁄4 cup    sugar | 1 cup    nonfat dry milk solid | 1⁄2 teaspoon    orange rind, dried and mashed in a mortar and pestle",Stir ingredients together. | Process in a blender until powdered. | Use 2 Tbsp.  of mixture for each cup of hot water.,https://img.sndimg.com/food/image/upload/v1/img/recipes/52/picAkC0UW.jpg,Beverages
54,Carrot Cake,This is one of the few recipes my husband every requested from a coworker and brought home for me to make.,4.8,1.0,95,17,"3 cups    carrots, grated | 4 eggs | 1 1⁄4 cups    vegetable oil | 2 cups    white sugar | 2 cups    all-purpose flour, sifted | 2 teaspoons    baking powder | 2 teaspoons    baking soda | 1 teaspoon    cinnamon, ground | 1 teaspoon    salt | 1⁄2 teaspoon    nutmeg, ground | 1 cup    golden raisin (optional) | 1 1⁄4 cups    confectioners' sugar | 1 (3   ounce) package   cream cheese | 1 tablespoon    light corn syrup | 1⁄2 teaspoon    vanilla extract","Beat together the eggs, oil, and white sugar. Blend mixture for thirty seconds. | Sift together flour, baking powder, baking soda, salt and spices. Add the  carrots and raisins. | Pour egg mixture into dry ingredients, and mix well. Pour  batter into well greased 10 inch tube or Bundt pan. | Bake at 350 degrees F (175  degrees C) oven for 45 to 50 minutes. Cool cake on wire rack, and then  refrigerate until completely cooled. | To make Cream Cheese Glaze: Blend together  confectioners' sugar, cream cheese, corn syrup, and vanilla. Spread over cooled  cake.",https://img.sndimg.com/food/image/upload/v1/img/recipes/54/picQ2X4D8.jpg,Dessert
55,Betty Crocker's Southwestern Guacamole Dip,,4.75,4.0,125,4,"5 avocados | 1 medium    tomatoes, diced | 1⁄2 teaspoon    salt | 4 cloves    garlic, finely chopped | 1⁄4 cup    lime juice",Peel and mash avocados until lumpy. | Add remaining ingredients and chill for 1 - 2 hours.,https://img.sndimg.com/food/image/upload/v1/img/recipes/55/piclZzIyA.jpg,Southwestern
58,Low-Fat Burgundy Beef & Vegetable Stew,(high fiber),4.43,6.0,164,7,"1 1⁄2 lbs    beef eye round | 1 tablespoon    vegetable oil | 1 teaspoon    dried thyme leaves | 1⁄2 teaspoon    salt | 1⁄2 teaspoon    pepper | 1 (13 3/4  ounce) can   ready-to-serve beef broth | 1⁄2 cup    Burgundy wine | 3 cloves large   garlic, crushed | 5 1⁄2 cups    baby carrots | 1 cup    frozen whole pearl onion | 2 tablespoons    cornstarch, dissolved in 2 tablespoons water | 1 (8   ounce) package   frozen sugar snap peas","Trim fat from beef, cut into 1-inch pieces. | In Dutch oven, heat oil over medium high hunt until hot. Add beef (half at a time) and brown evenly, stirring occasionally. | Pour off drippings. | Season with thyme, salt and pepper. | Stir in broth, wine and garlic. Bring to boil; reduce heat to low. | Cover tightly and simmer 1 1/2 hours. | Add carrots and onions. | Cover and continue cooking 35 to 40 minutes or until beef and vegetables are tender. | Bring beef stew to a boil over medium-high heat. Add cornstarch mixture; cook and stir 1 minute. Stir in sugar snap peas. | Reduce heat to medium and cook 3 to 4 minutes or until peas are heated through.",https://img.sndimg.com/food/image/upload/v1/img/recipes/58/picnE8qoe.jpg,Stew
62,"Black Bean, Corn, and Tomato Salad","This is easy, delicious, colorful, delicious, uses currently-in-season fresh corn and tomatoes, and, oh yes, is really good.  I made a double batch of this yesterday for two of us, and we just polished off the rest of it this evening.    BTW, Ordinary tomato is fine instead of plum tomato (and we happen to use  more of it); I highly recommend flat-leaf parsley, if you can find it, because  the curly stuff is not nearly as flavorful; You can use radicchio or any other  kind of lettuce (if you choose to use any at all); The salad tastes even  better the second day!; Flavor is better when served closer to room temp  as opposed to ice cold.",4.7,2.0,25,23,"3 tablespoons    fresh lemon juice | 2 tablespoons    olive oil | 1 (15   ounce) can   black beans, rinsed and drained | 1 cup    fresh corn kernels, cooked  (from about 2 ears) | 1 plum tomato, seeded and chopped | 1 scallion, minced | 2 tablespoons    fresh parsley leaves, minced | 1 pinch    cayenne | 4 large    boston lettuce leaves, rinsed and spun dry","In a bowl whisk together lemon juice, oil, and salt to taste. | Stir in remaining ingredients, except lettuce leaves, with salt and black pepper to taste. | Let salad stand, stirring once or twice, 15 minutes for flavors to develop. | Line 2 plates with lettuce and divide salad between them.",,Black Beans
64,Almond Pound Cake,--Adopted Recipe--,4.33,1.0,75,3,"2⁄3 cup    butter, softened | 3 1⁄2 ounces    almond paste (not filling) | 1 1⁄4 cups    sugar | 4 eggs | 2 1⁄4 cups    flour | 5 tablespoons    cornstarch | 1 teaspoon    baking powder | 1⁄2 cup    milk","Preheat oven to 350 degrees Fahrenheit. | Cream butter and almond paste until fluffy. | Add sugar, gradually add eggs, one at a time.  Mix together flour, cornstarch and baking powder, then add flour mixture and milk alternately. | Bake in greased 9x5 loaf pan for 1 hour. | Double recipe for a bundt pan and bake 75 minute. | Cool 10 min in pan, then turn out and cool completely. | Serve with powdered sugar, orange glaze or chocolate glaze.",,Dessert
66,Black Coffee Barbecue Sauce,"It's great to know folks like this sauce so much! I wish I could take credit for it but it was adopted after the original member left. Thank you, all, just the same.
I have made the recipe with regular brewed coffee but highly recommend the espresso. In a pinch use strong instant if you have nothing else. The acid of the coffee balances the sweetness of the other ingredients.",4.94737,,30,19,"1⁄2 cup    brewed coffee, espresso preferred | 1 cup    ketchup | 1⁄4 cup    red wine vinegar | 3⁄4 cup    dark brown sugar, firmly packed | 1 onion, peeled and chopped, about 1 cup | 2 garlic cloves, peeled and crushed | 2 tablespoons    dark molasses | 2 tablespoons    hot dry mustard, mixed with 1 tablespoon water | 2 tablespoons    Worcestershire sauce | 2 tablespoons    cumin, ground | 2 tablespoons    chili powder","Combine all ingredients in a saucepan and simmer over low heat for 20  minutes. | Cool, then puree in a blender or food processor until smooth. | This can be stored in the refrigerator for up to 2 weeks in a covered  container.",https://img.sndimg.com/food/image/upload/v1/img/recipes/66/pic6Ysx4x.jpg,Lactose-free
67,Bourbon Pecan Pound Cake,,5.0,12.0,120,1,"1⁄2 lb    butter | 2 1⁄2 cups    sugar | 6 eggs | 3 cups    cake flour, sifted | 2 teaspoons    baking powder | 1 teaspoon    salt | 1 teaspoon    nutmeg, ground | 1 cup    sour cream | 1⁄2 cup    Bourbon | 1 1⁄2 cups    pecans, coarsely chopped | 2 cups    powdered sugar, sifted | 1 tablespoon    Bourbon | 2 tablespoons    water","Combine butter and sugar in bowl of electric mixer and blend until light and fluffy. | Add eggs one at a time, beating constantly. | Sift together flour, baking powder, salt, and nutmeg. | Blend sour cream and bourbon. | Alternately add flour and sour cream mixture to batter. | Add pecans. | Grease bottom and sides of tube or bunt pan. | Pour in batter and bake at 325 degrees for about one hour and 30 minutes. | Test cake frequently after first hour and 15 minutes for doneness. | Let cake cool in pan for 15 minutes before turning out on wire rack. | To prepare glaze, combine sugar and bourbon. | Stir while gradually adding water. | Add only enough water to make a pourable glaze without allowing mixture to become too thin. | Pour glaze over top of warm cake and let dribble down sides.",,Dessert
69,Chicha Peruana,"Chicha (corn beer). Chicha is made in South and, to a lesser extent, Central America. Unlike African opaque beer, it is not brewed commercially, but instead is made and served in what sound to me like wee tiny brewpubs. An abbreviated version is also made in people's kitchens. Chicha is consumed whilst still fermenting and so is low in alcohol. It is often spiced and may also be served with fruit.  With Bill's help and a little patience, a friend and I recently completed a batch. This was a very interesting and satisfying endeavour which included growing and malting the corn used. Every step of the process was very simple, and I highly recommend attempting this at home. My second crop of corn is about to come in and the results were good enough that I will be doing this again in the near future.",0.0,1.0,275,0,1 1⁄2 lbs    jora (malted corn) | 1 lb    piloncillo cone (akin to brown sugar) | 1 (1/4  ounce) package   Nottingham dry yeast,"Procedure: Mash for 90 minutes at 160°F. | We did two 1.5 gallon batches, each spiced differently (one with curacao/coriander, the other with allspice/cinammon). We would rather have used a higher proportion of jora, but on brewday we discovered that our ability to determine the weight of things is seriously imparied. | Instead of the 4.5lbs we thought we had, we found we had only 3lbs of jora. | Rather than readjust (the OG would have been more appropriate at ~1.045 in any case), we added more sugar, a course of action that was inspired by homebrewed Weizen as much as anything else. The result is a very tasty beverage, pretty big all the way around on corn, and yet the flavor is quite subtle. Be warned that chicha is at its peak 2 to 4 days after pitching while it still retains some sweetness and body. | Once the chicha ferments out, you are left with a fairly bland beverage that reminds me of iced tea more than anything else. If I'd been thinking (chicha lends itself to gulping), I would have kegged the stuff on the third day after pitching and stuck it in the fridge. While we took the trouble to grow our own (blue) corn, I see no reason why one could not start with good ol' yellow corn from the grocery store (domestic 20-row?) In fact, I plan on doing this if only to see what kind of chicha it makes. | Specifics:  OG: 1.055  FG: 1.012 Types of Chicha So far, there appear to me to be several main ways in which chicha de jora is made. These range in difficulty from trivial to a process almost indentical to what barley-beer homebrewers are familiar with. | Facil (easy) - Corn is mixed with water and sugar and allowed to sit for several days until the corn begins to germinate. The sugar ferments and the corn, lending nothing fermentable, adds flavor. | Abbreviated - The jora is mashed but the mash is ultimately brought to a boil, allowed to settle, and the clear liquid, or upi, now finished chicha, is drawn off. | Traditional - Similiar to the Abbreviated method, but the jora is mashed and the mash is allowed to settle. The upi is drawn off the mash into a separate vessel for boiling. | Modern - The ground jora is mashed and lautered through some sort of filtering device such as a manifold or false bottom. | This process is helped by the inclusion of some crushed malted barley (Barley Assisted). The first is apparently how much chicha is made in people's kitchens. | Bill Ridgely describes most of the others in his articles. | Also note that the methods that include mashing use a batch sparge. That is, the sweet liquor (upi) is merely drained from the mash and there are no continuous additions of sparge water to the surface of the mash. | Certainly sparging can be performed if desired, but it is neither traditional nor necessary (corn kernels have no husk and therefore do not form a filterbed). Chicha is traditionally allowed to spontaneously ferment. For the last type (Modern), George Duarte suggests that ground, unmalted corn could be mixed with a small amount of crushed 2-row malted barley and boiled for 20 minutes or so to gelatinize the starch in the corn. | This gooey mass would then be added to more water and barley malt and mashed as per 'normal' homebrew procedures. | This could probably be sparged as usual.",,Beverages
70,Buckwheat Bread,,1.0,1.0,215,2,"1 (1/4  ounce) envelope   yeast | 2 eggs, slightly beaten | 2 cups    water, lukewarm | 2 cups    buckwheat flour | 1 tablespoon    light brown sugar | 2 cups    whole wheat flour | 3⁄4 cup    buttermilk | 1 teaspoon    salt | 1 tablespoon    caraway seed | 1 cup    all-purpose flour","Proof the yeast in the lukewarm water with the sugar. | After you get a yeast sponge add the buttermilk (room temperature), salt, eggs and the three different kinds of flour and caraway seeds. | Mix well. | Take the dough out onto a lightly floured work surface, kneading until smooth. | Place the dough in a large buttered bowl, cover with a towel and let stand in a warm place to rise until doubled in bulk. | This will take from 1~/2 to 2 hours. | Take the dough out and punch it down a couple of times. | Knead and shape the dough into a loaf and place in a buttered loaf pan (9~ by 5~). Let stand in a warm place, covered with a towel, to rise for about 1 hour or until doubled in size. Preheat the oven to 400 degrees. Brush the bread with a little melted butter and bake in the oven for about 30 minutes or until light brown and the bread sounds hollow when tapped with your finger. | Cool wrapped in a towel.",,Yeast
72,Brownie Pudding,,4.89,10.0,75,10,"1⁄2 cup    all-purpose flour | 1⁄2 cup    granulated sugar | 1⁄2 cup    unsweetened cocoa, divided | 2 teaspoons    baking powder | 1⁄4 teaspoon    salt | 1⁄2 cup    milk | 1 teaspoon    vanilla | 2 tablespoons    butter, melted | 1⁄2 cup    semi-sweet chocolate chips | 1⁄2 cup    brown sugar, firmly packed | 1 3⁄4 cups    boiling water","Preheat oven to 350 degrees. | Combine flour, granulated sugar, 1/4  cup cocoa,  baking powder and salt in a bowl. | Stir in milk, butter and vanilla  until  smooth. | Stir in chocolate chips. | Spread in ungreased shallow 1  1/2 quart  casserole.  Sprinkle brown sugar and 1/4 cup cocoa on top. | Place in oven, pour  boiling water over top. | Bake 35 minutes, cool 10 minutes before  serving. | Serve with ice cream if desired.",,Dessert
75,California Chilled Salsa,,0.0,10.0,25,0,"2 cups    tomatoes, peeled and chopped | 1 stalk    celery | 1 onion, diced | 1 green pepper, diced | 1 1⁄2 teaspoons    salt | 1 tablespoon    cider vinegar | 1 tablespoon    sugar | 1 green chili pepper, chopped",* Also delicious made with red sweet peppers or a combination of red and  green for nice color. | Combine all ingredients; if finer texture is desired may be put  through food grinder using fine blade. | Cover tightly and chill overnight. | Serving Ideas : Serve cold as a relish with meat. | Kim C.,,Sauces
80,Bread Pudding,,5.0,4.0,65,4,"2 cups    soft bread cubes (use white bread) | 1 quart    milk, scalded | 2 eggs | 2 egg yolks, slightly beaten | 9 tablespoons    sugar, granulated, divided into 2 parts | 1⁄2 teaspoon    salt | 1 teaspoon    real vanilla | 2 egg whites | 1⁄4 cup    unsalted butter, melted",Mix bread and milk together. | Add the 2 eggs and the 2 egg yolks with 5 tbsp of sugar and salt. | Add to the milk mixture will be the vanilla and butter. | Mix well and pour into a slightly greased 1 1/2 quart casserole. | Bake in a pie pan of water at 350° oven for 45 minutes. | For the Meringue topping: Beat the egg whites until stiff and add the 4 tbsp of sugar to it. | Pour in slowly | Top the already baked pudding with it--making swirly peaks for decorations. | Bake again at 300° until a golden brown.,,Dessert
81,All Purpose Quick Mix With 28 Variations,"--Adopted Recipe--
Don't be intimidated by all the steps.  Really, there are just a few steps.  The additional ""steps"" are all the wonderful variations you can make.  Nutrition information is not correct, as it does not include the extra ingredients listed in the variations below.",5.0,8.0,40,2,3 cups    whole wheat flour | 3 cups    flour | 3 tablespoons    baking powder | 1 teaspoon    salt | 1 cup    butter,"Blend flours, baking powder and salt.  Cut  butter or margarine into flour mixture until  it resembles coarse cornmeal. | Store  tightly covered in refrigerator or  freezer until needed. | To prepare a variation:  Mix together baking mix and additional ingredients listed in one of the variations.  Spread batter in a 13x9 inch loaf pan  and bake at 350 degrees for 30 minutes or until done.  You may also make as muffins; baking time will be shorter. | SWEET POTATO OR YAM:    3 1/2 cup quick mix  1 teaspoons Cinnamon  1/2 teaspoons allspice  1 cup chopped 1 cup mashed, cooked sweet potato  nuts  1 egg  2/3 cup honey - 1/3 cup milk OR 3/4 cup sugar - 1/2 cup milk. | WALNUT:  3 1/2 cup quick mix  1 cup chopped walnuts  1 egg  2/3 cup honey - 1 cup milk OR 3/4 cup sugar - 1 1/4 cup milk. | YOGURT:  3 1/2 cup quick mix  1/2 teaspoons Baking soda  1 cup chopped nuts 1 cup yogurt, any flavor   1 egg  2/3 cup honey - 1/2 cup milk OR 3/4 cup sugar - 2/3 cup milk. | ZUCCHINI:  3 1/2 cup quick mix  1 teaspoons Cinnamon  1 cup chopped nuts  1 cup shredded zucchini  1 egg  2/3 cup honey - 2/3 cup milk OR 3/4 cup brown sugar, firmly packed - 1 cup milk. | ALMOND:  3 1/2 cup quick mix  1 teaspoons almond extract  1 cup sliced almonds  1 egg  2/3 cup honey - 1 cup milk OR 3/4 cup sugar - 1 1/4 cup milk. | APPLE:  3 1/2 cup quick mix  1 teaspoons Cinnamon  1 cup chopped nuts  1 cup apple, shredded  1 egg  2/3 cup honey - 2/3 cup milk or apple juice OR 3/4 cup brown sugar, firmly packed - 1 cup milk or  apple juice. | APRICOT:  3 1/2 cup quick mix  1 cup chopped nuts  1 cup diced, dried apricots  1 egg  3/4 cup honey - 3/4 cup apricot nectar OR 1 cup sugar - 1 cup apricot nectar. | BANANA:  3 1/2 cup quick mix  1 cup chopped nuts  1 cup mashed bananas  1 egg  2/3 cup honey - 1/3 cup milk OR 3/4 cup sugar - 1/2 cup milk. | BLUEBERRY:  3 1/2 cup quick mix  1 teaspoons grated orange peel  1 cup chopped nuts  1 cup blueberries  1 egg  2/3 cup honey - 1 cup orange juice OR 3/4 cup sugar - 1 cup orange juice. | BUTTERSCOTCH CHIP:  3 1/2 cup quick mix  1 teaspoons vanilla  1 cup chopped nuts  1 cup butterscotch chips  1 egg  2/3 cup honey - 1 cup milk OR 3/4 cup brown sugar, firmly packed - 1 1/4 cup milk. | CARROT:  3 1/2 cup quick mix  1 teaspoons Cinnamon  1 cup chopped nuts  1 cup grated carrot  1 egg  2/3 cup honey - 2/3 cup milk OR 3/4 cup brown sugar, firmly packed - 1 cup milk. | CHOCOLATE OR CAROB CHIP:  3 1/2 cup quick mix  1 cup chopped nuts  1 cup chcolate or carob chips 1 egg   2/3 cup honey - 1 cup milk OR 3/4 cup sugar - 1 1/4 cup milk. | COCONUT:  3 1/2 cup quick mix  1 cup chopped nuts  3/4 cup coconut  1 egg  2/3 cup honey - 1 cup milk OR 3/4 cup brown sugar, firmly packed - 1 1/4 cup milk. | CRANBERRY:  3 1/2 cup quick mix  1 Tbsp grated orange peel  1 cup chopped nuts  3/4 cup cranberries, chopped  1 egg  2/3 cup honey - 3/4 cup orange juice OR 3/4 cup brown sugar, firmly packed - 1 cup orange  juice. | DATE:  3 1/2 cup quick mix  1 Tbsp grated orange peel  1 cup chopped nuts  1 cup dates, chopped 1 egg   2/3 cup honey - 3/4 cup orange juice OR 3/4 cup sugar - 1 cup orange juice. | FIG:  3 1/2 cup quick mix  1/2 teaspoons Cinnamon  1/2 teaspoons allspice  1 cup chopped nuts  1 cup chopped, dried figs  1 egg  2/3 cup honey - 3/4 cup orange juice OR 3/4 cup sugar - 1 cup orange juice. | GRANOLA:  3 1/2 cup quick mix  1 cup granola  1 egg  2/3 cup honey - 1 cup milk, apple, or orange juice OR 3/4 cup sugar - 1 1/4 cup milk, apple, or orange juice. | LEMON:  3 1/2 cup quick mix  2 Tbsp grated lemon peel  1 cup chopped nuts  1 egg  2/3 cup honey - 1 cup milk OR 3/4 cup sugar - 1 1/4 cup milk. | ORANGE:  3 1/2 cup quick mix  2 Tbsp grated orange peel  1 cup chopped nuts  1 egg  2/3 cup honey - 1 cup orange juice OR 3/4 cup sugar - 1 1/4 cup orange juice. | PEACH:  3 1/2 cup quick mix  1 teaspoons Cinnamon  1 cup chopped nuts  1 cup diced, dried peaches  1 egg  2/3 cup honey - 3/4 cup orange juice OR 3/4 cup sugar - 1 cup orange juice. | PEANUT:  3 1/2 cup quick mix  1 cup chopped peanuts  1 egg  2/3 cup honey - 1 cup milk OR 3/4 cup brown sugar, firmly packed - 1 1/4 cup milk. | PEAR:  3 1/2 cup quick mix  1 teaspoons Cinnamon  1 cup chopped nuts  1 cup diced, dried pears  1 egg  2/3 cup honey - 3/4 cup orange juice OR 3/4 cup sugar - 1 cup orange juice. | PECAN:  3 1/2 cup quick mix  1 cup chopped pecans  1 egg  2/3 cup honey - 1 cup milk OR 3/4 cup brown sugar, firmly packed - 1 1/4 cup milk. | PINEAPPLE:  3 1/2 cup quick mix  1 Tbsp grated orange peel  1 cup chopped nuts  2/3 cup drained, crushed pineapple  1 egg  2/3 cup honey - 2/3 cup orange juice OR 3/4 cup brown sugar, firmly packed - 3/4 cup  orange juice. | PRUNE:  3 1/2 cup quick mix  1 Tbsp grated orange peel  1 cup chopped nuts  1 cup chopped, dried prunes  1 egg  2/3 cup honey - 3/4 cup prune juice OR 3/4 cup sugar - 1 cup prune juice. | PUMPKIN:  3 1/2 cup quick mix  1 teaspoons cinnamon  1/2 teaspoons allspice  1 cup chopped nuts  1 cup canned pumpkin  1 egg  2/3 cup honey - 1/3 cup milk OR 3/4 cup sugar - 1/2 cup. | RAISIN:  3 1/2 cup quick mix  1 cup chopped nuts  1 cup raisins  1 egg  2/3 cup honey - 3/4 cup milk or orange juice OR 3/4 cup sugar - 1 cup milk or orange juice. | SPICE:  3 1/2 cup quick mix  1/2 teaspoons Cinnamon  1/2 teaspoons nutmeg  1/4 teaspoons cloves  1 cup chopped nuts  1 egg  2/3 cup honey - 1 cup milk OR 3/4 cup sugar - 1 1/4 cup milk.",,High In...
83,Bubble and Squeak,,3.0,4.0,177,3,"2 lbs    baking potatoes | 2 tablespoons    unsalted butter | 1⁄4 cup    heavy cream | 4 ounces    bacon | 1⁄3 cup    onion, finely chopped | 1⁄2 cup    celery, finely chopped | 1 teaspoon    sage | 1⁄2 teaspoon    white pepper | 1 lb    Brussels sprout, thinly sliced | 1⁄2 lemon, juice of","Wash potatoes under cold running water then place in a large saucepan. | Cover with salted water, bring to a boil, reduce heat and simmer until soft, uncovered, about 15 minutes. | Drain and set aside and allow to cool slightly. | Peel potatoes and mash. | Add butter and cream and mix well. | Meanwhile fry bacon until crisp. | Drain on paper towel and set aside. In the same skillet add onion to bacon drippings and saute until soft, about 3 - 5 minutes. | Stir in celery, sage and pepper and saute 2 minutes longer. | Add lemon juice. Combine vegetables with mashed potatoes, stir well to combine and refrigerate for 2 hours. | Shape potato mixture into 10 patties. | Melt 2 tablespoons butter in a large skillet and saute patties until brown and crispy, about 5 minutes per side. Crumble bacon over top and serve.                    - - - - - - - - - - - - - - - - - -",,Breakfast
85,Butter Madeira Cake,This is a good stand by and easy mixed in a food processor,5.0,8.0,175,2,"225 g    flour | 2 teaspoons    baking powder | 175 g    caster sugar | 175 g    butter, softened | 3 large    eggs | 1 tablespoon    milk, cold | 1 teaspoon    vanilla essence",Grease lined tin with melted butter. | Sift flour and baking powder into  processor and add all remaining ingredients. | Run machine for 20 counts. | Scrape  down sides. | Run machine for a further 30 counts. | Transfer to prepared tin and spread evenly with a spatula.  Bake at 160° C for 1 1/2 hours. | Leave in tin 15 minutes  before turning onto a rack. | VARIATIONS Seed cake = Add 2-3 tsp caraway seeds after scraping down the sides. | Orange Cake = omit vanilla. | Add 1 tsp orange peel. | Lemon Cake = Add 1 tsp lemon peel. | Chocolate Speckle Cake = Add 1 crushed Chocolate Flake Bar after scraping down sides. | Raisin Cake = Add 3 oz raisins after scraping down sides. | Spicy Cake = Add 2-3 tsp Mixed Spice with the other ingredients.,https://img.sndimg.com/food/image/upload/v1/img/recipes/85/picH7CI8k.jpg,Dessert
86,Butter Dips,,5.0,32.0,85,4,"1⁄2 cup    butter | 2 1⁄4 cups    flour, sifted | 1 tablespoon    sugar | 3 1⁄2 teaspoons    baking powder | 3⁄4 teaspoon    salt | 1 cup    milk","Heat oven to 450. | Melt butter in oven oblong 13 x 9 1/2 x 3 inch pan. | Remove when butter is melted. | Sift dry ingredients into bowl. | Add milk. | Stir slowly with a fork until dough just clings together. | Knead lightly about 10 times. | Roll out 1/2 inch thick into rectangular 12 x 8 inch pan. | Cut in half lengthwise, then crosswise into 16 strips. | Dip each strip on both sides in melted butter. | Place close together in two rows. | Bake 15-20 minutes until golden brown. | Serve piping hot.",,Breads
88,Breakfast Burritos,Breakfast Burritos,3.33,4.0,35,3,"8 eggs | 1 lb    country sausage | 2 cups    Mexican blend cheese, shredded | 10 large    flour tortillas","Scramble eggs with a small amount of milk. | In another pan, crumble sausage and brown. | Combine with cheese; cook over low flame until cheese melts. | Mix in just enough ketchup until mixture holds together. | Warm tortillas in microwave on medium for about 30 seconds until soft enough to roll up without cracking. | Place about 1/4 cup egg mixture in tortilla and roll up. | Serve with salsa.",,Breakfast
90,Almond Paste,,4.0,2.0,10095,2,1 lb    blanched almond | 3 tablespoons    fresh lemon juice | 1 cup    water | 2 cups    sugar,"Force blanched almonds through fine blade of food chopper 4x or whirl in electric blender. Add lemon juice. | Cook water and sugar until candy thermometer registers 240*F or until a small amount of mixture dropped into cold water forms a soft ball. Add to ground almonds. Mix well. When cool enough to handle, knead until smooth. Cool. | Pack in a jar, cover & store in refrigerator for at least 1 week to ripen. Makes about 2 pounds. | NOTE: If almond paste is too stiff to handle after storage, place in top part of double boiler and heat over hot, NOT boiling, water until sufficiently soft to handle. Use in cookies, coffee cakes or in other pastries and desserts.",https://img.sndimg.com/food/image/upload/v1/img/recipes/90/picbvBYE9.jpg,Dessert
91,Brown Rice and Vegetable Pilaf,This is good with almost anything... Robb,4.62,6.0,150,8,"1 1⁄2 cups    brown rice | 3 cups    chicken broth | 3 tablespoons    unsalted butter | 1⁄2 teaspoon    oregano | 1⁄2 teaspoon    marjoram | 1⁄2 teaspoon    summer savory | 5 tablespoons    unsalted butter | 1 cup    celery, thinly sliced | 1 cup    fresh snow pea, sliced | 1 cup    broccoli floret | 1 cup    green onion, thinly sliced | 1 1⁄2 teaspoons    fresh gingerroot, grated | 2 tablespoons    lemons, rind of, Grated | 3⁄4 cup    coconut, Grated, toasted","Preheat oven to 325 degrees F. | Heat chicken broth to boiling. | Combine broth   with brown rice, butter, oregano, marjoram, and summery  savory in 3 quart  casserole and bake, covered, for 1-1/2 hours or until  rice is tender. | Keep  hot.   Melt butter in large skillet or dutch oven. | Add celery, snow peas,  broccoli, green onion, and ginger and stir fry until crisp-tender. | Add  vegetables, lemon rind, and toasted coconut to rice.  Toss lightly  to combine.  Adjust seasonings.",,Brown Rice
93,Blue Stuffed Mushrooms,These stuffed mushrooms are just wonderful.,4.55,4.0,15,11,"4 ounces    blue cheese | 4 ounces    cream cheese | 1 tablespoon    half-and-half | 14 small    mushrooms, stems removed | 14 small    pecan halves | 14 small    fresh basil leaves","In a medium bowl, combine the blue cheese and the cream cheese. | Beat them together with an electric mixer so that they are smooth. | Add the half & half and beat it in so that the mixture is fluffy. | Fill the mushroom caps with the cheese mixture. | Top each with a pecan half and a basil leaf.",,Free Of...
94,Blueberry Buttertarts,,5.0,12.0,40,4,"12 frozen tart shells, each about 3 | 1 egg, lightly beaten | 1⁄2 cup    corn syrup | 1 teaspoon    lemon juice | 3⁄4 teaspoon    vanilla | 1⁄3 cup    brown sugar | 1 tablespoon    all-purpose flour | 1 1⁄2 cups    blueberries","Preheat oven to 375F. | Leave shells in foil cups and place on a baking sheet. In  large bowl, whisk egg with syrup, juice and vanilla. | In another bowl, stir sugar with flour. | Divide berries among shells. | Pour in egg mixture, filling each shell right to top. | Bake on bottom rack at 375F oven until bubbly and top is a bit  crusty, from 18-23 minutes.Tarts will firm up when cool and can be refrigerated  2 days.",,Dessert
99,Chaat Masala,"Asafoetida, mango powder and black salt distinguish the chaat masala from other  masalas, giving the blend a sourness that makes it a welcome accompaniment to  fresh fruit and other snacks.    

""Chaat"" refers to various snacks and to the North Indian cafes that serve them. 

Fresh fruit often is sprinkled with lime juice  and chaat masala.    

Black salt (which is actually a reddish gray), available at  Indian food stores, has a distinctive flavor that's quite different from sea salt or table salt.  

The garam masala is the wild card in this recipe; either one of  the Tamil Nadu Curry Powder or Punjabi-Style Garam Masala may be used.",5.0,,25,1,"2 tablespoons    cumin seeds | 1 1⁄2 teaspoons    fennel seeds | 1 tablespoon    garam masala | 1 tablespoon    mango powder | 1 tablespoon    black salt | 1 teaspoon    cayenne pepper | 1 pinch    asafoetida powder | 1⁄4 teaspoon    ginger, ground",Toast and grind cumin and fennel seeds and combine with remaining ingredients.,,Indian
113,Carrot Ginger Biscuits,Carrot - Ginger Biscuits,3.0,12.0,50,1,"1 1⁄2 cups    all-purpose flour | 1⁄2 cup    whole wheat flour | 1 1⁄2 teaspoons    baking powder | 1 1⁄2 teaspoons    baking soda | 1 1⁄2 teaspoons    ginger | 1⁄2 teaspoon    salt | 1⁄2 cup    carrot, peeled and shredded | 2 cups    plain low-fat yogurt | 2 tablespoons    canola oil | 2 teaspoons    honey","Preheat oven to 450. | In a large bowl, stir together the all-purpose flour and  whole wheat flour, baking powder and baking soda, ginger and salt.  In a small  bowl, stir together the carrot, yogurt, oil and honey. | Add carrot mixture to  dry ingredients and stir until just combined. | Place the dough on a well-floured surface.  Using a lightly floured rolling pin, roll out the dough until 1/2"" thick. | Using a 2 1/4"" biscuit cutter or glass ,  cut out rounds, gently rerolling the scraps, to form 12 biscuits. | Place the  biscuits on an ungreased baking sheet, spacing them 1"" apart.  Bake for 12 to 15 minutes or until golden. | Serve warm.",,Breads
116,Blueberry Scones,"These make the lightest, fluffiest scones you've ever had...I guarantee it!",4.55,8.0,77,40,"2 cups    all-purpose flour | 3 tablespoons    sugar, plus more for sprinkling tops | 1 tablespoon    baking powder | 3⁄4 teaspoon    salt | 6 tablespoons    unsalted butter, cold and cut into pieces  (3/4 stick) | 1 1⁄2 cups    fresh blueberries, picked over and rinsed | 1 teaspoon    lemon, zest of, grated | 1⁄3 cup    heavy cream, plus more for brushing tops | 2 large    eggs, lightly beaten","Adjust rack to center of oven, and heat to 400 degrees. | Place a Silpat baking mat on a baking sheet, and set aside. In a large bowl, sift together flour, 3 tablespoons sugar, baking powder, and salt. Using a pastry blender, or two knives, cut in butter until the largest pieces are the size of small peas. | Stir in blueberries and zest. Using a fork, whisk together cream and egg in a liquid measuring cup. | Make a well in the center of dry ingredients and pour in cream mixture. Stir lightly with fork just until dough comes together. | Turn out onto a lightly floured surface, and knead a few times to mix well. | Pat dough into a 6-inch square about 1 1/4 inches thick. | Using a floured knife, cut into four 3-inch squares. | Cut squares in half on the diagonal to form eight triangles. | Transfer to prepared baking sheet. Brush tops with cream and sprinkle with sugar. | Bake until golden brown, 20 to 22 minutes. | Transfer scones from baking sheet to wire racks to cool.",https://img.sndimg.com/food/image/upload/v1/img/recipes/11/6/3VsX300jTOOiZyIg6oV2_blueberry-scones-3.jpg,Scones
117,Blueberry Cookies,"Originally from ""1001 Cookie Recipes""",4.5,48.0,255,6,"2 cups    flour | 2 teaspoons    baking powder | 1⁄2 teaspoon    salt | 1⁄2 cup    vegetable shortening | 1 cup    sugar | 1 large    egg | 1⁄4 cup    milk | 1 teaspoon    almond extract | 1 1⁄2 teaspoons    lemon zest, grated | 1 cup    blueberries","Combine flour, baking powder and salt. | In a large bowl, cream the shortening and  sugar. | Beat in the egg. | Beat in the milk, almond extract and lemon rind. | Gradually blend in the dry ingredients. | Fold in the blueberries. | Cover and chill for at least 4 hours.Preheat oven to 375°. | Drop dough by spoonfuls about  1-inch apart onto ungreased cookie sheets. | Bake for 12-15 minutes, until pale golden. | Transfer to wire racks to cool. | NOTES: Canned or frozen blueberries can be used, but fresh gives the best results.",https://img.sndimg.com/food/image/upload/v1/img/recipes/11/7/picDf97kf.jpg,Drop Cookies
118,Abby's Pecan Apple Cake,,4.0,10.0,90,2,"2 tablespoons    butter, melted | 1 1⁄2 cups    sugar | 1⁄2 teaspoon    cinnamon, Ground | 1⁄2 teaspoon    nutmeg, Freshly grated | 1 1⁄2 cups    all-purpose flour | 3 tart apples | 1⁄2 cup    butter | 2 large    eggs | 1⁄3 cup    milk | 2 tablespoons    rum | 2 teaspoons    vanilla extract | 2 tablespoons    pecans, Finely chopped | 1 1⁄2 teaspoons    baking powder | 1 1⁄2 teaspoons    baking soda | 1 1⁄2 teaspoons    salt","* , such as Granny Smith, peeled, halved, and sliced (3 cups)  Preheat the oven to 350 degrees. | Brush the sides of a 8 x 3 1/4-inch  springform pan with the melted butter. | Mix together 1/2 cup sugar, cinnamon,  nutmeg, and 1/4 cup flour and sprinkle the mixture evenly over the bottom of  the pan. | Wrap foil around the pan to prevent leakage. Starting at the outside  edge, arrange a ring of apple slices in the pan, slightly overlapping and  pointing to the center. | (It will feel backwards.) Fill in the center with  another circle of apples, with some overlap occurring. | Layer any remaining  apple slices evenly, overlapping to prevent the batter from escaping. | With a  wooden spoon or electric mixer, beat together the butter and 1 cup sugar. | Add  the eggs, milk, rum, and vanilla. | The batter will look curdled. | Add 1 1/4  cups flour, the nuts, baking powder, baking soda, and salt, beating only  until the flour is completely incorporated. | Pour the batter over the apples  and spread evenly. | Place the pan on a baking sheet and bake in the middle of  the oven until a toothpick inserted in the cake comes out clean, about 70  minutes. | Cover with a piece of foil if the top begins to brown too quickly. | Let the cake rest in the pan on a rack for 5 minutes, then, using a small,  flexible knife, gently separate the sides of the cake from the pan. | Invert  the cake on the rack, letting it stay in the pan for another 10 minutes, then  remove the pan, lifting it up carefully.",https://img.sndimg.com/food/image/upload/v1/img/recipes/11/8/pic1UgDNm.jpg,Dessert
120,Carrot Cake II,,4.6,8.0,75,5,"1 lb    carrot, freshly grated | 4 large    eggs | 2 cups    sugar | 3 cups    all-purpose flour | 1⁄2 teaspoon    salt | 2 teaspoons    baking powder | 2 teaspoons    baking soda | 2 teaspoons    cinnamon | 1⁄2 cup    walnuts, chopped | 1 1⁄2 cups    oil | 1 (8   ounce) package   cream cheese | 1 (10   ounce) box   sugar | 4 ounces    unsalted butter | 2 teaspoons    real vanilla","Preheat oven to 325°. | Add 1 egg at a time to the grated carrots until all 4 have been added. | Beat after each egg  Add the oil and mix. | Then sift all of the dry ingredients together and add it to the oil, egg, and carrot mixture in 4 parts, beating after each addition. | Next, add the walnuts and mix well. | Pour into a greased/floured tube pan. | Bake for 1 hour at 325°, or or when a tooth pick is inserted into the cake and it comes out clean. | FOR THE ICING: Soften butter and cheese. Blend well and then add the sugar and vanilla. | Beat until smooth and creamy. | Frost only after cake is cooled.",,Dessert
121,Lamb and Pork Cassoulet,,0.0,2.0,75,0,"1 (15   ounce) can   cannellini beans, drained | 1 tablespoon    oil | 1 tablespoon    ketchup | 1 teaspoon    chili powder | 1⁄2 teaspoon    thyme | 1⁄4 cup    water | 1 teaspoon    bacon bits (dash of liquid smoke) | 1 lamb chop, diced | 1 pork chop, diced | 1 small    onion, diced",Saute onion and garlic in oil. | Add lamb and pork. | Saute 5 minutes until cooked  though. | Combine everything in a small deep oven safe dish. | Bake uncovered 350   30 minutes. | HINTS: for those who like more beans & less meat Add another can of beans & half as much meat. Just use a tad more water. | If you liked it or hated it please let me know -- .,,Lamb/Sheep
123,Carrot Maple Cheesecake,,5.0,12.0,110,2,"1 1⁄3 cups    graham crackers (12 cookies) | 1⁄4 cup    butter, Melted | 2 cups    carrots, Shredded  (3-4) | 3 (250   g) packages   light cream cheese, room temp | 1⁄3 cup    granulated sugar | 1⁄3 cup    maple syrup | 3 eggs | 1⁄4 cup    water (optional) | 1⁄4 cup    granulated sugar (optional) | 1⁄2 cup    carrot, Shredded  (optional)","CRUST:  Combine ingredients; mix well. | Press into 9 inch springform pan.  Bake in preheated 350 F oven for 10 minutes. | FILLING:  Simmer shredded carrots in water to cover for 5 minutes.  Drain and remove excess liquid. | In food processor combine carrots, cream cheese, sugar and maple syrup, process until completely smooth and evenly colored. | Add eggs, one at a time, and mix until just blended. | Pour onto crumb crust and bake at 300 F for 45 minutes or until center is almost set.  Cool to room temperature.  Refrigerate 3 hours or overnight. . | OPTIONAL GARNISH:  In small saucepan simmer water with sugar for 5 minutesAdd shredded carrots and simmer 5 minutes.   Drain well and scatter on top of chilled cheesecake.",,Cheesecake
125,Caribbean Cowpeas and Rice,,5.0,4.0,25,1,"1 cup    black-eyed peas, rinsed and drained | 1 onion, chopped | 1 jalapeno, seeded and minced | 2 garlic cloves, minced | 1⁄2 teaspoon    cumin | 1 teaspoon    thyme | 1 bay leaf | 1 cup    long-grain rice | 1 cup    vegetable broth | 1⁄2 cup    tomatoes, crushed | 1⁄2 cup    allspice | 1⁄2 teaspoon    salt","Soak peas. | COmbine peas with onion, jalapeno, garlic, cumin, thyme, bay leaf and 2 cups water. | Boil. | Reduce and simmer. | Add rice, broth, tomato, allspice and salt.",,Beans
126,Carnation Lean Fettuccine Alfredo,,5.0,4.0,40,1,"12 ounces    fettuccine | 1 teaspoon    olive oil | 1 clove    garlic, minced | 2 cups    milk | 3⁄4 cup    parmesan cheese, freshly grated | 4 teaspoons    fresh dill, chopped | 1 tablespoon    fresh chives, chopped | 1 pinch    nutmeg | 1 pinch    salt | 1 pinch    pepper | 6 ounces    asparagus, blanched  (175g) | 2⁄3 cup    smoked salmon, slivered | 1 tablespoon    lemon juice","In a large pot of boiling water, cook the fettuccine for 8-10 minutes until  tender but firm. | Drain. | In a non-stick skillet, heat oil and cook garlic for 30  seconds. | Add to drained pasta along with milk and cheese. Cook over medium heat, stirring gently for four to five minutes, until sauce is thickened. | Remove from  heat and let stand two to three minutes to thicken more. Stir in dill and chives and season with salt and pepper. | Stir in blanched  asparagus, salmon and lemon juice. Garnish each serving with more freshly grated Parmesan, if desired.",,Vegetable
128,Caramel Apple Milkshakes,,5.0,4.0,25,2,"3 cups    frozen yogurt, vanilla | 3⁄4 cup    1% low-fat milk | 1⁄2 cup    applesauce | 1 teaspoon    cinnamon | 1⁄4 cup    caramel topping","Place the yogurt, milk, cinnamon, and topping in a blender. | Cover and blend  until smooth. | Pour into 4 glasses. | Serve immediately.",https://img.sndimg.com/food/image/upload/v1/img/recipes/12/8/picfvdzrj.jpg,Frozen
129,Champagne Punch,Here is a good punch recipe for any special occasion.  We serve this every year for Christmas Eve.  It is always a big hit.,4.77,20.0,5,31,"1 (12   ounce) can   frozen lemonade concentrate, thawed  (small can) | 1 (12   ounce) can   frozen orange juice concentrate, thawed  (small can) | 1 (12   ounce) can   frozen limeade concentrate, thawed  (may use 1 small can pineapple juice concentrate, thawed) | 1 (2   liter) bottle   ginger ale, chilled | 1 (2   liter) bottle   champagne, chilled",Mix the juice concentrates in punch bowl (do not add water). | Stir in the Gingerale then add the Champagne (do not stir after adding the champagne!) | ** Note ** The large bottles of Gingerale and Champagne should be equal volumes (I use 2 L.  bottles).,https://img.sndimg.com/food/image/upload/v1/img/recipes/12/9/picI35rA2.jpg,Punch
130,Butterscotch Apple Dumpling,**Adopted Recipe**,0.0,8.0,75,0,2 green apples | 1 cup    self rising flour | 1⁄8 teaspoon    salt | 2 teaspoons    sugar | 2 ounces    butter | 2 tablespoons    water | 1 ounce    butter | 1 cup    brown sugar | 1 tablespoon    golden syrup | 1 1⁄4 cups    water,"Sift flour and salt.  Add sugar.  Rub in butter, then add water and mix to a soft dough. | Peel and quarter apples. | Divide pastry into 8 equal portions. | Roll out each portion of pastry and wrap each around an apple quarter. | Place in an oven proof dish. | Combine sauce ingredients in saucepan and bring to boil. | Pour sauce over pastries in dish. | Bake 25-30 minutes in  a moderate oven, about 325 degrees Fahrenheit.  Serve with ice cream.",,Dessert
136,Cheesecake Cupcakes with Blueberries,"originally from ""Family Circle"" magazine",4.67,12.0,50,6,"12 sugar cookies | 8 ounces    cream cheese, room temperature | 1 cup    sugar | 2 eggs | 1⁄2 cup    sour cream | 1⁄2 teaspoon    vanilla | 1⁄2 teaspoon    lemon, rind of, grated | 3 tablespoons    flour | 1 cup    blueberries","Heat oven to 325 degrees.Line 12 muffin cups with foil liners. | Place a cookie in bottom of each liner; trim cookies to fit if necessary.Beat together cream  cheese and sugar on med. | speed in large bowl until smooth. | Add eggs, beating  just until blended. | Beat in sour cream, vanilla and lemon rind. | On low speed,  beat in flour. | Stir in blueberries. | Spoon batter into cups, dividing  equally.Bake for 35-40 min., until cakes are set. Cool cakes in pan on rack for  20 min. | Remove cakes to rack to cool. | Refrigerate.                    - - - - - - - - - - - - - - - - - -",,Cheesecake
138,Cheese and Pineapple Dip,This goes well with celery and carrot sticks.  ,0.0,3.0,140,0,"1 (250   g) can   reduced cream | 1 (2   ounce) packet   tomato & onion soup mix | 1⁄2 cup    cheese, grated  (tasty cheese) | 1 (227   g) can   pineapple, drained, crushed","Mix reduced cream, tomato & onion soup, cheese and crushed pineapple together until well combined. | Chill for 2 hours before serving. | Makes  about 3 cups. | Cheers,  Doreen Doreen Randal,  Wanganui. | New Zealand.",,Pineapple
139,Chicken and Pineapple Salad With Curry Mayonnaise,"This is nice, I have used ordinary roast chicken.   CHICKEN AND PINEAPPLE SALAD WITH CURRY MAYONNAISE",5.0,4.0,85,5,"1 barbecued chicken | 1⁄2 cup    coconut, shredded | 1 (440   g) can   unsweetened pineapple slices, drained | 4 spring onions, chopped | 1 teaspoon    curry powder | 1⁄4 teaspoon    five-spice powder | 1 garlic clove, crushed | 1 teaspoon   grated fresh ginger | 3⁄4 cup    mayonnaise | 1⁄4 cup    coconut milk","Combine all ingredients thoroughly. | Toast coconut on oven tray in moderate oven for about 5 minutes. | Cut chicken and pineapple into chunks; place in bowl, mix in coconut, shallots and Mayonnaise. | Refrigerate 1 hour before serving. | Serves 4. | Cheers,  Doreen Doreen Randal,  Wanganui. | New Zealand.",,Whole Chicken
144,Cheesy Chicken Noodle Casserole,I made this recipe in High School my Senior year.,3.0,4.0,35,1,"2 chicken breasts, cut into cubes  (skinless & boneless) | 0.5 (10 7/8  ounce) can   cream of chicken soup | 1 tablespoon    olive oil | 1⁄4 lb    Velveeta cheese (cut into cubes) | 0.5 (12   ounce) bag   egg noodles | 1 (15 1/4  ounce) can   corn | 1 tablespoon    seasoning salt (such as Lawry's) | 1⁄2 tablespoon    parsley flakes | 1 teaspoon    pepper","Cook egg noodles in boiling water till chewy. | Cook chicken in olive oil, and  Lawry salt till chicken is not pink in middle, then drain oil. | Combine cream of chicken soup, egg noodles, and chicken till boiling. | Reduce heat, and add  Velveeta cheese, corn, and pepper. | Cook until all of Velveeta is melted. | Remove from heat and sprinkle with parsley flakes.",,Chicken Breast
147,Campfire Orange Cake,"When I was a child, my mother made orange cake every time we went camping. She would scoop out an orange, fill it with (I think) white jiffy cake mix, wrap it in foil and put it it the campfire to bake.  They were wonderful!",4.5,6.0,30,2,"1 (14 1/2  ounce) package   gingerbread mix | 3 oranges, halved","Gingerbread Cups  Halve and clean inside of oranges out.  Prepare a package of  gingerbread mix, fill cups 3/4 full. | Place cups in a bed of coals, not too  hot.  Bake slowly, turning around from time to time.",,Dessert
151,Anise Toast,,0.0,,25,0,"6 eggs | 1 1⁄2 cups    sugar | 1 1⁄2 cups    oil | 3 cups    flour, sifted | 1⁄2 teaspoon    salt | 1 teaspoon    baking powder | 1 teaspoon    vanilla | 1 teaspoon    anise flavoring","In a large bowl, beat all eggs, then add sugar, oil, and remaining ingredients. | Spread the batter on a cookie sheet. Place in 350° oven for 20 minutes. | Remove from oven and cut into squares while it is still hot. | Put back into oven for 5 minutes  and remove. Makes a great little add on to ice cream and other flavorful desserts.",,< 30 Mins
152,Angel Food Cake Waldorf,This cake looks delicious & tastes the same.   ,5.0,8.0,75,2,"6 tablespoons    sugar | 1⁄8 teaspoon    salt | 6 tablespoons    cocoa | 3 cups    whipping cream | 1⁄3 cup    toasted almond, cut-up | 1⁄3 cup    toasted almond, shaved | 1 angel food cake","Prepare Angel Food Cake by cutting a 1 inch slice off the top. | Remove the  center, leaving walls around a cavity. | Whip cream. | Combine sugar, salt and  cocoa. | While beating the cream sprinkle in the cocoa mixture.. | Whip until  stiff. | Fold in cut-up almonds. | Fill cavity. | Replace top of cake and spread rest of cream mixture on top and sides of cake.   Sprinkle with 1/3 cup shaved  toasted almonds. | Chill 3 hrs.  or more before  serving.",,Dessert
153,Amish Friendship Bread and Starter,"Many recipes have been posted for the Amish bread, but none have included the starter, so I thought I'd send this along.  Happy baking!  Amish Friendship Bread and Starter",4.9,,70,50,"3 cups    sugar, divided | 3 cups    milk, divided | 3 cups    flour, divided | 1 cup    oil | 1⁄2 cup    milk | 3 whole eggs | 1 teaspoon    vanilla extract | 2 cups    flour | 1 cup    sugar | 1 1⁄2 teaspoons    baking powder | 2 teaspoons    cinnamon | 1⁄2 teaspoon    salt | 1⁄2 teaspoon    baking soda | 1 (5 1/8  ounce) box   instant vanilla pudding | 1 cup   chopped nuts | 1 tablespoon    cinnamon, combined with | 1⁄2 cup    sugar","Place ONE cup each sugar, milk, and flour in large glass or plastic bowl. | Cover lightly with plastic wrap and set on your counter at room temperature. Stir with a wooden spoon everyday for 17 days. | On day 18 do nothing. | On days 19, 20, and 21, stir. | On day 22, add 1 cup sugar, 1 cup milk, and 1 cup flour, and stir again. | On days 23, 24, 25, and 26 stir. | On day 27, add 1 cup milk, 1 cup flour, and 1 cup sugar and stir. | It's now ready to use to make the bread. | Give away two cups of the starter to two friends, use one to make the bread, and keep one to keep the starter going.  When you give away a cup of the starter, give these directions for keeping it going:  Do not refrigerate; Do not use metal spoon or metal bowl; Do not cover tightly, cover loosely with plastic wrap. | AMISH FRIENDSHIP BREAD:  Mix oil, eggs, and vanilla with the starter mix. | In a separate bowl, mix flour, sugar, baking powder, cinnamon, salt, baking soda, vanilla pudding mix, and nuts. | Add to liquid mixture and stir thoroughly. | Pour into two large well-greased 9x5 inch loaf pans, or one Bundt pan, that have been sprinkled with a mixture of cinnamon, sugar, and flour. | Sprinkle more cinnamon and sugar on the tops of the unbaked loaves (or cake).  Bake at 325F for one hour or until done.",https://img.sndimg.com/food/image/upload/v1/img/recipes/15/3/picjFhmLD.jpg,Quick Breads
156,Cold Celery,"This unusual, and make a nice side dish.   ",3.0,1.0,40,2,1 bunch    celery | 1 pinch    salt | 1 tablespoon    soy sauce | 1 teaspoon    brown sugar | 1 teaspoon    sesame oil,"Wash the celery and cut into 1 inch lengths. | Put into a large pan, cover with cold water and bring to the boil, drain and immediately cover with water. | Chill completely under cold running water. | Drain. | Add the salt, soy sauce, sugar and sesame oil. | Mix well and serve chilled.",,Lunch
157,Coconut-Lemon Macaroons,nice treats,0.0,1.0,65,0,"2 2⁄3 cups    coconut | 1 cup    sugar | 4 egg whites | 1 tablespoon    lemon juice | 2 lemons, rind of, grated | 1⁄3 cup    flour","In a medium pan combine coconut, sugar, 1 egg white, lemon rind and strained lemon juice.  Stir over a low heat until lukewarm, cool. | Beat remaining egg whites until soft peaks form. | Gradually fold egg whites into cooled mixture.  Add sifted flour, combine gently. | Place mixture in heaped teaspoonfuls on greased oven trays which have been lightly dusted with cornflour. | Bake in slow oven 30 minutes. | Cool on trays.",,Dessert
160,Chicken Goulash on a Sour Cream Crust,This is very tasty and pretty quick to make.,0.0,6.0,85,0,"2 tablespoons    olive oil | 2 large    red onions | 500 g    boneless chicken, diced | 1 1⁄2 tablespoons    paprika | 2 tablespoons    seasoned flour | 1 tablespoon    tomato paste | 125 ml    red wine | 125 ml    chicken stock | 3 tablespoons    plain yogurt | 125 g    butter, softened | 315 g    sour cream | 1 egg | 185 g    self raising flour | 1 tablespoon    parsley, chopped","Lightly saute the onions in 1 Tbsp of the oil until golden. | Meanwhile place the seasoned flour and paprika in a mixing bowl, add the chicken to coat.  Remove the onions from the pan, Add the rest of the oil and saute the chicken for 2 - 3 minutes. | Return onions to the pan, add the tomato paste, wine and stock. | Bring to the boil and simmer for 6 - 7 minutes. | Remove pan from the heat and stir in the yoghurt.  (This can be made in advance and stored in the refrigerator.) CRUST Place the butter, sour cream and egg into a bowl, mix to combine. Stir in the flour and parsley to form a soft dough. | Press the dough into a lightly greased casserole or flan dish, working it well up the sides to a thickness of 12 mm. | Spoon the filling, cover and bake at 180C for 35 minutes. | Uncover and bake for a further 10 minutes or until golden and crusty.",,Chicken Breast
161,Chicken in Pizza Dough,,5.0,,230,2,"1 chicken breast (and any vegetables of your choosing) | 1 egg, beaten | 1 (1/4  ounce) envelope   active dry yeast | 1 teaspoon    sugar | 1 teaspoon    salt | 1 1⁄2 cups    water (105~ to 115 degrees) | 4 cups    all-purpose flour, unsifted","Prepare pizza dough (see recipe following).  While dough rises, prepare baked  chicken and vegetables. | After dough has risen and chicken has finished baking,  turn  dough onto a lightly floured board. | Cut off a small piece of  dough the  size of a tennis ball to use for a top decoration. | Form remaining dough into a  ball and roll out to a 12 x 17-inch  rectangle. Place chicken, breast side down, in the middle  of the dough. | Arrange vegetables around chicken. | Wrap sides  and  ends of dough over chicken. | Turn right side up and place  on a baking sheet.  Brush surface with beaten egg. | Roll out  reserved piece of dough. | Using a cookie cutter, cut out a  design and place on top of dough wrapped chicken. | Brush with  egg. | Bake in pre-  heated 425 degrees oven for 30 minutes, until  golden brown. | To serve, let everyone tear off the bread, then cut up  the chicken. | PIZZA DOUGH: Dissolve yeast, sugar and salt in warm water. | In  large bowl,  combine 2 cups of flour and yeast  mixture; beat with an electric mixer several  minutes. | Stir in enough  additional flour to make a stiff dough. | Turn out on a   floured board and knead 5 minutes until smooth and elastic. Place  dough in a  lightly oiled bowl; turn to coat surface of dough  with oil. | Cover with a damp  cloth and let rise in a warm  place until double in bulk (about 2 hours).",,Chicken Breast
163,Chicken Liver Pate,,0.0,8.0,215,0,"1⁄2 cup    butter | 4 ounces    cream cheese | 1⁄2 lb    chicken liver | 1 onion, small | 2 tablespoons    chicken broth | 2 tablespoons    brandy | 1⁄2 teaspoon    paprika | 1⁄2 teaspoon    salt | 1 dash    cayenne pepper","Bring liver, onions, chicken broth, brandy to boil. | Cook 5 min. | Put in  blender. | Add paprika, salt and cayenne pepper. | Blend on high. | Add butter and cream cheese. Pour in a mold or container. | Let stand covered in refrigerator until  firm about 3 hours. | Serve with crackers or party rye.                    - - - - - - - - - - - - - - - - - -",,Chicken Livers
164,Chicken Liver Pate II,Here is a recipe for using chicken livers Enjoy,5.0,4.0,75,1,"3 chicken livers | 1⁄2 cup    heavy cream | 3 tablespoons    butter | 1⁄2 onion, chopped | 1 clove    garlic | 1⁄2 teaspoon    allspice, ground | 1 bay leaf, crushed | 1⁄2 teaspoon    peppercorn, ground | 2 dried funghi porcini | 2 white mushrooms | 1 tablespoon    madeira wine | 2 tablespoons    cognac | 1 shallot, chopped","Marinate livers in the cognac overnight. Drain Soak dried mushroom in hot water  for 1 hour. | Drain it squeezing out all the liquid Melt 1 tbs butter in a pan Add the livers, onion, mushroom and garlic. Cook until almost all the red has  disappeared. | Add the cream, the funghi,  and the spices and cook to reduce by  half over high heat. Turn off heat, process everything and mix in the butter  while still hot.. | Pour into a mold and refrigerate If you like you may top it  with gelatin",,Chicken Livers
166,Chicken Liver Pate III,,0.0,5.0,858,0,"4 lbs    chicken livers, strictly fresh | 8 ounces    unsalted butter | 2 ounces    onions, finely diced | 1 teaspoon    fine salt | 1 teaspoon    white pepper, finely ground | 3 ounces    brandy | 8 ounces    heavy cream | 8 ounces    bacon, sliced, for lining mold  (optional)","Using a large skillet, sweat the livers in 4 oz of the butter. | After 3 minutes,  add the onion, salt, and pepper. | Cook until the livers are just off-pink. | Set  aside and hold warm. | Line a 2 l/2quart mold with a single layer of the bacon  slices. | Chill the mold. | Puree the liver and onion mixture in a food processor. | Gently warm the remaining butter. | Add to the livers with the brandy and cream. | Mix again to assure uniformity Pour into the well-chilled mold. | Place the mold  in a water bath that reaches to I in. | (2.5 cm) from the top of the mold. | Bake  45-60 minutes at 3250F (1630C) until the pate sets. | Shake the pan gently to  observe the texture. A metal cake tester should come out clean. | The time will  vary depending on the thickness of the mold. | Record the time for future  reference. Remove from the oven and water bath. | Cover and chill for a minimum of 12 hours. | Unmold, plate, and garnish for presentation.",,Chicken Livers
167,Appetizers-Easy Stuffed Mushrooms,"Hi,  Here is a great recipe for Stuffed Mushrooms that is easy to make and is usually goes over well.   You can make these a day ahead and bake before serving.  ",4.6,6.0,42,20,"8 ounces    fresh mushrooms (try to use large mushrooms) | 3 tablespoons    butter | 1⁄4 cup    celery, chopped | 1⁄4 cup    onion, chopped | 1⁄4 cup    dry breadcrumbs | 1 teaspoon    Worcestershire sauce | 1 teaspoon    parsley flakes | 1⁄4 teaspoon    salt | 1⁄8 teaspoon    oregano","Wash and dry the mushrooms. | Remove and chop the stems. | Melt butter in a 12 inch skillet over medium high heat.  Add the mushroom stems, celery and  onion. | Saute until the onion is translucent, stirring occasionally. | Stir in the bread crumbs, Worcestershire Sauce and seasonings. | Mound the stuffing onto the mushroom caps. | Arrange caps on a greased baking sheet.  Bake for 5-7  minutes, or until thoroughly heated. | If you like mushrooms, you will like this!",https://img.sndimg.com/food/image/upload/v1/img/recipes/16/7/pictKxvMg.jpg,< 60 Mins
168,Anzac Biscuits,"These biscuits (cookies in America) are called Anzacs because they were baked by Australian women and sent to their ANZAC soldier sons/husbands serving in Europe and Middle east during WW I. It was more like 2 months before they were received back then, so they certainly do travel well! :-)  ** Please note that 1 Australian Tablespoon =  20 mls whereas in most others countries it = 15 mls.  Anzac Biscuits",4.66667,,25,32,"1 cup    rolled oats (oatmeal in USA) | 1 cup    plain flour | 1⁄2 cup    sugar | 3⁄4 cup    desiccated coconut | 1 tablespoon    golden syrup (can substitute corn syrup, I believe) | 125 g    butter (4 oz) | 1⁄2 teaspoon    bicarbonate of soda (baking soda) | 1 tablespoon    water, boiling","Mix oats, flour, sugar and coconut together. | Melt syrup and butter together. | Mix the bicarb with boiling water and add to butter and syrup mixture.  Add this to dry ingredients. | Place tablespoonsful of the mixture on a greased oven slide (cookie sheet).  Bake at 150 - 160 C (300-325F) for 20 minutes. | Good luck.",https://img.sndimg.com/food/image/upload/v1/img/recipes/16/8/pic2xDQsB.jpg,Oven
169,Ancho Chile Rub,Ancho Chile Rub,0.0,2.0,10,0,1 1⁄2 dried ancho chiles | 1⁄2 tablespoon    mild chili powder | 1 tablespoon    hot chili powder | 1 tablespoon    chimayo chili powder | 1 teaspoon    cayenne pepper | 1 tablespoon    black pepper | 1 tablespoon    salt | 1 1⁄2 teaspoons    chipotle paste,"Combine ancho chiles, mild chili powder, hot chili powder, chimayo chili powder, cayenne pepper, black pepper, salt, and chipotle paste in a large bowl. | Makes about 2 cups.",,Free Of...
175,Cola Roast,,4.14,4.0,195,7,1 teaspoon    salt | 1⁄2 teaspoon    pepper | 1⁄2 teaspoon    garlic powder | 3 tablespoons    vegetable oil | 1 (12   ounce) can   cola | 12 ounces    chili sauce | 2 tablespoons    Worcestershire sauce | 2 tablespoons    hot pepper sauce | 1 roast,"Preheat oven to 325F. | In a small bowl, combine the salt, pepper, and garlic powder; rub over surface of roast.  In a Dutch oven, heat the oil to hot and brown roast on all sides. | Transfer roast to roasting pan. | Combine all the remaining ingredients; pour over roast.  Cover and roast for 2 1/2-3 hours until tender.",,Free Of...
177,Chicken Sate with Peanut Sauce,"We prefer the chicken breasts whole, with the sauce accompanying, but you can cut it into chunks and skewer it if you prefer.  The sauce is SO good that I eat the leftovers with a spoon!  (Also very good on toasted English muffins...)",4.6,6.0,20,11,"6 boneless skinless chicken breast halves | 1⁄4 cup    soy sauce | 2 tablespoons    lime juice | 1⁄2 cup    butter, melted | 1 teaspoon    coriander | 1 small    onion, sliced | 1 tablespoon    olive oil | 1⁄4 teaspoon    cayenne | 1 tablespoon    soy sauce | 1 teaspoon    sugar | 2 cloves    garlic, crushed | 1 cup    dry roasted salted peanut | 1⁄4 teaspoon    ginger, ground | 1⁄2 teaspoon    salt | 2 tablespoons    lime juice","Combine butter, 1/4 cup soy sauce, coriander, and 2 Tbsp lime juice. Marinate chicken in this while you make peanut sauce:  Saute onion and garlic in oil  until tender. | Cool. | Place in blender, add everything else, and blend carefully. | Slowly and carefully add enough boiling water to form a thick paste.  Now, broil chicken until done, basting with marinade.  Serve with peanut sauce.",,Chicken Breast
178,Coconut Crunch Beans,Garden-fresh beans receive an exotic twist with a lightly spiced crunchy coconut and sesame seed topping.,4.0,4.0,2893,1,"1 tablespoon    sesame seeds | 4 teaspoons    butter | 1⁄2 cup    unsweetened coconut, flaked | 1⁄4 teaspoon    chili powder | 1⁄4 teaspoon    turmeric | 1⁄4 teaspoon    salt | 1 lb    green beans, trimmed","In nonstick skillet, cook sesame seeds, stirring, over medium heat for 2 minutes or until slightly golden. | Stir in half of the butter until melted. | Stir in coconut, chili powder, turmeric and salt; cook, stirring, for 1 minute or until coconut turns deep golden. | (Coconut mixture can be stored in airtight container at room temperature for up to 24 hours.) In large pot of boiling salted water, cook beans for 3 minutes; drain well. | (Beans can be prepared to this point, chilled under cold water, drained and refrigerated in towel-lined airtight container for up to 24 hours.) In nonstick skillet, melt remaining butter over medium heat; cook beans for about 3 minutes or until tender-crisp. | Toss with coconut topping.",,Coconut
180,Chocolate Pound Cake,I am resending this recipe.  This is the corrected version!  I really made a  goof up on the original.  Sorry about the mistake I've made.,4.4,1.0,196,5,"3 tablespoons    unsweetened dutch cocoa | 1 1⁄2 teaspoons    unsweetened dutch cocoa | 3 tablespoons    boiling water | 1 1⁄2 teaspoons    vanilla | 3 large    eggs | 1 1⁄4 cups    cake flour, sifted | 3⁄4 cup    sugar | 2 tablespoons    sugar | 3⁄4 teaspoon    baking powder | 1⁄4 teaspoon    salt | 13 tablespoons    unsalted butter, softened","Preheat oven to 350°F. | Use a 8 x 4 x 2 1/2"" loaf pan, (4 cups) or any 6 cup loaf  pan or fluted tube pan, greased and floured. | In a medium mixing bowl whisk  together the cocoa and water until smooth. | Allow to cool to room temperature  and lightly whisk in the vanilla and eggs. | In a large mixing bowl combine the  remaining dry ingredients and mix on low speed for 30 seconds to blend. | Add 1/2  the chocolate mixture and the butter. | Mix on low speed until the dry  ingredients are moistened. | Increase to medium speed and beat for 1 minute to  develop the cake's structure.  Scrape down the sides. | Gradually add the  remaining chocolate mixture in 2 batches, beating 20 seconds after each addition to incorporate the ingredients and strengthen the structure.  Scrape down the  sides. | Scrape the batter into the prepared pan and smooth the surface with a  spatula. | The batter will be almost 1/2 inch from the top of a 4-cup pan. | (if your  pan is slightly smaller, use any excess batter for cupcakes.)  Bake for 50 to 60 minutes, (40 to 50 minutes in a fluted tube pan) or until a wooden toothpick  inserted in the center comes out clean. | Place loosely with buttered foil over  the cake after 20 minutes to prevent over browning. | The cake should start to  shrink away from the sides of the pan only after removal from the oven. | Let the cake cool in the pan on a rack for 10 minutes. | Loosen the sides with a metal  spatula and invert onto a greased wire rack. | If baked in a loaf pan, to keep  the bottom from splitting, reinvert so that the top is up and cool completely  before wrapping airtight. | TOPPING:  This is for extra moistness and gives a subtle coffee accent. | In a  small pan, stir together 1/4 cup water and 2 Tbsp sugar. | Bring to a full rolling boil. | Cover and remove from heat.  When cool, add 1 tbsp Kahlua. | When cake is baked, brush half the syrup onto the top. | Cool the cake 10 minutes and invert it onto a lightly greased rack. | Brush the bottom and sides with remaining syrup. | Reinvert onto rack, top side up, to finish cooling.",https://img.sndimg.com/food/image/upload/v1/img/recipes/18/0/picecIIb4.jpg,Dessert
183,"Chicken, Mozzarella & Pepper Tarts",,5.0,24.0,55,1,"1 lb    chicken, ground | 1⁄4 cup    onion, finely chopped | 1⁄3 cup    sweet red pepper, minced | 2 tablespoons    sun-dried tomatoes, soaked and finely chopped | 2 teaspoons    dried basil | 2 cups    mozzarella cheese, finely grated | 24 prepared tart shells","Preheat oven to 350 F. | In a non-stick skillet, stir cook the chicken just until it turns white. Add the onion, pepper, tomatoes and basil. | Continue to stir cook until the onions are tender. | Remove from the heat and let cool. | Stir the Mozzarella into the cooled chicken mixture then fill the tart shells. | Bake in the oven for 20-25 minutes or until the pastry is golden brown and the filling is bubbly.",,Poultry
186,Coca-Cola Cake,-,4.78,8.0,95,9,"2 cups    flour | 2 cups    sugar | 1 teaspoon    salt | 2 tablespoons    cocoa | 1 teaspoon    baking soda | 1 cup    margarine | 1 cup    Coca-Cola | 1⁄2 cup    buttermilk | 1 1⁄2 cups    miniature marshmallows | 2 eggs, beaten | 1⁄2 cup    margarine | 6 tablespoons    Coca-Cola | 1 cup   chopped nuts | 1 tablespoon    cocoa | 1 box    confectioners' sugar | 1 teaspoon    vanilla","Combine flour, sugar, salt, cocoa and baking soda. | In small saucepan, bring butter and Coca-cola to a boil. | Add dry ingredients to mixture and then add buttermilk, eggs, and marshmallows. | (batter will be thin). Bake in 9x12 inch baking pan at 350 degrees for about 45 to 60 minutes or until tooth pick comes out clean. | Topping for coca-cola cake: Combine butter cocoa and coke in a small saucepan and bring to a boil. | Pour over sugar and mix well. | Add nuts an vanilla. | Pour over cake while still hot.",https://img.sndimg.com/food/image/upload/v1/img/recipes/18/6/01478391864.jpeg,Dessert
193,Chinese Chicken,Yummy!,4.33,6.0,115,3,"3 lbs    chicken | 4 tablespoons    tomato sauce | 2 tablespoons    soy sauce | 1 tablespoon    dry sherry | 1 tablespoon    white vinegar | 1⁄3 teaspoon    chili powder | 1 clove    garlic, crushed | 1 piece    green ginger, grated  (1-inch)","Wash and dry chicken. | Combine the rest of the ingredients together and mix well. | Add the chicken, coat well with the marinade.  Allow to stand several hours or overnight in refrigerator. | Place chicken in a baking dish and pour over marinade.  Cover dish with foil. | Bake in a moderate oven 1 1/2 hours, remove foil, bake a further 30 minutes, brushing frequently with marinade.",,Whole Chicken
197,Civil War Cake,"Someone was looking for a cake that didn't have any milk in it.  Well I found this one of my mothers. It is got to be over 67 years old. It is really good it tastes like a spice cake.    Civil War Cake   (or-Eggless, Butterless, Milkless Cake)",5.0,8.0,83,2,1 lb    raisins | 2 cups    water | 2 cups    sugar (1 white & 1 brown) | 1 cup    shortening | 4 1⁄2 cups    cake flour | 1 teaspoon    salt | 2 teaspoons    cinnamon | 2 teaspoons    baking soda | 1⁄8 teaspoon    nutmeg | 1 teaspoon    clove | 1 cup    nuts (optional),"Combine raisins, sugar, 1 cup of water, shortening, salt & spices in a saucepan. | Bring to a boil, simmer 3 minutes, stirring occasionally, then cool till  lukewarm, then add the other cp of water. | Dissolve soda in 2 teas. | of water, set aside.  Stir sifted & measured flour into raisin mixture & beat until smooth. | Add dissolved soda last. Pur into greased floured 13x9 [am & bale 50-55 min. | at  350 degrees. | It may also be cooked in a tube pan. | Serve with whipped cream or caramel frosting. | Combine 3/4 cup of brown sugar 1/2 cup of water 1/2 tsp salt in a saucepan. | Cook 6 min. | stirring often. | Cool to lukewarm and stir in 3 Tbsp. | of butter. | Then gradually stir in 21/4 cups of sifted confectionery sugar, beating until smooth. | Stir in 1 teas. | vanilla and spread on cake. You will be surprised how good it taste with such little ingredients.",,Dessert
201,Citrus Baked Halibut,Citrus Baked Halibut,4.5,2.0,75,4,"2 lbs    halibut steaks, 3/4 | 2 tablespoons    butter | 1 medium    onion, finely chopped | 4 garlic cloves, minced | 1⁄4 cup    fresh parsley, chopped | 1 teaspoon    orange rind, grated | 1⁄2 teaspoon    salt | 1⁄4 teaspoon    black pepper | 1⁄2 cup    frozen concentrated orange juice | 2 tablespoons    fresh lemon juice","Rinse halibut in cold water and dry using paper toweling. | Arrange  halibut in a 9"" x 13"" oven-proof baking dish. | Preheat oven to 400 degrees Fahrenheit. | In a frying pan, add butter, onion and garlic. Saute until translucent. | Remove from heat; stir in parsley, orange rind, salt and pepper. | Spread mixture over  halibut steaks. | In a small bowl, mix together orange juice and lemon juice. | Sprinkle juice over steaks, but be careful not to wash away the onion/garlic  mixture. | Bake fish in preheated 400 degree Fahrenheit oven for 20 to 22 minutes, turning over  at about 10 minutes of cooking time. | Continue cooking until time expires or until fish flakes easily with a fork. | DO NOT OVERCOOK FISH. | Spoon hot juices  over fish. | Serve at once. | Prepare and arrange fish and onion/garlic as above. | Reduce orange juice by 2 tablespoons. | Cover fish with a clear plastic wrap vented. | Cook on HIGH (full power) for 4 minutes. | Turn fish over and cook for an additional 3 to 4 minutes on HIGH (full power) or until fish flakes easily with  a fork. | Spoon juices over fish and serve at once. | If desired, serve with Tartar Sauce.",,Halibut
204,Chinese Meatballs,"Don't let the long instructions fool you.    This isn't hard, and it's very, very good! ",5.0,6.0,108,7,"1 lb    lean pork, ground | 1⁄4 lb    shrimp, minced | 1⁄4 cup    water chestnut, minced | 1 teaspoon    fresh gingerroot, minced | 1 whole    green onion, minced | 3 tablespoons    soy sauce, TOTAL | 1 tablespoon    white wine | 1⁄2 teaspoon    salt | 1 teaspoon    sugar, TOTAL | 3 tablespoons    cornstarch, TOTAL | 1 egg, lightly beaten | 2 tablespoons    oil | 1 1⁄2 cups    chicken broth | 1 napa cabbage | 1 teaspoon    sesame oil","Combine pork, shrimp, water chestnuts, ginger, green onion, 1 Tbsp soy sauce, wine, salt, 1/2 tsp sugar, 1 Tbsp cornstarch, and egg. | Make twelve meatballs. | Heat oil in wok. | Add meatballs; cook 6-8 minutes, until browned, stirring occasionally. | Transfer meatballs to 5-qt saucepan; discard drippings. | Add chicken broth, 2 Tbsp soy sauce and 1/2 tsp sugar. | Bring to a boil. | Reduce heat to low, cover, and simmer 30 minutes. | Meanwhile, core cabbage.  Cut base of leaves into 2"" squares. | Cut leafy tops in half. | Place over meatballs; cover and simmer 10 minutes more.  Transfer meatballs and cabbage to serving platter. | Blend 2 Tbsp cornstarch and 3 Tbsp water, and stir into pan juices cooking until slightly thickened. | Add sesame oil and serve over meatballs.",,Pork
206,Chocolate Almond Scones,This is an adopted recipe. I will post an introduction after I make it.,5.0,12.0,50,1,"3 1⁄2 cups    all-purpose flour | 5 teaspoons    baking powder | 2 tablespoons    sugar | 1 teaspoon    salt | 4 ounces    butter, cold | 3 eggs, divided | 2 teaspoons    almond extract | 3⁄4 cup    cream | 1 cup    chocolate chips | 1⁄2 cup    almonds, sliced, toasted","Preheat oven to 425 degrees Fahrenheit. | Combine flour, baking  powder, sugar and salt. | Cut in  butter until it resembles course meal. | Add 2  eggs (1 egg is reserved for later use), almond extract and cream. | Stir until  soft dough forms; mix in chocolate  chips and toasted almonds. | Pat out dough until 3/4  inch thick. | Cut into diamond shape; brush  with reserved egg. | Place on baking  pan coated with cooking spray. | Bake for 10  minutes until lightly browned. | Serve warm.",,Scones
208,Chunky Tomato Cheese Pie,Chunky Tomato Cheese Pie,5.0,6.0,75,2,"5 tomatoes, divided | 9 inches    pastry shells | 2 cups    cheddar cheese cubes | 1⁄2 cup    Italian style breadcrumbs | 2 tablespoons    all-purpose flour | 1 tablespoon    sugar | 2 teaspoons    salt | 1⁄2 cup    cheddar cheese, in thin strips","Preheat oven to 375 degrees Fahrenheit. | Cut 4 of tomatoes into cubes; slice remaining tomato. | On a lightly floured surface roll out pastry; fit into a 9-inch pie pan; flute edges. | In a large bowl combine tomato cubes, cheese cubes, bread crumbs, flour, sugar and salt. Toss until well blended. | Spoon into pie shell. | Bake 30 minutes until cheese cubes melt and tomato cubes are soft. | Remove from oven and garnish with tomato slices. | Add cheese strips. | Return to oven. | Bake 10 minutes longer or until cheese is melted and tomatoes are soft.  Cut into wedges and serve.",,Cheese
209,Chocolate Bread and Butter Pudding,"I copied this out of a  magazine yesterday while at the hairdresser, being made more beautiful (Grin)",3.0,4.0,75,1,"6 slices    bread, toasted | 50 g    butter | 1⁄3 cup    chocolate chips | 2 eggs | 2 cups    milk | 1⁄4 cup    sugar | 1⁄4 cup    sherry wine | 1 teaspoon    vanilla","Cut crusts from bread. | Butter and bread, cut into triangles and layer with chocolate in a ovenproof dish. | Beat eggs, milk, sugar, sherry and vanilla together and pour over the bread. | Leave to stand for 15 minutes to fully absorb liquid. | Heat oven to 160 C. | Bake for 30 minutes until golden and set.  Dust with icing sugar to serve. Hope it tastes good.",,Dessert
210,Christmas Snow Punch,Here is a punch recipe that we used at my in-laws 50th Anniversary open house.  CHRISTMAS SNOW PUNCH,4.78,32.0,15,9,"1 (46   ounce) can   Hi-C Hula Punch, thoroughly chilled | 2 pints    vanilla ice cream, softened | 2 cups    Sprite, chilled","In punch bowl, combine Hi-C Hula Punch, Sprite and ice cream. | Stir until well  blended and chill. | From: Spartan Holiday Cookbook Robin",,Punch
211,Christmas Cranberry Salad,yum,4.85,8.0,485,28,"2 cups    cranberries, chopped | 3 cups    miniature marshmallows | 3⁄4 cup    sugar | 2 cups    apples, chopped and unpeeled | 1⁄2 cup    seedless grapes | 1⁄2 cup    walnuts, chopped  (I used pecans) | 1⁄4 teaspoon    salt | 1 cup    whipping cream, whipped","Cover marshmallows and cranberries with sugar; chill overnight. | Add apples, grapes, walnuts, salt and whipping cream. | Chill until ready to serve.",https://img.sndimg.com/food/image/upload/v1/img/recipes/21/1/ZDQGnHD7T6y1qbcy5HxK_DSC_0665.JPG,Low Protein
212,Chocolate Caramels,Chocolate Caramels,5.0,20.0,30,1,"3 unsweetened chocolate squares, chopped | 2 cups    sugar | 1 cup    brown sugar | 1⁄8 teaspoon    salt | 1 cup    corn syrup | 1 cup    heavy cream | 1 tablespoon    vanilla | 1⁄2 cup    butter | 2 cups    nuts, chopped","In a sauce pan over medim heat, add chopped chocolate, sugar, salt, syrup and cream. | Cover and boil 5 minutes. | Uncover. | Boil slowly, stirring constantly,  to firm ball stage (248 degrees Fahrenheit). | Remove from heat. | Add flavoring and stir until  well blended. | Pour quickly over nuts which have been placed in well-buttered  pan. | Allow to cool; cut into squares.",,Broil
213,Chocolatey Raisin Chip Cookies,,4.0,60.0,57,1,"1 cup    brown sugar, packed | 1⁄2 cup    sugar | 1⁄2 cup    canola oil | 2 teaspoons    vanilla | 3 egg whites | 1⁄4 cup    water | 2 1⁄4 cups    flour | 1⁄4 cup    nonfat dry milk powder | 1 teaspoon    baking soda | 3 tablespoons    unsweetened cocoa powder | 4 ounces    semi-sweet chocolate chips | 1 1⁄2 cups    raisins | 1⁄2 cup    walnuts","Preheat oven to 375F. | Combine sugars and oil; mix thoroughly. | Add vanilla and egg whites; beat well. | Stir in water. | In separate bowl, combine flour, milk, baking soda, and cocoa powder; add to wet ingredients. | Stir in chocolate chips, raisins, and nuts. | Drop by heaping teaspoon onto lightly oiled cookie sheets. | Bake 10 to 12 minutes. | Remove from sheets immediately; cool on racks. | Makes about 60 cookies.",,Drop Cookies
217,Chocolate Chip Cheesecake Dip,"Dippers: Graham Crackers, Honeydew Melon, Strawberries, Peaches, Dried Fruit, Pound Cake Cubes.",4.5,,55,2,"1⁄2 cup    raisins | 1 tablespoon    brandy | 2 cups    cream cheese, softened | 1⁄2 cup    whipping cream | 1⁄2 teaspoon    vanilla extract | 1⁄4 cup    dark brown sugar | 1 teaspoon    cinnamon | 1⁄2 cup    miniature chocolate chip","Mix the raisins and brandy until raisins are coated and soak for 15 minutes. | In another bowl, beat the cream cheese and whipping cream until well  blended and smooth. | Add the vanilla, mixing well. | Blend in the brown sugar and cinnamon. | Mix in the drunken raisins and chocolate chips, blending well. | Garnish with a light dusting of cinnamon. | Serve at room temperature. | About 3 -3/4 cups dip.",,Dessert
218,Chocolate Chip Cookie Pizza,"Originally from ""Family Circle"" magazine.",0.0,12.0,40,0,"1 (18   ounce) package   refrigerated chocolate chip cookie dough | 1⁄2 cup    raspberry preserves | 1⁄4 cup    M&M', plain chocolate candy | 2 tablespoons    peanuts, chopped | 2 tablespoons    coconut, shredded","Preheat oven to 350 degrees Fahrenheit. | Coat a nonstick 12"" pizza pan with non-stick cooking  spray. | Spread cookie dough out evenly in prepared pan, pressing with fingers to  flatten. | Bake for 17 minutes or until cookie dough is lightly browned. | Let cookie pizza cool completely in pizza pan on a wire rack. | Spread raspberry preserves evenly over cookie pizza to within 1"" of edge. | Sprinkle chocolate candy, peanuts and coconut evenly over the preserves. | Cut into 12 pizza-shaped  slices.",,Dessert
220,Chocolate Zucchini Bread,,4.8,2.0,85,173,"3 eggs | 1 cup    vegetable oil | 2 cups    sugar | 1 tablespoon    vanilla extract | 2 cups    zucchini, peeled, shredded  (about 1 medium) | 2 1⁄2 cups    all-purpose flour | 1⁄2 cup    baking cocoa | 1 teaspoon    salt | 1 teaspoon    baking soda | 1 teaspoon    cinnamon, ground | 1⁄4 teaspoon    baking powder","In a mixing bowl, beat eggs, oil, sugar and vanilla. | Stir in zucchini. | Combine dry ingredients; add to zucchini mixture and mix well. | Pour into two greased 8x4x3-inch loaf pans. | Bake at 350°F for 1 hour or until bread tests done.  Makes 2 loaves.",https://img.sndimg.com/food/image/upload/v1/img/recipes/22/0/V4O52EGNQlCwno2EDOa4_zucchinnibread3%20(1%20of%201).jpg,Quick Breads
221,Chocolate Chip Muffins,When I find my bananas getting too ripe I freeze them for later use.  Just thaw them in the microwave when you want to use.  Here is a recipe for chocolate chip muffins that uses one banana. They even taste healthy :-),4.56,12.0,95,9,"1 3⁄4 cups    all-purpose flour | 1⁄2 cup    whole wheat flour | 2 1⁄2 teaspoons    baking powder | 1 banana, mashed and ripe  (approximately 1/2 cup) | 1⁄2 cup    brown sugar, packed | 2 eggs | 1 cup    milk | 1⁄3 cup    butter, melted | 1 cup    chocolate chips","Preheat oven to 400 degrees Fahrenheit. | Butter 12 large muffin pans well or line with  paper muffin cups. | Sift together all-purpose flour, whole wheat flour, and baking powder. Reserve. | Combine mashed banana with brown sugar until smooth. | Beat in eggs, milk and melted butter. | Stir in dry ingredients only until blended. | Quickly stir in chocolate chips. Do not overbeat. | Spoon mixture into prepared muffin cups. An ice cream scoop  works  well for this. | Bake 25 minutes or until browned slightly. | Cool on  racks. | Preparation time 15 minutes, Cooking Time 25 minutes, Yield 12 large muffins. | RJ's Note: Tested recipe August 31, 1999. | I substituted 1/3 cup canola oil instead of butter. | The banana and chocolate chips give the muffin a nice flavour and it is not overly sweet.  Tastes almost healthy :-).",https://img.sndimg.com/food/image/upload/v1/img/recipes/22/1/picmE4uiZ.jpg,Quick Breads
222,Chocolate Triumph of Gluttony Cake,"Recipe Courtesy of Nick Malgeri, Director Baking Program,  Peter Kumps Cooking School  PAN DI SPAGNA",0.0,1.0,183,0,"4 large    eggs, separated | 1 teaspoon    vanilla extract | 3⁄4 cup    sugar, divided | 1⁄2 cup    unbleached all-purpose flour | 1⁄2 cup    cornstarch | 1 pinch    salt | 1 1⁄4 cups   cream 1 pound semisweet chocolate | 1⁄2 cup    unsalted butter | 2 tablespoons    maraschino cherries | 2 cups    unsalted shelled pistachios, confectioners' sugar for finishing | 1⁄3 cup    sugar | 1⁄3 cup    water | 3 tablespoons    maraschino cherry juice","In a medium mixing bowl, whisk the yolks with the vanilla extract.  Whisk in half the sugar and continue to beat until very light and  frothy, about 5 minutes. | Combine the flour and cornstarch and sift  once to aerate. In a clean, dry bowl, beat the egg whites with the  salt until they hold a very soft peak. | Beating faster, add the  remaining sugar in a very slow stream, beating until the egg whites  hold a firm peak. | Fold the yolks into the whites. | Sift the flour and  cornstarch over the eggs in 3 additions, folding them in gradually. | Do not over-mix the batter. | Pour the batter into a buttered and  paper-lined 9- or 10-inch round pan, 2-inches deep and smooth the  top. | Bake the Pan di Spagna at 350 degrees, 30 to 40 minutes,  until it is well risen and feels firm when pressed gently with the  palm of the hand. | Immediately loosen the layer from the side of the  pan with a small knife or spatula. | Invert the layer and leave the  paper stuck to it. Turn the layer right side up and cool it on a rack. | Double-wrap the layer in plastic and keep it in the refrigerator up to  5 days or freeze it. Variations: Flavor the batter with a grated  orange or lemon zest or a tablespoon of Anisette. | For the chocolate filling, bring the cream to a boil and remove the  heat. | Add finely cut chocolate, stir once and let stand for 3  minutes. | Whisk smooth, pour into a bowl and cool until set, several  hours at a cool room temperature. | Set aside. | For the syrup, bring  sugar and water to a boil in a small pan. | Cool and stir in  Maraschino. | For the pistachios, place in a pan and cover with  water. | Bring to a boil, drain and rub in a towel to loosen skins. | Go over pistachios to separate from skins. | Place pistachios on a jelly  roll pan and dry out at 325 degrees about 5 minutes. | Cool and  chop coarsely. | To prepare the layers, cut the Pan di Spagna into 5  thin horizontal slices. | Reserve 2 of the slices, then cut the other  slices into smaller disks, each 1-inch smaller in diameter then the  reserved 2, to make a 9, 8-, and 7-inch disk. | Reserve scraps. | To  finish the filling, beat the butter by machine until soft and light, then  beat in the cooled chocolate mixture all at once. Beat again until  light, then beat in the Maraschino. | Stir in half of the chopped  pistachios. | To assemble, place one of the 10-inch layers on a  platter or cardboard and moisten with the syrup. | Spread the filling. | Continue with the remaining layers. | After spreading the 7-inch layer  with the filling, form a 6-inch layer with the scraps on top of it. | Moisten the 6-inch layer and spread the entire outside of the cake  with the filling. | Cut a slash from the center to the edge of the  reserved 10-inch layer and cover the entire outside of the cake with  it. | Moisten with the remaining syrup and spread with the remaining  filling. | Press the reserved pistachios all over the outside of the  cake. | Dust lightly with the confectioners' sugar.",,Dessert
223,Chocolate Chip Squares,Chocolate Chip Squares,3.0,12.0,65,2,1 cup    butter | 1⁄2 cup    brown sugar | 1 1⁄2 cups    flour | 1 teaspoon    baking powder | 1 teaspoon    vanilla | 1 tablespoon    milk | 2 egg yolks | 1 (11 1/2  ounce) package   chocolate chips | 2 egg whites | 1 cup    brown sugar,"Mix the butter, brown sugar, flour, baking powder, vanilla, milk, and egg yolks together until it forms a stiff dough. | Press dough into the bottom of a 9 X 9 inch pan. | Sprinkle chocolate chips over dough. | Make a meringue by whipping together the egg whites and brown sugar. | Pour meringue over dough and chocolate chips. | Bake at 350 degrees Fahrenheit for about 30 minutes. | NOTES : I usually cut down on the brown sugar in the meringue by about 1/4 of a cup. The squares are rich enough that they don't miss it. I also use margarine instead of butter.",,Bars
225,Chocolate Chip Shortbread,Chocolate Chip Shortbread,3.0,36.0,43,1,"1 cup    unsalted butter, softened | 1⁄2 cup    powdered sugar | 1 teaspoon    vanilla | 2 cups    all-purpose flour | 1 cup    semisweet mini chocolate chips, divided | 1 1⁄2 teaspoons    oil","Cream butter, sugar, and vanilla until blended. | On low speed, beat in flour. | Stir in 1/2 cup chocolate chips. | Cover and chill until firm, but not too firm. | Shape heaping tablespoonfuls into 3"" long x 1/2"" thick logs. | Place cookies on lightly greased cookie sheets. | Bake in 350 degree Fahreneheit oven for 8 minutes or until golden brown. | Cool. | Melt remaining 1/2 cup chocolate chips and oil. | Dip 3/4"" of one end of  each cookie into the melted chocolate. | Place cookies on a wire rack to set.",,Cookie and Brownie
226,Chocolate Chunk and Walnut Brownies,Chocolate Chunk and Walnut Brownies,3.67,24.0,470,3,"1 1⁄4 cups    all-purpose flour | 1⁄4 teaspoon    baking soda | 1⁄8 teaspoon    salt | 14 ounces    semisweet chocolate, finely chopped | 1 cup    granulated sugar | 9 tablespoons    unsalted butter, cut in small pieces | 1⁄4 cup    light corn syrup | 1⁄4 cup    water | 3 large    eggs, chilled, divided | 1 tablespoon    vanilla extract | 1 1⁄2 cups    walnuts, coarsely chopped | 9 ounces    swiss dark chocolate, chopped","Preheat oven to 325 degrees Fahrenheit. | Line a 13 by 9-1/2 inch baking pan with two layers of aluminum foil, allowing an overhang on each end. Grease the foil with butter. | Stir together the flour, baking soda, baking powder and salt. | Place the chopped semi-sweet chocolate in a larger bowl. | In a saucepan, heat the granulated sugar, unsalted butter, corn syrup and water until the butter melts and the sugar is dissolved. | Remove the pan from the heat once it reaches a boil. | Pour the hot syrup over the semi-sweet chocolate, allowing it to stand momentarily. Stir until smooth. | Whisk the eggs in one at  a time. | Whisk in the vanilla and the flour mixture until smooth. | Fold in the walnuts and the chopped Swiss chocolate. | Scrape the batter into the prepared pan. | Bake for 50 minutes to 1 hour, or until a cake tester comes out clean. | Cool the brownies in the pan on a wire rack for at least 6 hours. | Carefully invert the brownies onto a large cutting board or platter and peel off the foil. | Invert the brownies again and cut into 24 squares.",,Bars
227,Chocolate Pudding,Chocolate Pudding,4.2,1.0,25,5,2 1⁄2 cups    instant nonfat dry milk powder | 5 cups    sugar | 3 cups    cornstarch | 1 teaspoon    salt | 2 1⁄2 cups    unsweetened cocoa | 2⁄3 cup    chocolate pudding mix | 2 cups    milk | 1 teaspoon    vanilla | 1 tablespoon    butter,"Mix the dry milk powder, sugar, cornstarch, salt, and cocoa together until well blended. | It can be stored in a big airtight container or glass jar until you need it. | To use, stir mix before using to redistribute ingredients. | Measure out 2/3 cup of the pudding mix into a medium saucepan. | Add milk, vanilla and butter and cook over low heat, stirring constantly until mixture comes to a boil. | Continue cooking and stirring for another minute. | Remove from heat and let cool.",https://img.sndimg.com/food/image/upload/v1/img/recipes/22/7/picUibSRC.jpg,Dessert
229,Chocolate Pudding II,,4.33,6.0,25,6,"1 cup    sugar | 1⁄4 cup    cornstarch | 1⁄2 teaspoon    salt | 2 1⁄2 cups    milk | 3 egg yolks, well beaten | 2 ounces    baking chocolate | 1 tablespoon    butter | 1 teaspoon    vanilla","Combine sugar, cornstarch, and salt in medium saucepan; gradually stir in milk  and egg yolks. | Add baking chocolate, broken into pieces; cook and stir over  medium heat until mixture boils. | Boil and stir for 1 minute; remove from heat.  Add butter and vanilla; pour into individual serving dishes. | Chill. | Serve with whipped cream.",https://img.sndimg.com/food/image/upload/v1/img/recipes/22/9/picKWjzxr.jpg,Dessert
230,Fudgy Chocolate Crinkle Cookies,yum,4.85,48.0,22,13,"1⁄2 cup    vegetable oil | 4 ounces    unsweetened chocolate, melted | 2 cups    sugar | 4 eggs | 2 teaspoons    vanilla | 1⁄2 teaspoon    salt | 2 cups    flour | 2 teaspoons    baking powder | 1 cup    powdered sugar","Mix oil, chocolate, sugar; blend in eggs. | Add vanilla, salt, baking powder and flour. | Cover and chill several hours or overnight. | Preheat oven to 350F and grease your cookie sheets. | Roll 1 tbsp dough into a ball and roll around in powdered sugar to coat. | Place on greased cookie sheet and bake for 10 to 12  minutes. | Remove from baking sheet and cool.",https://img.sndimg.com/food/image/upload/v1/img/recipes/23/0/picnPKYOC.jpg,Dessert
231,Chocolate Cream Puffs,,5.0,12.0,130,3,"1 cup    water | 1⁄2 cup    unsalted butter | 2 tablespoons    sugar | 1⁄4 teaspoon    salt | 1 cup    flour | 1 tablespoon    unsweetened cocoa powder | 5 eggs | 1 quart    ice cream, choice","Combine water, butter, sugar and salt in a medium size saucepan. | Place over  medium low heat to melt butter. | Add flour and cocoa powder all at once; stir  vigorously until mixture pulls away from side of pan. | Remove from heat. Heat  oven to 400. | Lightly coat baking sheet with cooking spray. | With the saucepan  off heat, add eggs one at a time, to batter in saucepan, beating well after each addition. | With a 1/4 cup drop mixture onto baking sheet, spacing 2"" apart. Bake for 40 minutes until puffed and firm. | Cool slightly. | Cut off top third of each puff; scoop out soft center from bases. | Cool bases and top on wire rack. | Fill  puffs with ice cream of your choice; cover with tops. | Freeze on baking sheets  until firm. | Transfer to an airtight container. | Freeze for up to 1 week. | Place puff on plates. | Let stand 15 minutes. | Top with sauce of your choice.",,Dessert
234,Chocolate Cream Cheese Pie,Easy chocolate pie.,5.0,8.0,20,2,1 German chocolate square | 1⁄3 cup    milk | 3 ounces    cream cheese | 3 tablespoons    sugar | 1 (8   ounce) carton   Cool Whip | 1 prepared graham cracker pie crust,"Melt chocolate bar in milk over low heat. | Cream together cream cheese and sugar. Add chocolate, then fold in cool whip. | Put into pie crust. | Freeze.",,Pie
240,Chicken Fried Brown Rice,Chicken Fried Brown Rice,4.5,4.0,16,9,"2 tablespoons    vegetable oil, divided | 8 ounces    boneless skinless chicken breasts, sliced into strips | 1⁄2 large    sweet red pepper, chopped | 1⁄2 cup    green onion, chopped | 3 cups    cooked brown rice | 2 tablespoons    light soy sauce | 1 tablespoon    rice wine vinegar | 1 cup    frozen peas, thawed","Heat large nonstick skillet over medium heat. Add 1 tablespoon oil. | Add chicken, red  pepper, and green onion. | Cook 5 minutes until chicken is cooked through. | Remove  to plate. | Heat remaining tablespoon of oil in skillet. | Add cooked rice; cook 1 minute. | Stir in soy sauce, vinegar, and peas; cook 1 minute. | Stir in chicken and vegetable mixture. | *NOTE: Simmer, covered, 1 cup brown rice in 2-1/2 cups water for 45 minutes.",https://img.sndimg.com/food/image/upload/v1/img/recipes/24/0/picvBXFwb.jpg,< 30 Mins
243,Amber and Zach's Kisses,Amber and Zach's Kisses,4.67,,35,3,3 egg whites | 1 1⁄4 cups    granulated sugar | 1 teaspoon    baking powder | 1 pinch    salt,"Beat egg whites until they are very stiff. | Add the sugar slowly while beating the stiff egg whites. | Drop by teaspoonfuls onto waxed paper lined cookie sheet. | Bake at 275 degrees Fahrenheit for 50 minutes. | Adds a wonderful decoration to anything edible or eat them by themselves. | For a colorful variation, separate into small bowls and add small drops of food coloring to a more colorful decoration. | Experiment with  them. | Use your imagination to make all kinds of food art; flowers, smiley faces, animals, etc.",https://img.sndimg.com/food/image/upload/v1/img/recipes/24/3/picjGKQRO.jpg,Dessert
246,Lee's Hot Crab Dip,Lee's Hot Crab Dip,4.62,8.0,45,65,"1⁄2 lb    crabmeat | 1 (8   ounce) package   cream cheese, softened | 1⁄2 cup    sour cream | 2 tablespoons    mayonnaise | 1 tablespoon    lemon juice | 1 1⁄4 teaspoons    Worcestershire sauce | 1⁄2 teaspoon    dry mustard | 1 pinch    garlic salt | 1 tablespoon    milk | 1⁄4 cup    cheddar cheese, grated, divided","Remove cartilage from crab meat. | In a large bowl, mix cream cheese, sour cream, mayonnaise, lemon juice, Worcestershire sauce, dry mustard, and garlic salt until smooth. | Add enough milk to make mixture creamy. | Stir in 2 tablespoons of the grated cheese. | Fold crab meat into cream cheese mixture. | Pour into greased 1-quart casserole. | Top with remaining cheese and paprika. | Bake at 325 degrees Fahrenheit until mixture is bubbly and browned on top, about 30 minutes.",https://img.sndimg.com/food/image/upload/v1/img/recipes/24/6/picxbWNQR.jpg,Crab
248,Mustard Dill Sauce I,Can be prepared 4 days ahead.,0.0,,30,0,"1⁄2 cup    spicy brown mustard, such as Gulden's | 6 tablespoons    sugar | 1⁄4 cup    distilled white vinegar | 2 teaspoons    dry mustard | 1⁄2 cup    vegetable oil | 6 tablespoons    fresh dill, chopped",Whisk first 4 ingredients in bowl. | Gradually whisk in oil. | Stir in dill. | Cover and chill.,,Low Protein
250,Thai Chicken Curry,Thai Chicken Curry,4.15,4.0,33,13,"1 (14   ounce) can   coconut milk | 3 potatoes, small quartered | 3 tablespoons    nam pla | 1 tablespoon    curry powder | 1⁄4 teaspoon    clove, ground | 1 lb    boneless chicken, cubed","Combine cocnut milk, potatoes, nam pla, curry powder, and cloves. | Simmer 15 minutes. | Add chicken; cover, increase heat and cook until chicken and potatoes are tender, about 8 minutes. | Stir  occasionally. | Serve with rice.",https://img.sndimg.com/food/image/upload/v1/img/recipes/25/0/pico7fh1h.jpg,Chicken Breast
253,Thai Cucumber Salad,Yum.,4.5,2.0,15,2,"1 cup    cucumber, peeled | 1 teaspoon    onion, minced | 1 tablespoon    dried shrimp, pounded | 1⁄2 teaspoon    sugar | 1 tablespoon    nam pla (fish sauce) | 1 lime, juice of | 1 teaspoon    peanuts, crushed | 1⁄4 teaspoon    dried red chili (optional)",Seed and finely chop cucumbers; pat dry. | Mix together with onion and shrimp;  sprinkle with sugar. | Season with nam pla and lime juice. | Sprinkle with peanuts and optional chilies.,,Vegetable
265,Suffolk Trifle (English),"Okay, this isn't my recipe, although I do intend on making it soon.  It's one of the ones I acquired when the elves were clearing out the Recipezaar account.  Please tell me what it's like if you make it.",0.0,4.0,40,0,"4 large    macaroons | 4 tablespoons    white wine | 1 tablespoon    brandy | 1⁄2 pint    single cream | 1 egg | 1 egg yolk | 1 tablespoon    cornflour | 1⁄2 ounce    caster sugar | 3 ounces    raspberry jam | 1 ounce    blanched almond | 1 ounce    candied peel, chopped | 1⁄2 pint    double cream","Put the macaroons in a glass bowl and pour over the wine and brandy. | Leave macaroons to soak, adding extra wine or brandy if they appear   dry. | Pour the single cream into a pan and warm gently until just on   the point of boiling. | Beat together the egg, egg yolk and cornflour   in a bowl, pour on the cream and whisk Iightly. | Return to a clean   saucepan and cook gently, without boiling, until custard has   thickened, stirring continuously. | Stir in the sugar and allow the   custard to cool a little. Pour over the soaked macaroons and set in   a cool place. Carefully smooth the jam over the custard,  then    sprinkle  with  almonds  and candied peel. | Whip the double cream   until it stands in soft peaks and pipe or pile on top of trifle.   Serve decorated with extra blanched almonds and candied peel, if   desired.",,Dessert
270,Spiced Pear Butter,,4.88,5.0,120,9,"6 lbs    pears, peeled cored and chopped (about 16 large)  (ripe) | 3 cups    apple juice | 4 cinnamon sticks, (3-inch) broken into pieces | 2 slices    fresh gingerroot, 1 oz | 12 whole    allspice | 8 whole    cloves | 3 cups    sugar","Combine pears and apple juice in a large Dutch oven. | Tie broken cinnamon  spices, gingerroot, allspice and cloves in a piece of cheese cloth; add  to pear mixture. Bring to a boil; cover, reduce heat, and simmer for 45  minutes to 1 hour or until pears are tender. | Drain pears, and discard  spice bag. | Mash pears or process in food processor until smooth. | Return  pear puree to Dutch oven, and add sugar. | Cook, uncovered, over medium  heat for 30 to 40 minutes or until mixture thickens, stirring frequently. | Remove from heat, and quickly pour hot pear mixture into hot sterilized  jars, leaving 1/4-inch headspace; wipe jar rims. | Cover at once with  metal lids, and screw on bands. | Process in boiling water bath for 5  minutes.",,Pears
271,Lemon Curried Lamb Chops,"Quick, easy and tasty",4.86667,4.0,140,15,4 lamb chops | 1⁄3 cup    lemon juice | 1 teaspoon    salt | 3 teaspoons    curry powder | 1⁄4 teaspoon    sugar | 1 1⁄2 ounces    butter,"Combine lemon juice, curry powder, salt and sugar. | Brush mixture over the chops and let stand for 2 hours to absorb the flavors. | Heat the  butter in a frying pan, cook until golden brown on both sides.",https://img.sndimg.com/food/image/upload/v1/img/recipes/27/1/picJ4N9BR.jpg,Lamb/Sheep
272,Lemon Mint Lamb Chops,"Quick, easy and tasty.",4.67,4.0,25,3,"8 lamb chops | 2 ounces    butter | 1 small    onion, finely chopped | 1 lemon, rind, grated  (1 teaspoon) | 2 teaspoons    lemon juice | 1⁄2 teaspoon    sugar | 2 teaspoons    mint, chopped","Grill chops until tender. | Melt butter in pan; add finely chopped onion, saute until tender. | Add lemon rind, lemon juice, sugar and mint, heat gently. | Spoon over hot chops. | Cheers, Doreen Doreen Randal, Wanganui, New Zealand.",https://img.sndimg.com/food/image/upload/v1/img/recipes/27/2/picdjVM3b.jpg,Lamb/Sheep
