recipe_id,ingredients_clean,attr_301,attr_205,attr_601,attr_208,attr_606,attr_204,attr_605,attr_303,attr_291,attr_306,attr_307,attr_203,attr_269,attr_539,attr_324,attr_299,attr_1001,attr_1006,attr_1002,attr_290,attr_261,attr_260,attr_1003,attr_1004,attr_1005,attr_513,attr_221,attr_511,attr_207,attr_514,attr_454,attr_262,attr_639,attr_322,attr_321,attr_326,attr_421,attr_334,attr_312,attr_507,attr_268,attr_325,attr_610,attr_611,attr_696,attr_612,attr_625,attr_652,attr_697,attr_613,attr_626,attr_673,attr_662,attr_653,attr_687,attr_614,attr_617,attr_674,attr_663,attr_859,attr_618,attr_670,attr_675,attr_669,attr_619,attr_851,attr_685,attr_627,attr_615,attr_628,attr_672,attr_689,attr_852,attr_853,attr_620,attr_855,attr_629,attr_857,attr_624,attr_630,attr_858,attr_631,attr_621,attr_654,attr_671,attr_607,attr_608,attr_609,attr_645,attr_646,attr_693,attr_695,attr_313,attr_417,attr_431,attr_435,attr_432,attr_212,attr_287,attr_515,attr_211,attr_516,attr_512,attr_521,attr_503,attr_213,attr_504,attr_338,attr_337,attr_505,attr_214,attr_506,attr_304,attr_428,attr_315,attr_406,attr_573,attr_578,attr_257,attr_664,attr_676,attr_856,attr_665,attr_666,attr_305,attr_410,attr_508,attr_636,attr_517,attr_319,attr_405,attr_317,attr_518,attr_641,attr_209,attr_638,attr_210,attr_263,attr_404,attr_502,attr_323,attr_341,attr_343,attr_342,attr_501,attr_509,attr_510,attr_318,attr_320,attr_418,attr_415,attr_401,attr_328,attr_430,attr_429,attr_255,attr_309,attr_344,attr_345,attr_346,attr_347
42,"[{""food_id"": 1, ""measure_id"": 6, ""unit_amount"": 46.0}, {""food_id"": 2, ""measure_id"": 13, ""unit_amount"": 4.0}, {""food_id"": 3, ""measure_id"": 48, ""unit_amount"": 1.0}, {""food_id"": 4, ""measure_id"": 51, ""unit_amount"": 2.0}, {""food_id"": 5, ""measure_id"": 75, ""unit_amount"": 1.0}]",358.5033,88.5412,0.0,409.2567,0.491,4.8358,0.0,7.6064,19.2293,4244.4733,3727.1433,18.5723,55.9376,0,0.0,0,0,0,0,0,0,0,0,0,0,0.2692,0.0,0.445,19.1531,0.7564,1.799,0.0,0.0,2851.77,10719.91,0.0,148.7317,0.0,0.7603,0.109,1719.12,0.0,0.0,0.0,0.0,0.0194,0.0,0.014,0.0,0.406,0.0026,0.0,0.0,0.0,0.0,0.0519,0.179,0.0698,0.0,0.0,0.5461,0.0,0.307,0.0,0.0758,0.0698,0.0,0.0,0.0,0.0,0.0,0.0,0.0,0.0,0.0,0.0,0.0,0.0,0.0,0.0,0.0,0.0,0.0,0.0,0.0,0.0,0.0,0.0,0.1816,0.6217,0.0,0.0,107.236,488.0767,0.0,488.0767,488.0767,25.3961,0.4848,1.5987,25.7894,0.1812,0.1291,0.0,0.1928,0.0,0.2708,1425.07,126097.0633,0.2899,0.0318,0.0613,223.2367,0.0,1.8165,11.3621,0,0,0,0.0,0.0,0,0,0,431.5833,1.2737,0.1977,57.54,0.2267,0.0,1.3487,8.9637,0.2545,0.0,1.1297,0.0,4.2603,0.0,1.7132,0.3055,5.7582,0.1474,0.0,0.2791,0.069,0.1189,0.2385,20244.07,1018.6967,0.0,1.6867,1110.4487,0.0,314.2337,0.0,1872.2489,2.6152,0.1892,0.0,0.0,0.0
45,"[{""food_id"": 6, ""measure_id"": 92, ""unit_amount"": 0.75}, {""food_id"": 7, ""measure_id"": 124, ""unit_amount"": 1.0}, {""food_id"": 8, ""measure_id"": 147, ""unit_amount"": 1.0}, {""food_id"": 9, ""measure_id"": 150, ""unit_amount"": 2.0}, {""food_id"": 10, ""measure_id"": 165, ""unit_amount"": 3.0}, {""food_id"": 11, ""measure_id"": 180, ""unit_amount"": 0.25}, {""food_id"": 12, ""measure_id"": 217, ""unit_amount"": 1.0}, {""food_id"": 13, ""measure_id"": 222, ""unit_amount"": 0.5}, {""food_id"": 14, ""measure_id"": 227, ""unit_amount"": 0.5}, {""food_id"": 7, ""measure_id"": 124, ""unit_amount"": 2.0}]",443.0984,300.5524,195.8,1827.2841,12.8749,57.1855,6.3825,11.088,4.5556,1046.1459,1938.5182,33.2329,195.1787,0,43.45,0,0,0,0,0,0,0,0,0,0,1.376,0.0,1.4097,8.8492,2.5463,16.8246,0.0,0.0,0.0,263.7497,1.0,211.1658,4.5,0.5402,0.5618,7646.9488,0.0,0.0592,0.0666,0.0,0.3128,0.0035,0.0057,0.0,7.2011,0.1748,0.122,0.0015,0.0148,0.0081,4.7531,25.8501,13.1377,6.0689,0.0,13.8631,0.0085,11.9186,0.0,1.2738,0.2696,0.0161,0.0,0.0158,0.0849,0.0107,0.0115,0.0005,0.011,0.0961,0.0,0.0,0.0,0.015,0.0004,0.0065,0.0061,0.029,0.0055,0.0004,0.0748,0.0417,0.0284,26.1637,15.3002,0.0294,0.0127,10.3773,218.5844,159.3218,331.0889,60.3967,0.462,0.0462,6.5673,0.8462,0.9516,0.7741,0.0,1.5149,0.0462,2.5778,290.3268,0.0,1.9412,0.0462,0.816,119.0233,0.0,2.3848,7.1754,0,0,0,0.0004,0.0,0,0,0,526.2136,2.2757,1.6319,0.0,2.3189,438.874,1.521,50.7261,1.9518,0.0,19.5552,0.0,159.3306,0.0,0.6322,1.1615,6.2281,0.167,0.7305,2.9284,0.3894,1.2137,1.8731,1911.3893,463.0404,1.086,0.3624,2.5352,1.0,48.9069,0.05,333.9846,2.9012,0.1103,0.6133,0.005,0.0
46,"[{""food_id"": 15, ""measure_id"": 237, ""unit_amount"": 0.5}, {""food_id"": 16, ""measure_id"": 246, ""unit_amount"": 5.0}, {""food_id"": 17, ""measure_id"": 253, ""unit_amount"": 2.0}, {""food_id"": 18, ""measure_id"": 257, ""unit_amount"": 1.0}, {""food_id"": 19, ""measure_id"": 264, ""unit_amount"": 1.0}, {""food_id"": 20, ""measure_id"": 270, ""unit_amount"": 1.0}]",178.453,55.2962,0.0,248.4367,0.3825,1.1541,0.0,3.1574,6.055,1609.5716,26.5302,7.1922,32.1144,0,0.0,0,0,0,0,0,0,0,0,0,0,0.2638,0.0,0.4784,4.1404,0.4583,1.005,0.0,0.0,114.3188,484.4063,0.0,65.7874,267.2063,0.4659,0.0402,1062.6976,0.0,0.0002,0.0004,0.0,0.0509,0.0,0.0,0.0,0.2885,0.0003,0.0002,0.0,0.0001,0.0,0.0517,0.0546,0.0014,0.0,0.0,0.2948,0.0,0.0035,0.0,0.0543,0.0028,0.0,0.0,0.0002,0.0,0.0,0.0,0.0,0.0,0.0,0.0,0.0,0.0,0.0002,0.0,0.0,0.0,0.0,0.0,0.0,0.0002,0.0,0.0,0.0549,0.339,0.0,0.0,13.065,79.9088,0.0,79.9088,79.9088,8.8914,0.0,2.0732,7.7213,0.266,0.1091,0.0,0.2323,0.0,0.3213,281.1813,0.0,0.3165,0.1005,0.0657,138.8531,0.0,0.9552,1.1744,0,0,0,0.0,0.0,0,0,0,264.4371,2.7158,0.2072,141.7,0.1838,0.0,0.3551,3.9268,0.2236,0.0,8.3415,0.0,13.407,0.0,0.2966,0.2106,0.6039,0.1101,0.0006,0.3043,0.0559,0.125,0.2431,1116.6875,53.2875,0.0,0.52,36.7213,0.0,166.0439,0.0,1096.6645,2.1526,0.4031,0.0,0.0,0.0
47,"[{""food_id"": 21, ""measure_id"": 280, ""unit_amount"": 0.75}, {""food_id"": 22, ""measure_id"": 301, ""unit_amount"": 0.5}, {""food_id"": 23, ""measure_id"": 339, ""unit_amount"": 1.0}, {""food_id"": 24, ""measure_id"": 341, ""unit_amount"": 1.0}, {""food_id"": 25, ""measure_id"": 352, ""unit_amount"": 1.0}, {""food_id"": 10, ""measure_id"": 161, ""unit_amount"": 2.0}, {""food_id"": 26, ""measure_id"": 369, ""unit_amount"": 1.0}]",494.1392,356.9525,550.4875,5727.4238,117.4976,471.5044,5.5808,24.2335,50.2948,2314.5783,1133.929,71.6748,120.4782,0,37.06,0,0,0,0,0,0,0,0,0,0,2.8223,1.4754,6.6209,12.2396,5.6739,179.6802,0.0,27.2155,6.46,415.4967,0.918,383.2446,46.4333,5.8631,1.2955,23952.0057,0.0,4.3071,4.4059,0.0,12.6775,0.0041,0.0022,0.0,58.2793,1.7922,1.6361,0.0,0.9621,0.0,25.3669,220.1517,28.9051,5.0769,0.0,99.7905,0.4546,3.6876,0.0,5.0812,0.5363,0.0,0.0,0.5534,1.1238,0.0,0.0,0.0,0.0,0.0745,0.0,0.0019,0.0,0.0065,0.0015,0.0,0.0,0.0194,0.0015,0.0,5.4923,3.4169,2.0275,223.0718,104.9675,5.0769,0.5039,50.1262,588.1302,385.0,858.1302,203.1302,1.2062,0.0119,17.6317,1.4439,3.096,1.8733,0.0,2.6506,0.0119,4.8666,308.0906,0.0,2.1928,0.0119,1.3877,616.8285,0.0,22.1948,20.2476,0,0,0,0.0,0.0,0,0,0,1637.5172,5.8271,3.4179,0.0,4.8909,1205.4475,1.9789,114.3793,3.7437,537.5127,2.0865,13.6078,116.5129,0.0,4.9951,2.272,10.8887,1.9525,2.1921,112.034,0.7898,1.9403,3.1601,4753.699,1242.8878,0.6209,1.1656,4.9895,0.918,28.6622,0.017,85.1582,22.8753,0.0551,0.225,0.0,0.0
48,"[{""food_id"": 7, ""measure_id"": 122, ""unit_amount"": 0.5}, {""food_id"": 27, ""measure_id"": 376, ""unit_amount"": 2.25}, {""food_id"": 28, ""measure_id"": 384, ""unit_amount"": 3.0}, {""food_id"": 11, ""measure_id"": 180, ""unit_amount"": 1.0}, {""food_id"": 6, ""measure_id"": 92, ""unit_amount"": 1.5}, {""food_id"": 29, ""measure_id"": 398, ""unit_amount"": 0.33}, {""food_id"": 30, ""measure_id"": 408, ""unit_amount"": 1.5}, {""food_id"": 31, ""measure_id"": 429, ""unit_amount"": 2.0}, {""food_id"": 32, ""measure_id"": 431, ""unit_amount"": 1.0}, {""food_id"": 6, ""measure_id"": 92, ""unit_amount"": 0.33}, {""food_id"": 33, ""measure_id"": 450, ""unit_amount"": 1.0}, {""food_id"": 32, ""measure_id"": 431, ""unit_amount"": 1.5}, {""food_id"": 24, ""measure_id"": 341, ""unit_amount"": 1.0}, {""food_id"": 34, ""measure_id"": 462, ""unit_amount"": 0.5}, {""food_id"": 10, ""measure_id"": 165, ""unit_amount"": 1.0}, {""food_id"": 11, ""measure_id"": 180, ""unit_amount"": 0.25}, {""food_id"": 30, ""measure_id"": 408, ""unit_amount"": 1.0}, {""food_id"": 35, ""measure_id"": 472, ""unit_amount"": 1.5}, {""food_id"": 21, ""measure_id"": 273, ""unit_amount"": 2.0}, {""food_id"": 30, ""measure_id"": 408, ""unit_amount"": 1.0}]",1803.9615,672.207,801.6036,5492.8852,90.5915,282.5715,20.425,34.6367,12.61,1868.8845,4782.4685,71.3917,403.3535,0,492.93,0,0,0,0,0,0,0,0,0,0,2.6676,5.1639,3.0156,28.0379,5.2156,12.6261,34.02,154.8467,6.46,862.2423,12.142,625.0133,14.61,1.9932,1.1211,22982.1948,0.0,2.1013,2.3209,0.0122,7.297,0.512,0.5523,0.0244,42.1587,1.8895,1.5489,0.1327,0.5492,0.1199,25.987,126.111,105.503,18.5648,0.0,42.5678,0.3115,38.5484,0.0,4.7105,1.8993,0.0144,0.0,0.8613,1.307,0.0275,0.0901,0.0034,0.0684,0.3315,0.0,0.0126,0.0,0.2763,0.1833,0.0249,0.0376,0.0774,0.1194,0.1072,2.2606,1.5384,0.9223,130.2756,47.8876,2.5952,0.9296,26.3413,708.6155,437.4163,1012.973,268.1167,0.0729,0.1339,16.6901,0.4616,2.0965,1.6995,0.0,3.2113,34.0477,5.6092,715.7933,0.0,4.0658,0.0729,1.5592,288.184,0.0,3.9713,22.7859,0,0,0,0.0,0.0036,0,0,0,1651.8566,6.3559,3.4661,0.0,6.2771,2102.6801,3.4411,82.9756,4.1336,352.181,0.0,16.1595,365.7279,551.5492,3.2195,2.5733,29.9911,0.0548,0.0718,19.8818,0.9642,2.7313,3.9771,8462.7386,2173.0955,4.8067,0.6346,2.161,12.142,118.0622,0.117,770.6714,11.0475,0.1738,0.007,0.01,0.0
49,"[{""food_id"": 36, ""measure_id"": 484, ""unit_amount"": 2.0}, {""food_id"": 21, ""measure_id"": 273, ""unit_amount"": 2.0}, {""food_id"": 37, ""measure_id"": 514, ""unit_amount"": 12.0}, {""food_id"": 10, ""measure_id"": 161, ""unit_amount"": 0.5}, {""food_id"": 21, ""measure_id"": 280, ""unit_amount"": 0.33}, {""food_id"": 38, ""measure_id"": 518, ""unit_amount"": 0.75}, {""food_id"": 39, ""measure_id"": 526, ""unit_amount"": 0.5}, {""food_id"": 11, ""measure_id"": 180, ""unit_amount"": 0.5}, {""food_id"": 40, ""measure_id"": 534, ""unit_amount"": 0.5}, {""food_id"": 41, ""measure_id"": 553, ""unit_amount"": 0.5}, {""food_id"": 42, ""measure_id"": 564, ""unit_amount"": 0.25}]",900.9532,74.4615,1967.4596,4205.2264,81.0811,171.0986,3.9829,13.7558,3.9108,8545.1187,5564.6301,551.2494,7.7851,0,53.1533,0,0,0,0,0,0,0,0,0,0,31.1752,5.7684,35.8115,40.6598,50.58,219.3907,0.0,3.1467,0.0,382.3751,0.474,1942.2507,0.0,1.5152,5.626,17570.959,0.3147,3.6399,3.5124,0.0,10.3233,0.1825,0.188,0.0,38.2251,3.3944,3.0186,0.039,0.7205,0.0679,15.9291,40.4654,33.6677,3.5294,0.0,11.3841,0.3665,9.8621,0.0,0.8963,0.6712,0.001,0.0,0.1883,0.3546,0.1391,0.2857,0.001,0.2852,1.1086,0.0,0.068,0.0,0.074,0.0005,0.2983,0.1436,0.0907,0.0045,0.0,4.0297,2.5339,1.5056,44.6714,14.4205,3.5684,0.4144,2.947,373.0086,96.25,440.5086,276.7586,0.3515,0.119,84.2938,2.6421,23.5758,19.9851,0.0,26.8165,0.0392,45.3493,295.5,0.0,51.1006,0.0448,14.1216,716.9683,194.062,0.8635,227.8134,0,0,0,0.0,0.0005,0,0,0,5610.6281,36.9721,22.4444,0.0,20.2237,1122.1862,5.4394,581.6768,21.2565,4.1319,0.0,0.0,0.0168,0.0,2.8249,24.3734,15.7092,0.0595,0.0282,2.2994,7.0502,20.1347,28.7986,4379.1045,1154.4149,7.0031,18.6993,8.004,0.7887,61.3063,1.5733,2184.3143,20.8334,0.0912,0.0563,0.0,0.0
50,"[{""food_id"": 10, ""measure_id"": 161, ""unit_amount"": 3.75}, {""food_id"": 6, ""measure_id"": 92, ""unit_amount"": 2.0}, {""food_id"": 28, ""measure_id"": 384, ""unit_amount"": 1.0}, {""food_id"": 11, ""measure_id"": 180, ""unit_amount"": 0.25}, {""food_id"": 43, ""measure_id"": 573, ""unit_amount"": 4.0}, {""food_id"": 30, ""measure_id"": 408, ""unit_amount"": 1.0}, {""food_id"": 44, ""measure_id"": 576, ""unit_amount"": 0.5}, {""food_id"": 45, ""measure_id"": 585, ""unit_amount"": 1.67}, {""food_id"": 46, ""measure_id"": 603, ""unit_amount"": 1.0}, {""food_id"": 47, ""measure_id"": 612, ""unit_amount"": 1.0}]",1103.4244,809.9308,930.0,5010.8668,17.9726,149.4564,0.1111,35.4404,37.7856,2508.2928,2533.1658,128.1302,413.4048,0,205.0,0,0,0,0,0,0,0,0,0,0,5.6777,2.2131,9.6371,16.4471,11.3904,330.2813,0.0,9.2184,0.0,2.3046,5.0,903.3197,22.5,3.4218,2.1998,20962.4054,0.0,0.015,0.0,0.0,0.1263,0.0175,0.02,0.0,13.9874,1.0994,0.495,0.0075,0.0827,0.1614,3.6827,84.4207,83.941,0.069,0.0,35.5536,0.03,33.6606,0.0,0.2462,0.1038,0.03,0.0,0.0259,0.0836,0.045,0.0575,0.0025,0.055,0.47,0.0,0.0,0.0,0.01,0.0,0.0325,0.0175,0.145,0.0,0.0,0.01,0.0,0.01,85.7804,36.5698,0.065,0.03,6.2888,1102.0655,721.875,1608.3155,380.1905,0.0231,0.0,34.6705,0.9481,6.0847,3.0813,0.0922,5.0678,0.0,9.4101,1344.1796,0.0,4.6463,0.2074,2.165,778.1853,0.0,8.4435,36.2716,0,0,0,0.0,0.0,0,0,0,2187.8886,6.6277,6.7233,0.0,9.1103,400.0,6.2988,242.6761,6.9297,281.1612,1.6824,9.2184,410.1469,0.0,3.9579,4.0784,57.9862,1.0906,0.4512,4.6906,1.4945,3.7379,6.0446,1352.3046,400.0,2.225,0.9464,0.0,5.0,2.1563,0.25,260.4264,14.184,0.2438,0.4219,0.025,0.0
52,"[{""food_id"": 48, ""measure_id"": 653, ""unit_amount"": 0.5}, {""food_id"": 6, ""measure_id"": 92, ""unit_amount"": 0.75}, {""food_id"": 49, ""measure_id"": 667, ""unit_amount"": 1.0}, {""food_id"": 50, ""measure_id"": 682, ""unit_amount"": 0.5}]",884.4749,204.248,12.3927,912.6676,0.369,0.6177,0.0,1.3548,0.106,2027.3867,388.3882,27.1088,185.632,0,302.9333,0,0,0,0,0,0,0,0,0,0,0.9135,0.0,0.8878,7.6635,1.9481,0.0,754.08,0.0,0.0,0.6885,7.5733,139.9838,0.0,0.073,0.2723,3818.0488,0.0,0.0117,0.009,0.0,0.0537,0.0,0.0,0.0,0.1867,0.0146,0.0,0.0,0.0,0.0,0.0635,0.1173,0.0,0.0,0.0,0.0559,0.0,0.0,0.0,0.0113,0.0,0.0,0.0,0.0,0.0002,0.0,0.0,0.0,0.0,0.0,0.0,0.0,0.0,0.0,0.0,0.0,0.0,0.0,0.0,0.0,0.0179,0.0041,0.0048,0.139,0.0667,0.0,0.0,0.0,34.7242,0.0,34.7242,34.7242,0.0,0.0,5.5476,0.0,0.6173,0.695,0.0,1.5036,0.0,2.4817,0.0,0.0,1.9397,0.0,0.6114,159.2527,0.0,0.4307,7.3839,0,0,0,0.0,0.0,0,0,0,751.0876,2.2555,1.2292,0.34,2.4251,488.1358,1.2479,22.7296,1.3445,0.0,0.0,0.0,149.7,0.0,0.2874,1.1247,0.0094,0.0,0.0,0.0,0.348,1.2059,1.6835,1632.4667,488.3458,2.7471,0.2463,5.2155,7.5733,0.456,0.0,4.2254,3.1377,0.0,0.0,0.0,0.0
54,"[{""food_id"": 4, ""measure_id"": 64, ""unit_amount"": 3.0}, {""food_id"": 31, ""measure_id"": 429, ""unit_amount"": 4.0}, {""food_id"": 51, ""measure_id"": 683, ""unit_amount"": 1.25}, {""food_id"": 52, ""measure_id"": 695, ""unit_amount"": 2.0}, {""food_id"": 53, ""measure_id"": 700, ""unit_amount"": 2.0}, {""food_id"": 28, ""measure_id"": 384, ""unit_amount"": 2.0}, {""food_id"": 54, ""measure_id"": 720, ""unit_amount"": 2.0}, {""food_id"": 55, ""measure_id"": 734, ""unit_amount"": 1.0}, {""food_id"": 11, ""measure_id"": 180, ""unit_amount"": 1.0}, {""food_id"": 56, ""measure_id"": 742, ""unit_amount"": 0.5}, {""food_id"": 57, ""measure_id"": 762, ""unit_amount"": 1.0}, {""food_id"": 58, ""measure_id"": 773, ""unit_amount"": 1.25}, {""food_id"": 59, ""measure_id"": 786, ""unit_amount"": 3.0}, {""food_id"": 60, ""measure_id"": 793, ""unit_amount"": 1.0}, {""food_id"": 25, ""measure_id"": 352, ""unit_amount"": 0.5}]",1011.4136,913.861,829.9005,6685.8612,66.0602,325.3265,1.9236,20.6703,24.6647,2995.6556,6451.0831,64.9493,664.0973,0,164.0,0,0,0,0,0,0,0,0,0,0,2.8676,0.7377,3.2143,25.6951,4.8781,178.4868,0.0,0.0,12518.0765,29879.4088,4.0,686.5493,23.803,1.306,1.4275,27977.2724,0.0,0.7503,0.8583,0.0,3.2282,0.3083,0.3086,0.0,42.2257,1.0469,0.9251,0.0979,0.3517,0.0818,15.4487,75.2563,74.1909,0.757,0.0,142.7635,0.1771,140.32,0.0,19.4857,17.9919,0.0257,0.0009,0.7038,0.4654,0.042,0.0792,0.0037,0.0746,0.4211,0.0,0.0085,0.0,0.7339,0.0017,0.0328,0.031,0.116,0.0068,0.0,0.6187,0.5035,0.3193,77.163,162.9846,0.052,2.0664,13.8291,633.2218,385.0,903.2218,248.2218,2.0089,0.0,14.4798,2.891,2.0866,1.4888,0.0,2.7911,3.1979,4.8796,1984.3255,3.99,3.2461,0.0,1.454,190.751,7.3994,3.2825,20.3547,0,0,0,0.0,0.0017,0,0,0,1267.0322,5.8106,3.1309,682.6287,4.7899,577.7015,2.9554,158.4269,3.7496,0.0,7.1782,0.0,412.1245,0.0,2.3296,2.7038,27.8942,0.231,0.1768,2.5761,0.7547,2.194,3.3437,62175.3315,3588.4007,1.9671,1.5016,26.3328,4.0,558.0198,0.2,575.1995,6.3452,0.24,0.225,0.02,0.0
55,"[{""food_id"": 61, ""measure_id"": 801, ""unit_amount"": 5.0}, {""food_id"": 62, ""measure_id"": 820, ""unit_amount"": 1.0}, {""food_id"": 11, ""measure_id"": 180, ""unit_amount"": 0.5}, {""food_id"": 63, ""measure_id"": 844, ""unit_amount"": 4.0}, {""food_id"": 64, ""measure_id"": 856, ""unit_amount"": 0.25}]",163.7448,99.5725,0.0,1663.145,21.4162,147.6814,0.0,6.1271,69.305,5284.8833,1137.1975,22.1997,11.0104,0,0.0,0,0,0,0,0,0,0,0,0,0,1.159,0.0,0.9954,19.5845,2.6656,7.279,0.0,50.25,365.43,1194.12,0.0,156.8205,281.4,2.0351,0.2915,6962.2,0.0,0.0002,0.0,0.0,0.0,0.0,0.0,0.0,20.8936,7.0173,0.0,0.0,0.0,0.1005,0.5023,91.1557,0.0,0.0,0.0,16.9587,0.0,0.0,0.0,1.2672,1.1156,0.1508,0.0,0.0,0.2513,0.0,0.1608,0.0,0.0,0.0,0.0,0.0,0.0,0.0,0.0,0.0,0.0,0.0,0.0,0.0,0.0,0.0,0.0101,98.5242,18.3967,0.0,0.0,73.2336,838.91,0.0,838.91,838.91,3.2602,1.005,3.5516,5.619,1.0993,0.5245,0.0,0.8935,0.0,1.5147,2876.76,3164.79,1.4023,0.0,0.3996,312.8473,0.0,1.7815,18.3674,0,0,0,0.0,0.0,0,0,0,578.95,14.2149,1.0368,8.61,1.0336,0.0,1.3522,5.7872,1.2217,763.8,1.1055,20.1,0.8934,0.0,0.758,0.7869,21.6104,0.5148,0.201,3.4641,0.2678,0.5206,1.1391,2523.22,123.22,0.0,2.8525,139.245,0.0,221.334,0.0,914.1842,6.8314,0.1431,0.0,0.0,0.0
58,"[{""food_id"": 65, ""measure_id"": 864, ""unit_amount"": 1.5}, {""food_id"": 51, ""measure_id"": 689, ""unit_amount"": 1.0}, {""food_id"": 66, ""measure_id"": 868, ""unit_amount"": 1.0}, {""food_id"": 11, ""measure_id"": 180, ""unit_amount"": 0.5}, {""food_id"": 67, ""measure_id"": 878, ""unit_amount"": 0.5}, {""food_id"": 68, ""measure_id"": 894, ""unit_amount"": 1.0}, {""food_id"": 69, ""measure_id"": 909, ""unit_amount"": 0.5}, {""food_id"": 70, ""measure_id"": 919, ""unit_amount"": 5.5}, {""food_id"": 71, ""measure_id"": 926, ""unit_amount"": 1.0}, {""food_id"": 72, ""measure_id"": 932, ""unit_amount"": 8.0}]",430.6319,91.7982,449.064,2226.3641,49.7192,132.3952,0.0922,25.5358,27.8277,4439.241,2835.3818,142.7398,47.0891,0,0.0,0,0,0,0,0,0,0,0,0,0,8.1419,12.348,8.7799,17.8014,13.0211,79.1601,0.0,0.0,22890.2665,40126.565,0.0,636.3953,0.6499,1.3767,1.5471,9302.7312,0.0,0.342,0.288,0.0,3.7252,0.0002,0.0,0.0,30.2555,5.8237,0.0034,0.0,0.0064,0.0,14.9571,47.9463,3.0764,0.0,0.0,10.2106,0.0,6.8161,0.0,2.3458,0.8906,0.0,0.0,0.0329,0.1539,0.0,0.0016,0.0,0.0,0.2041,0.0,0.0,0.0,0.0356,0.0,0.0,0.0,0.0,0.0,0.0,0.0,0.0001,0.0039,53.9241,12.7644,0.0,0.0922,224.8038,348.8407,0.0,348.8407,348.8407,8.8491,0.0016,21.6872,10.5655,7.3006,4.504,0.0,6.326,0.0,10.8482,3880.0265,0.2075,11.3276,0.0,3.3189,275.0927,0.0,2.0873,28.8954,0,0,0,0.0,0.0,0,0,0,1592.0018,6.6336,5.3803,69.4033,5.9421,0.0,1.6033,105.1605,5.3675,0.0,0.0,0.0,18.6025,0.0,1.3138,6.0152,2.1397,0.0,0.0,0.0681,1.5709,4.6296,7.0789,85949.7938,4299.5004,20.2398,3.9455,168.4449,0.0,161.4343,0.0,1699.5362,27.6127,0.0955,0.0,0.0,0.0
62,"[{""food_id"": 73, ""measure_id"": 934, ""unit_amount"": 3.0}, {""food_id"": 74, ""measure_id"": 950, ""unit_amount"": 2.0}, {""food_id"": 75, ""measure_id"": 959, ""unit_amount"": 15.0}, {""food_id"": 76, ""measure_id"": 967, ""unit_amount"": 1.0}, {""food_id"": 77, ""measure_id"": 990, ""unit_amount"": 1.0}, {""food_id"": 78, ""measure_id"": 995, ""unit_amount"": 1.0}, {""food_id"": 79, ""measure_id"": 1000, ""unit_amount"": 2.0}, {""food_id"": 80, ""measure_id"": 1019, ""unit_amount"": 1.0}, {""food_id"": 81, ""measure_id"": 1027, ""unit_amount"": 4.0}]",204.9065,110.1877,0.0,805.5949,4.4121,30.9415,0.0,10.5483,35.1291,2057.1943,1648.2089,32.7513,11.5154,0,0.0,0,0,0,0,0,0,0,0,0,0,1.6943,0.0,1.6814,8.4365,3.8026,0.149,0.0,0.0,96.89,2064.997,0.0,155.5041,248.6884,0.9672,0.2904,3365.8165,0.0,0.0092,0.0005,0.0,0.0018,0.0009,0.0005,0.0,3.6683,0.3416,0.0,0.0,0.0059,0.0338,0.5749,19.9588,0.0018,0.0,0.0,3.9013,0.0,0.0055,0.0,0.5324,0.0041,0.0,0.0,0.1118,0.084,0.0,0.0,0.0,0.0,0.0,0.0,0.0,0.0,0.0348,0.0,0.0,0.0,0.0,0.0,0.0,0.0,0.0,0.0,20.4194,4.4324,0.0,0.0,1.426,377.1167,0.0,377.1167,377.1167,2.8358,0.0,5.563,2.7375,1.2957,0.8698,0.0,1.4653,0.0,2.8006,2771.9326,1595.26,2.0824,0.2533,0.4571,211.8869,0.0,1.4615,5.956,0,0,0,0.0,0.0,0,0,0,622.5956,2.2092,1.8133,64.48,1.9814,0.0,0.6715,6.3395,1.9092,0.0,10.6833,0.0,4.2793,0.0,0.8173,1.2036,7.329,0.0359,0.0,0.7836,0.3584,0.8301,1.8333,3747.2248,186.615,0.0,0.5796,61.0428,0.0,247.8683,0.0,609.3578,3.6106,0.0182,0.0,0.0,0.0
64,"[{""food_id"": 21, ""measure_id"": 280, ""unit_amount"": 0.67}, {""food_id"": 82, ""measure_id"": 1033, ""unit_amount"": 3.5}, {""food_id"": 6, ""measure_id"": 92, ""unit_amount"": 1.25}, {""food_id"": 31, ""measure_id"": 429, ""unit_amount"": 4.0}, {""food_id"": 10, ""measure_id"": 161, ""unit_amount"": 2.25}, {""food_id"": 33, ""measure_id"": 450, ""unit_amount"": 5.0}, {""food_id"": 28, ""measure_id"": 384, ""unit_amount"": 1.0}, {""food_id"": 32, ""measure_id"": 431, ""unit_amount"": 0.5}]",781.3521,557.1809,1080.7535,4038.0238,88.9592,175.0971,5.1652,19.0123,12.7258,1102.9256,1827.534,68.5262,293.233,0,223.78,0,0,0,0,0,0,0,0,0,0,2.5921,0.0,2.9795,12.0334,4.332,199.8731,0.0,0.0,0.0,245.1822,5.464,693.89,18.0,1.0448,1.1989,16892.7795,0.0,3.9182,4.0047,0.0024,11.7457,0.0323,0.0404,0.0049,40.3835,2.0573,1.8905,0.006,0.9091,0.0301,17.6839,55.5946,33.1224,4.6765,0.0,13.9771,0.4301,6.4234,0.0,0.8443,0.5609,0.024,0.0,0.2208,0.2353,0.036,0.0497,0.002,0.044,0.376,0.0,0.0,0.0,0.0104,0.0,0.026,0.014,0.116,0.0,0.0,5.0083,3.1013,1.8423,58.0935,15.4867,4.6825,0.4827,10.6065,691.7845,433.125,995.5345,258.6595,0.0122,0.0244,14.3278,0.7522,2.0177,1.4251,0.0,2.6363,6.1122,4.6914,1057.6173,0.0,2.9063,0.0122,1.4151,233.7713,0.0,2.8723,18.3421,0,0,0,0.0,0.0,0,0,0,1210.4781,5.0116,3.0987,0.0,4.9254,1407.6239,3.0391,168.1114,3.7109,6.0836,0.0,0.0,249.5122,0.0,2.4244,2.1357,19.269,0.2169,0.1763,2.0688,0.7611,2.1456,3.239,5112.5291,1427.3956,2.6852,0.5505,0.3432,5.464,12.3341,0.2,336.3768,6.7893,0.1763,0.2531,0.02,0.0
66,"[{""food_id"": 83, ""measure_id"": 1035, ""unit_amount"": 1.0}, {""food_id"": 84, ""measure_id"": 1046, ""unit_amount"": 0.25}, {""food_id"": 85, ""measure_id"": 1052, ""unit_amount"": 0.75}, {""food_id"": 3, ""measure_id"": 26, ""unit_amount"": 1.0}, {""food_id"": 86, ""measure_id"": 1076, ""unit_amount"": 2.0}, {""food_id"": 87, ""measure_id"": 1082, ""unit_amount"": 2.0}, {""food_id"": 88, ""measure_id"": 1090, ""unit_amount"": 2.0}, {""food_id"": 89, ""measure_id"": 1106, ""unit_amount"": 2.0}, {""food_id"": 90, ""measure_id"": 1123, ""unit_amount"": 2.0}]",486.2562,266.5842,0.0,1078.1733,0.6895,5.4879,0.0,17.2193,10.0778,2528.6403,3059.2998,8.936,226.0733,0,0.0,0,0,0,0,0,0,0,0,0,0,0.1885,0.0,0.2983,13.2574,0.7457,1.1891,0.0,0.0,336.8319,3283.5016,0.0,63.1979,562.9156,0.887,0.0504,4509.3326,0.0,0.0044,0.0152,0.0044,0.0381,0.0,0.0,0.0,0.4842,0.0417,0.0,0.0,0.0023,0.0,0.122,2.2448,0.5017,0.0,0.0,1.7312,0.0,0.0,0.0,0.1166,0.0836,0.0023,0.0,0.0089,0.0284,0.0,0.0,0.0,0.0,0.0,0.0,0.0,0.0,0.0089,0.0,0.0,0.0,0.0,0.0,0.0,0.0,0.0021,0.0,2.312,1.8501,0.0,0.0,37.7525,57.7468,0.0,57.7468,57.7468,30.2996,0.0,1.4967,34.5224,0.1814,0.0863,0.0,0.1287,0.0,0.2047,514.284,28952.181,0.1832,0.0,0.0403,236.5527,0.0,1.9226,6.8556,0,0,0,0.0,0.0,0,0,0,264.9583,0.9801,0.1554,42.352,0.2526,0.3419,0.6788,16.4552,0.1277,0.0,0.0,0.0,148.8175,0.0,0.2604,0.1274,10.1138,0.0386,0.0,0.861,0.0466,0.0764,0.1669,6224.9582,310.7444,0.0,1.3472,27.69,0.0,25.8758,0.0,387.5308,2.2403,0.5541,0.0,0.4589,0.0
67,"[{""food_id"": 21, ""measure_id"": 290, ""unit_amount"": 0.5}, {""food_id"": 6, ""measure_id"": 92, ""unit_amount"": 2.5}, {""food_id"": 31, ""measure_id"": 429, ""unit_amount"": 6.0}, {""food_id"": 27, ""measure_id"": 376, ""unit_amount"": 3.0}, {""food_id"": 28, ""measure_id"": 384, ""unit_amount"": 2.0}, {""food_id"": 11, ""measure_id"": 180, ""unit_amount"": 1.0}, {""food_id"": 56, ""measure_id"": 742, ""unit_amount"": 1.0}, {""food_id"": 91, ""measure_id"": 1143, ""unit_amount"": 1.0}, {""food_id"": 92, ""measure_id"": 1153, ""unit_amount"": 1.5}, {""food_id"": 93, ""measure_id"": 1173, ""unit_amount"": 2.0}, {""food_id"": 47, ""measure_id"": 611, ""unit_amount"": 2.0}]",1175.631,1078.3296,1739.3114,7883.8833,159.9514,373.62,9.3792,40.9711,22.4529,1851.6908,5064.8596,93.3594,730.8062,0,246.0,0,0,0,0,0,0,0,0,0,0,4.1721,0.0,5.926,24.8577,7.5896,4.0524,0.0,9.36,0.0,461.7124,6.0,1074.3212,44.836,2.7799,1.8695,32980.7019,0.0,6.6231,6.9037,0.0,21.225,0.3292,0.4173,0.0,75.0858,3.5027,3.4497,0.009,1.5845,0.0521,32.0706,128.6508,56.6343,8.3639,0.3634,45.9973,0.8279,10.5128,0.0,2.6572,0.9788,0.0498,0.0,0.4917,0.6974,0.0724,0.1127,0.0053,0.1074,0.6215,0.0,0.0138,0.0,0.0373,0.0,0.0413,0.0463,0.1763,0.0138,0.0023,7.3997,5.0187,3.0444,133.2376,49.7578,8.3729,1.0063,46.4283,962.1066,567.18,1356.6666,390.8166,0.0624,0.0,20.9619,1.1724,3.3609,2.2859,0.0,4.306,7.843,7.4131,1557.05,0.0,5.1396,0.0,2.2197,325.0384,13.8,9.8452,30.291,0,0,0,0.0,0.0,0,0,0,1811.101,9.1628,4.7534,1.4053,6.7537,2280.1012,3.9427,133.3252,5.9715,191.5918,3.4896,4.68,505.084,0.0,4.8808,3.4912,11.5519,0.6795,0.9132,40.6572,1.2549,3.2367,5.2726,8405.404,2321.2779,3.5386,1.0779,3.854,6.0,26.9187,0.3,520.1905,14.5782,0.226,0.0,0.03,0.0
69,"[{""food_id"": 94, ""measure_id"": 1189, ""unit_amount"": 1.0}, {""food_id"": 95, ""measure_id"": 1197, ""unit_amount"": 4.0}]",36.06,65.8175,0.0,456.27,1.4666,10.0067,0.0,2.9912,32.5446,1358.37,73.134,49.1944,6.3852,0,0.0,0,0,0,0,0,0,0,0,0,0,2.9318,0.0,2.4356,7.0395,4.955,3.8556,0.0,0.0,16.32,47.94,0.0,59.748,117.3,0.5495,0.5935,1910.574,0.0,0.0031,0.0566,0.0,0.001,0.002,0.001,0.0,1.0678,2.5998,0.0041,0.0,0.001,0.0,0.3249,2.7181,0.4243,0.0,0.0,0.5007,0.0,0.4774,0.0,0.0143,0.0143,0.0,0.0,0.0071,0.0061,0.0,0.0,0.0,0.0,0.001,0.0,0.0,0.0,0.0,0.0,0.0,0.0,0.0,0.0031,0.0,0.0,0.0,0.0,5.327,0.516,0.0,0.0,0.0,2696.3999,0.0,2696.3999,2696.3999,1.9788,0.0,7.9857,3.4986,2.3181,1.1227,0.0,2.2749,0.0,3.6663,656.88,0.0,3.8592,0.0,0.7374,98.976,0.0,0.5201,47.3922,0,0,0,0.0,0.0,0,0,0,813.138,16.0403,2.1375,0.0,2.1689,0.0,4.5921,9.5706,2.4014,0.0,5.814,0.0,0.9078,0.0,12.6208,2.3883,0.0714,0.0,0.0,0.153,0.6359,1.4069,2.8082,190.74,9.18,0.0794,1.7959,7.2762,0.0,0.7596,0.0,83.3317,9.4732,0.0,0.0,0.0,0.0
70,"[{""food_id"": 96, ""measure_id"": 1207, ""unit_amount"": 4.0}, {""food_id"": 31, ""measure_id"": 429, ""unit_amount"": 2.0}, {""food_id"": 47, ""measure_id"": 605, ""unit_amount"": 2.0}, {""food_id"": 97, ""measure_id"": 1214, ""unit_amount"": 2.0}, {""food_id"": 98, ""measure_id"": 1223, ""unit_amount"": 1.0}, {""food_id"": 99, ""measure_id"": 1237, ""unit_amount"": 2.0}, {""food_id"": 12, ""measure_id"": 217, ""unit_amount"": 0.75}, {""food_id"": 11, ""measure_id"": 180, ""unit_amount"": 1.0}, {""food_id"": 100, ""measure_id"": 1244, ""unit_amount"": 1.0}, {""food_id"": 53, ""measure_id"": 700, ""unit_amount"": 1.0}]",571.3837,507.8717,379.35,2723.6565,8.159,35.3701,0.038,29.6381,86.0296,3991.1205,2720.6892,140.704,27.4881,0,83.8375,0,0,0,0,0,0,0,0,0,0,6.9285,0.0,7.6985,25.9286,11.5544,266.7616,0.0,0.0,0.52,27.2275,2.0,582.4313,10.04,3.1,2.3542,11405.1823,0.0,0.0855,0.1238,0.0,0.2543,0.007,0.008,0.0,5.6375,2.8898,0.198,0.003,0.022,0.012,1.4538,9.4939,3.388,0.023,0.0,7.0308,0.012,1.531,0.0,0.4548,0.036,0.012,0.0,0.003,0.051,0.018,0.023,0.001,0.022,0.188,0.0,0.0,0.0,0.004,0.0264,0.013,0.007,0.058,0.0,0.0,0.0573,0.0312,0.0992,12.5398,7.7983,0.026,0.012,345.6619,3174.4578,192.5,3309.4578,2981.9578,0.2426,0.0,29.9943,0.5191,7.0116,3.4104,0.0,5.8293,0.0,9.9951,1611.01,1.3,7.8901,0.0,2.4021,1074.7015,0.0,15.9679,80.0518,0,0,0,0.0,0.0,0,0,0,2921.8572,20.4126,6.5099,4.94,10.676,183.8875,6.7701,248.6331,7.3413,0.0,138.648,0.0,15.3858,0.0,15.777,5.5098,3.8514,0.6863,1.2018,22.7501,1.8881,3.731,7.3664,671.5575,186.895,1.3737,4.39,3.5427,2.0,22.6724,0.1,788.7466,26.0825,0.805,0.1125,0.082,0.0
72,"[{""food_id"": 53, ""measure_id"": 700, ""unit_amount"": 0.5}, {""food_id"": 23, ""measure_id"": 336, ""unit_amount"": 0.5}, {""food_id"": 101, ""measure_id"": 1255, ""unit_amount"": 0.5}, {""food_id"": 28, ""measure_id"": 384, ""unit_amount"": 2.0}, {""food_id"": 11, ""measure_id"": 180, ""unit_amount"": 0.25}, {""food_id"": 32, ""measure_id"": 431, ""unit_amount"": 0.5}, {""food_id"": 30, ""measure_id"": 408, ""unit_amount"": 1.0}, {""food_id"": 21, ""measure_id"": 273, ""unit_amount"": 2.0}, {""food_id"": 102, ""measure_id"": 1257, ""unit_amount"": 0.5}, {""food_id"": 22, ""measure_id"": 301, ""unit_amount"": 0.5}, {""food_id"": 47, ""measure_id"": 605, ""unit_amount"": 1.75}]",821.0383,325.8443,70.7931,1825.4164,31.685,56.2058,1.0342,21.7798,14.8487,694.3055,1798.1407,22.4967,242.7381,0,59.78,0,0,0,0,0,0,0,0,0,0,0.5232,1.4754,0.5933,14.0041,1.0032,45.212,54.0433,0.0,0.0,49.7323,1.464,53.1204,0.0,0.8032,0.2089,7636.7029,0.0,0.7777,0.8015,0.0024,2.3418,0.0183,0.0244,0.0049,13.3368,0.3597,0.3057,0.0,0.2142,0.0061,11.8622,14.9739,5.3442,0.9417,0.0,1.8773,0.0758,0.682,0.0,0.1723,0.0992,0.0,0.0,0.2768,0.0308,0.0,0.0037,0.0,0.0,0.0,0.0,0.0,0.0,0.0233,0.0,0.0,0.0,0.0,0.0,0.0,1.0097,0.6185,0.3622,15.3923,2.0532,0.9417,0.0925,299.9351,133.5708,96.25,201.0708,37.3208,1.0251,0.0244,3.6854,1.2441,0.4819,0.3359,0.0,0.5892,6.1122,1.0733,26.94,0.0,0.683,0.0122,0.2649,143.3471,0.0,1.2154,4.3049,0,0,0,0.0,0.0,0,0,0,507.0923,0.9528,0.723,0.0,1.3276,257.5801,0.6458,29.8972,0.7379,1.1355,0.0,0.0,186.0982,423.63,0.588,0.5048,0.9593,0.0438,0.0125,0.2375,0.1889,0.5489,0.7605,941.2036,261.2705,0.6949,0.1438,0.244,1.464,7.2999,0.0,540.4244,2.5466,0.0125,0.0563,0.0,0.0
75,"[{""food_id"": 62, ""measure_id"": 810, ""unit_amount"": 2.0}, {""food_id"": 5, ""measure_id"": 69, ""unit_amount"": 1.0}, {""food_id"": 3, ""measure_id"": 35, ""unit_amount"": 1.0}, {""food_id"": 103, ""measure_id"": 1276, ""unit_amount"": 1.0}, {""food_id"": 11, ""measure_id"": 180, ""unit_amount"": 1.5}, {""food_id"": 104, ""measure_id"": 1295, ""unit_amount"": 1.0}, {""food_id"": 6, ""measure_id"": 103, ""unit_amount"": 1.0}, {""food_id"": 105, ""measure_id"": 1305, ""unit_amount"": 1.0}]",111.9694,52.7971,0.0,229.1804,0.2721,1.2299,0.0,2.4148,10.5213,1543.763,3235.9519,7.1149,34.4329,0,0.0,0,0,0,0,0,0,0,0,0,0,0.2222,0.0,0.327,11.6135,1.0756,0.6783,0.0,0.0,373.93,2199.58,0.0,47.4533,32.93,0.4518,0.0726,952.9036,0.0,0.0,0.0,0.0,0.0073,0.0,0.0,0.0,0.2164,0.0037,0.0,0.0,0.0,0.0,0.0476,0.1489,0.0,0.0,0.0,0.4432,0.0,0.0,0.0,0.0305,0.0,0.0,0.0,0.0,0.0,0.0,0.0,0.0,0.0,0.0,0.0,0.0,0.0,0.0,0.0,0.0,0.0,0.0,0.0,0.0,0.0,0.0,0.0,0.1526,0.4737,0.0,0.0,14.084,119.52,0.0,119.52,119.52,8.4341,0.1936,2.275,9.1692,0.189,0.1067,0.0,0.1552,0.0,0.2361,1359.5533,8465.17,0.2603,0.0,0.0461,83.6059,0.0,0.9574,3.4117,0,0,0,0.0,0.0,0,0,0,186.7357,0.7638,0.3019,62.86,0.1509,0.0,0.2133,1.2848,0.2437,0.0,0.0,0.0,14.3051,0.0,0.3292,0.2174,2.7793,0.0329,0.0,0.3948,0.0753,0.1089,0.1951,4006.7167,200.4233,0.0,0.944,287.0843,0.0,55.9097,0.0,685.4556,1.2279,0.1009,0.0,0.0,0.0
80,"[{""food_id"": 32, ""measure_id"": 439, ""unit_amount"": 1.0}, {""food_id"": 31, ""measure_id"": 429, ""unit_amount"": 2.0}, {""food_id"": 106, ""measure_id"": 1307, ""unit_amount"": 2.0}, {""food_id"": 6, ""measure_id"": 103, ""unit_amount"": 9.0}, {""food_id"": 11, ""measure_id"": 180, ""unit_amount"": 0.5}, {""food_id"": 30, ""measure_id"": 408, ""unit_amount"": 1.0}, {""food_id"": 9, ""measure_id"": 150, ""unit_amount"": 2.0}, {""food_id"": 107, ""measure_id"": 1320, ""unit_amount"": 0.25}]",1291.5561,162.7744,940.9925,1631.166,47.2945,84.0031,0.8676,3.0083,0.0,1671.4849,1791.8055,57.8394,163.7153,0,634.36,0,0,0,0,0,0,0,0,0,0,2.5934,1.4754,2.5564,11.7833,5.4596,9.588,0.0,0.0,12.92,158.625,15.548,744.127,20.22,0.1929,0.7509,6829.9446,0.0,1.9225,2.008,0.0195,5.9963,0.1616,0.2076,0.039,22.3228,1.8095,1.0069,0.003,0.4645,0.0608,9.6789,23.5847,17.2198,2.4766,0.0,4.4016,0.1635,3.297,0.0,0.8308,0.2929,0.012,0.0,0.1312,0.1325,0.018,0.0523,0.001,0.022,0.3369,0.0,0.0037,0.0,0.0364,0.0031,0.013,0.007,0.0968,0.0031,0.0,2.5863,1.5294,0.8776,26.4114,5.7613,0.7873,0.0803,35.9276,149.7825,0.0,149.7825,149.7825,0.1676,0.2652,10.7087,0.7532,1.5151,1.6309,0.0,3.0996,48.9676,5.3343,874.96,0.0,4.5896,0.1676,1.6328,129.997,0.0,0.21,1.0924,0,0,0,0.0,0.0,0,0,0,1252.2973,6.2135,3.0566,0.0,4.247,1203.7325,2.7767,88.5879,3.9168,2.27,0.0,0.0,112.8917,0.0,0.4863,2.4837,3.5366,0.027,0.0804,0.9522,0.7264,2.6843,3.8552,4302.8625,1214.51,6.8817,0.666,1.952,15.548,6.4625,0.134,1034.8854,6.8464,0.0702,0.0,0.01,0.0
81,"[{""food_id"": 99, ""measure_id"": 1237, ""unit_amount"": 3.0}, {""food_id"": 10, ""measure_id"": 161, ""unit_amount"": 3.0}, {""food_id"": 28, ""measure_id"": 388, ""unit_amount"": 3.0}, {""food_id"": 11, ""measure_id"": 180, ""unit_amount"": 1.0}, {""food_id"": 21, ""measure_id"": 280, ""unit_amount"": 1.0}]",2667.1036,556.8585,488.05,4238.532,118.7347,196.7947,7.4411,34.9857,48.7278,1771.2465,7977.6048,88.223,2.6247,0,0.0,0,0,0,0,0,0,0,0,0,0,3.0712,0.0,3.967,45.5482,4.3758,526.386,0.0,0.0,0.0,376.66,0.0,193.996,0.0,2.0217,1.8295,17737.288,0.0,5.7408,5.8725,0.0,16.8797,0.0,0.0,0.0,51.2832,2.1815,2.1815,0.0,1.2712,0.0,22.796,46.6206,38.5401,6.7691,0.0,11.5937,0.6061,4.9168,0.0,1.0604,0.7151,0.0,0.0,0.3133,0.263,0.0,0.0,0.0,0.0,0.0,0.0,0.0,0.0,0.0,0.0,0.0,0.0,0.0,0.0,0.0,7.323,4.5559,2.7013,49.0628,12.6576,6.7691,0.6719,6.4651,851.46,577.5,1256.46,273.96,0.18,0.0,29.0312,0.0,3.4806,2.1999,0.0,3.0494,0.0,6.0837,859.5,0.0,2.2995,0.0,1.5548,591.4726,0.0,17.2088,40.0805,0,0,0,0.0,0.0,0,0,0,2651.754,4.063,4.4983,0.0,12.1486,1523.17,2.5237,351.9633,4.2714,9.08,207.972,0.0,1.296,0.0,4.7624,2.4613,8.0474,1.0905,0.075,8.301,1.1299,2.2531,3.7161,5705.13,1552.68,0.3859,1.637,0.0,0.0,23.855,0.0,121.4698,12.1989,1.155,0.3375,0.108,0.0
83,"[{""food_id"": 108, ""measure_id"": 1347, ""unit_amount"": 2.0}, {""food_id"": 107, ""measure_id"": 1319, ""unit_amount"": 2.0}, {""food_id"": 109, ""measure_id"": 1349, ""unit_amount"": 0.25}, {""food_id"": 110, ""measure_id"": 1372, ""unit_amount"": 4.0}, {""food_id"": 3, ""measure_id"": 26, ""unit_amount"": 0.33}, {""food_id"": 5, ""measure_id"": 75, ""unit_amount"": 0.5}, {""food_id"": 111, ""measure_id"": 1378, ""unit_amount"": 1.0}, {""food_id"": 112, ""measure_id"": 1388, ""unit_amount"": 0.5}, {""food_id"": 113, ""measure_id"": 1406, ""unit_amount"": 1.0}, {""food_id"": 114, ""measure_id"": 1417, ""unit_amount"": 0.5}]",405.5284,214.7345,203.1121,1822.7712,43.7279,91.8333,0.8862,15.2427,31.2144,6043.7543,971.6026,52.0427,21.1425,0,55.629,0,0,0,0,0,0,0,0,0,0,0.9034,0.0,1.9481,19.8836,1.5823,9.7348,0.0,0.0,27.2155,2289.4743,1.4056,276.7532,1.7448,1.3625,0.2758,7633.6175,0.0,1.2707,1.3885,0.0,4.674,0.2126,0.2305,0.0,21.8379,1.9176,1.5826,0.0717,0.4087,0.1555,9.5826,28.9402,27.2058,1.4799,0.0,8.2973,0.2421,7.5049,0.0,1.2336,0.4274,0.008,0.0,0.1568,0.4413,0.2838,0.1038,0.0375,0.0663,0.174,0.0,0.0099,0.0,0.0236,0.0086,0.0559,0.0369,0.0057,0.0077,0.0,1.3513,0.9321,0.5803,32.009,10.2589,0.7061,0.1801,5.099,435.9463,0.0,435.9463,435.9463,7.0946,0.2424,2.7398,7.059,0.7127,0.9847,0.0499,1.3952,1.7374,2.058,7415.4262,0.0,2.0961,0.0,0.5863,345.584,0.0,3.1536,17.64,0,0,0,0.0,0.0086,0,0,0,1044.7716,5.2693,1.1491,166.3803,0.7959,443.9291,0.9664,36.2421,0.6862,1.1355,143.8794,0.0,4.8894,0.0,1.7382,1.2791,5.9783,1.1453,0.0113,0.8799,0.3916,0.6693,1.5671,5323.9613,636.7303,0.7105,4.5589,443.3722,1.4056,849.7745,0.0,1283.7696,6.2356,0.1109,0.0227,0.0567,0.0
85,"[{""food_id"": 10, ""measure_id"": 163, ""unit_amount"": 225.0}, {""food_id"": 28, ""measure_id"": 384, ""unit_amount"": 2.0}, {""food_id"": 115, ""measure_id"": 1423, ""unit_amount"": 175.0}, {""food_id"": 21, ""measure_id"": 281, ""unit_amount"": 175.0}, {""food_id"": 43, ""measure_id"": 573, ""unit_amount"": 3.0}, {""food_id"": 32, ""measure_id"": 432, ""unit_amount"": 1.0}, {""food_id"": 30, ""measure_id"": 408, ""unit_amount"": 1.0}]",720.8638,351.6704,935.47,2990.353,95.1239,158.7171,5.8065,14.2096,6.0934,522.7876,2327.2535,44.0759,177.2317,0,130.4725,0,0,0,0,0,0,0,0,0,0,1.9174,1.4754,2.2369,12.6686,3.1275,159.2873,0.0,0.0,0.0,277.11,3.183,499.501,13.5,0.4492,0.9179,12509.13,0.0,4.4423,4.5357,0.0003,13.0892,0.0128,0.0151,0.0006,41.7346,1.9874,1.9829,0.0045,1.0147,0.0188,18.7677,40.3219,34.8591,5.2649,0.0,7.9959,0.4853,6.0954,0.0,0.674,0.6065,0.018,0.0,0.2466,0.2158,0.027,0.035,0.0015,0.033,0.282,0.0,0.0,0.0,0.0063,0.0,0.0195,0.0105,0.087,0.0,0.0,5.6632,3.5184,2.0916,42.5554,9.1324,5.2694,0.5371,7.0685,488.2625,346.5,731.2625,141.7625,0.0015,0.0031,10.762,0.5565,1.5242,1.0366,0.0,1.9252,0.764,3.4195,795.0,0.0,2.0404,0.0015,1.0319,75.6762,0.0,1.5965,13.5022,0,0,0,0.0,0.0,0,0,0,797.8593,3.5333,2.2879,0.0,3.6567,1422.6375,1.9221,125.5247,2.7284,7.0,0.0,0.0,174.6515,0.0,1.8416,1.5543,5.7746,0.1725,0.135,1.605,0.5637,1.5478,2.3535,5212.225,1445.3875,1.7133,0.3662,0.0305,3.183,13.4055,0.15,185.1721,3.7638,0.135,0.2025,0.015,0.0
86,"[{""food_id"": 21, ""measure_id"": 280, ""unit_amount"": 0.5}, {""food_id"": 10, ""measure_id"": 161, ""unit_amount"": 2.25}, {""food_id"": 6, ""measure_id"": 103, ""unit_amount"": 1.0}, {""food_id"": 28, ""measure_id"": 384, ""unit_amount"": 3.5}, {""food_id"": 11, ""measure_id"": 180, ""unit_amount"": 0.75}, {""food_id"": 32, ""measure_id"": 431, ""unit_amount"": 1.0}]",1309.3712,243.4092,263.545,2016.6465,61.8057,99.6474,3.9279,14.9155,7.626,673.5759,4143.0067,38.0699,25.6988,0,119.56,0,0,0,0,0,0,0,0,0,0,1.24,0.0,1.4374,20.3701,1.9865,200.2553,0.0,0.0,0.0,189.09,2.928,90.604,0.0,0.4233,0.6738,8438.5035,0.0,2.99,3.0705,0.0049,8.8669,0.0366,0.0488,0.0098,26.4039,1.1566,1.1566,0.0,0.6624,0.0122,11.9615,24.1399,20.3192,3.5749,0.0,4.3473,0.3031,2.5926,0.0,0.4389,0.377,0.0,0.0,0.1664,0.1184,0.0,0.0073,0.0,0.0,0.0,0.0,0.0,0.0,0.0049,0.0,0.0,0.0,0.0,0.0,0.0,3.8494,2.3756,1.3995,25.4699,4.7935,3.5749,0.3531,11.5559,530.2925,433.125,834.0425,97.1675,0.0244,0.0488,11.7972,0.0244,1.2224,0.917,0.0,1.4792,12.2244,2.8548,50.625,0.0,1.3908,0.0244,0.7508,95.3729,0.0,1.9587,16.8772,0,0,0,0.0,0.0,0,0,0,908.221,2.2254,1.9262,0.0,4.2579,895.785,1.8818,102.6904,1.9891,4.54,0.0,0.0,12.5493,0.0,2.3087,1.1774,2.8752,0.1969,0.0563,1.0688,0.4733,1.3315,1.7589,3299.965,910.54,1.4862,0.2199,0.488,2.928,9.2768,0.0,270.0256,3.2492,0.0563,0.2531,0.0,0.0
88,"[{""food_id"": 31, ""measure_id"": 429, ""unit_amount"": 8.0}, {""food_id"": 116, ""measure_id"": 1438, ""unit_amount"": 1.0}, {""food_id"": 117, ""measure_id"": 1441, ""unit_amount"": 2.0}, {""food_id"": 118, ""measure_id"": 1449, ""unit_amount"": 10.0}]",1941.1551,283.5038,1977.4911,4368.0193,101.438,264.7414,1.1998,27.1678,16.17,3575.1494,7418.5258,199.9399,8.499,0,570.0846,0,0,0,0,0,0,0,0,0,0,12.2486,0.0,13.378,35.4995,19.9457,9.8127,0.0,0.0,0.0,125.44,9.12,1487.5127,36.0,2.4506,3.3619,18287.2964,0.0,1.2963,1.1805,0.0,8.6092,0.028,0.032,0.0,57.5938,5.3257,0.792,0.012,0.4463,0.048,28.4116,95.2273,60.2811,0.8087,0.0,27.1338,0.048,20.5709,0.3311,1.9669,0.9106,0.048,0.0,0.2207,0.9562,0.6798,0.092,0.004,0.088,1.0423,0.0,0.0,0.0,0.016,0.0,0.052,0.028,0.232,0.0,0.0,2.0813,0.9341,0.623,101.5829,31.2354,0.8207,0.3791,23.888,824.3559,543.9,1206.5559,280.4559,0.0896,0.0896,47.8507,4.9687,11.2597,7.0085,0.9525,11.5394,0.1792,19.8196,2012.0,0.0,16.3141,0.1344,6.3269,281.2951,62.1421,2.475,30.7905,0,0,0,0.0,0.0,0,0,0,3092.8594,11.9729,11.386,0.0,17.7091,1020.8,4.7925,354.0673,12.8528,0.0,0.0,0.0,1.2454,0.0,3.775,9.585,5.894,0.04,0.24,2.0,2.9624,8.9833,13.4054,3636.16,1029.76,9.3089,1.8735,0.0,14.1095,6.8,0.4,787.3093,21.3235,0.24,0.0,0.04,0.0
90,"[{""food_id"": 119, ""measure_id"": 1465, ""unit_amount"": 1.0}, {""food_id"": 73, ""measure_id"": 934, ""unit_amount"": 3.0}, {""food_id"": 47, ""measure_id"": 605, ""unit_amount"": 1.0}, {""food_id"": 6, ""measure_id"": 92, ""unit_amount"": 2.0}]",1229.4735,498.3765,0.0,4270.5452,18.5793,238.427,0.0318,17.1556,49.5788,3289.2335,2272.8149,95.233,422.3975,0,0.0,0,0,0,0,0,0,0,0,0,0,4.4951,0.0,11.0858,14.2981,11.866,0.0,0.0,18.1437,0.0,4.9934,0.0,238.6547,1.83,5.044,0.9707,17862.5044,0.0,0.0092,0.0005,0.0,0.0871,0.0009,0.0005,0.0,15.1918,1.1748,0.0,0.0,0.0544,0.2586,3.1951,148.5713,148.5441,0.0227,0.0,58.723,0.0,58.723,0.0,0.0495,0.0313,0.0,0.0,0.0363,0.0318,0.0,0.0,0.0,0.0,0.0,0.0,0.0,0.0,0.0,0.0,0.0,0.0,0.0,0.0,0.0,0.0,0.0,0.0,150.0329,58.7724,0.0,0.0,168.5514,258.6256,0.0,258.6256,258.6256,0.5487,0.0,27.9095,0.4983,6.4274,2.4222,0.1814,3.3793,0.0,6.627,11.3984,0.0,2.5537,0.4082,0.7031,1270.634,0.0,10.1457,16.5387,0,0,0,0.0,0.0,0,0,0,2140.0784,1.5159,5.0893,0.0,4.359,0.0,5.5124,11.5176,4.1005,553.3823,3.3112,18.1437,420.9423,0.0,0.3603,2.6989,108.4771,1.4515,0.4082,3.2659,0.948,2.023,3.8465,7.2809,0.0,0.0,0.638,17.7053,0.0,0.0,0.0,289.7361,15.1005,0.0,0.0,0.0,0.0
91,"[{""food_id"": 120, ""measure_id"": 1470, ""unit_amount"": 1.5}, {""food_id"": 39, ""measure_id"": 526, ""unit_amount"": 3.0}, {""food_id"": 107, ""measure_id"": 1319, ""unit_amount"": 3.0}, {""food_id"": 121, ""measure_id"": 1481, ""unit_amount"": 0.5}, {""food_id"": 122, ""measure_id"": 1487, ""unit_amount"": 0.5}, {""food_id"": 123, ""measure_id"": 1502, ""unit_amount"": 0.5}, {""food_id"": 107, ""measure_id"": 1319, ""unit_amount"": 5.0}, {""food_id"": 5, ""measure_id"": 75, ""unit_amount"": 1.0}, {""food_id"": 124, ""measure_id"": 1509, ""unit_amount"": 1.0}, {""food_id"": 125, ""measure_id"": 1514, ""unit_amount"": 1.0}, {""food_id"": 42, ""measure_id"": 564, ""unit_amount"": 1.0}, {""food_id"": 126, ""measure_id"": 1533, ""unit_amount"": 2.0}, {""food_id"": 127, ""measure_id"": 1541, ""unit_amount"": 0.75}]",386.427,279.4756,259.0725,2306.0532,75.9693,120.1771,0.0013,11.5773,26.1218,2195.4309,3107.6046,36.8607,35.8363,0,0.0,0,0,0,0,0,0,0,0,0,0,1.6341,0.0,2.4328,14.4815,3.0582,10.0519,0.0,0.0,58.2,1909.6855,0.0,85.4305,6.4482,1.3574,0.3433,9655.5125,0.0,4.0453,11.7298,0.0,11.73,0.0,0.0019,0.0,27.5697,2.1139,1.0938,0.0,0.6372,0.0009,12.0585,26.9861,20.1525,3.3861,0.0,5.1462,0.3032,2.601,0.0,1.5108,0.3621,0.0,0.0,0.1725,0.1193,0.0,0.0,0.0,0.0,0.0,0.0,0.0,0.0,0.0044,0.0013,0.0,0.0,0.0,0.0051,0.0,3.6632,2.4102,2.857,30.4886,6.6654,0.0013,0.0,7.2194,258.2472,0.0,258.2472,258.2472,0.9966,0.4859,6.3724,1.1938,1.4264,0.7264,0.0,1.3085,0.188,2.4269,3295.9221,0.0,1.3895,0.188,0.6127,526.7495,0.0,12.1465,16.409,0,0,0,0.0013,0.0,0,0,0,1043.4288,5.9663,1.4926,7.8782,1.5013,761.9205,0.9281,18.3759,1.6104,4.5421,0.0,0.0,23.2606,0.0,1.6251,1.1336,4.9405,0.009,0.0064,0.3422,0.3817,1.0725,1.8394,5813.6982,923.9943,0.3425,1.9393,164.6343,0.0,361.7637,0.0,1157.5522,8.0164,0.3392,0.0,0.0765,0.0
93,"[{""food_id"": 128, ""measure_id"": 1554, ""unit_amount"": 4.0}, {""food_id"": 59, ""measure_id"": 786, ""unit_amount"": 4.0}, {""food_id"": 129, ""measure_id"": 1557, ""unit_amount"": 1.0}, {""food_id"": 36, ""measure_id"": 483, ""unit_amount"": 14.0}, {""food_id"": 26, ""measure_id"": 366, ""unit_amount"": 14.0}, {""food_id"": 130, ""measure_id"": 1576, ""unit_amount"": 14.0}]",756.0789,17.2673,204.8624,992.3045,46.5148,88.7468,0.07,1.9334,3.5146,1011.2753,1672.1196,38.1731,9.0748,0,33.9156,0,0,0,0,0,0,0,0,0,0,1.3247,0.0,1.4467,8.9169,2.7339,14.2334,0.0,4.0516,1.134,380.1293,0.567,84.5949,7.3654,0.7897,0.2218,4154.4558,0.28,1.7115,1.7482,0.0,7.6303,0.4111,0.4091,0.0,22.4978,1.7006,0.6455,0.1287,0.2462,0.0809,8.0469,25.2396,8.257,0.9991,0.0,6.5846,0.2145,0.9625,0.0,0.682,0.1478,0.0023,0.0011,0.0677,0.1188,0.0084,0.0463,0.0023,0.0429,0.0628,0.0,0.0118,0.0,0.0165,0.0023,0.0096,0.0236,0.0,0.0096,0.0,1.5977,1.1112,0.7143,27.9388,7.4324,0.0573,0.2724,2.5384,84.6316,0.0,84.6316,84.6316,0.2477,0.0189,8.3277,2.0817,0.8642,1.2072,0.0,1.8499,4.8867,3.2662,406.9842,0.0,2.9811,0.0,0.974,80.1167,9.8658,1.1084,6.628,0,0,0,0.0,0.0023,0,0,0,756.6254,4.9187,1.8013,0.0,3.375,575.6572,1.3185,40.5117,1.9473,24.4062,0.4929,0.6258,0.8135,0.0,0.317,1.3963,1.6584,0.0954,0.112,5.5883,0.5142,1.9462,2.66,2511.8072,607.5386,1.7177,0.4595,4.5652,0.847,35.0652,1.4,256.6245,5.3719,0.1154,0.0,0.0,0.0
94,"[{""food_id"": 8, ""measure_id"": 147, ""unit_amount"": 1.0}, {""food_id"": 131, ""measure_id"": 1583, ""unit_amount"": 0.5}, {""food_id"": 114, ""measure_id"": 1409, ""unit_amount"": 1.0}, {""food_id"": 30, ""measure_id"": 408, ""unit_amount"": 0.75}, {""food_id"": 22, ""measure_id"": 301, ""unit_amount"": 0.33}, {""food_id"": 53, ""measure_id"": 701, ""unit_amount"": 1.0}, {""food_id"": 132, ""measure_id"": 1591, ""unit_amount"": 1.5}]",115.5025,229.1819,186.0,947.97,1.639,5.9106,0.019,2.2936,5.5743,340.3689,197.4508,8.8267,212.1247,0,41.0,0,0,0,0,0,0,0,0,0,0,0.4622,1.1065,0.5247,1.731,0.825,6.1464,0.0,0.0,0.0,71.04,1.0,162.6753,6.52,0.2053,0.1709,3966.5687,0.0,0.003,0.0,0.0,0.0167,0.0035,0.0041,0.0,1.1658,0.1049,0.099,0.0015,0.011,0.006,0.4176,1.8172,1.6943,0.0115,0.0,1.0042,0.006,0.7661,0.0,0.1548,0.018,0.006,0.0,0.0015,0.0135,0.009,0.0115,0.0005,0.011,0.094,0.0,0.0,0.0,0.002,0.0,0.0065,0.0035,0.029,0.0,0.0,0.002,0.0,0.002,1.9407,1.3129,0.013,0.006,0.55,52.1737,12.0313,60.6112,40.1424,11.7373,0.0,1.3103,11.874,0.3138,0.1969,0.0,0.4145,0.0,0.6962,431.0618,0.0,0.5027,0.0,0.2309,28.9036,0.0,0.8599,1.5159,0,0,0,0.0,0.0,0,0,0,137.134,1.1606,0.4383,0.0,0.4118,80.0,0.3621,20.1417,0.5746,0.0,0.0666,0.0,57.193,0.0,0.2655,0.3444,1.8067,0.0327,0.0982,1.0789,0.1001,0.2939,0.5302,391.5465,86.761,0.445,0.2312,22.2562,1.0,43.0245,0.05,272.0707,1.8363,0.0316,0.007,0.1604,0.0
99,"[{""food_id"": 133, ""measure_id"": 1598, ""unit_amount"": 2.0}, {""food_id"": 134, ""measure_id"": 1601, ""unit_amount"": 1.5}, {""food_id"": 135, ""measure_id"": 1613, ""unit_amount"": 1.0}, {""food_id"": 136, ""measure_id"": 1617, ""unit_amount"": 1.0}, {""food_id"": 11, ""measure_id"": 179, ""unit_amount"": 1.0}, {""food_id"": 137, ""measure_id"": 1623, ""unit_amount"": 1.0}, {""food_id"": 138, ""measure_id"": 1636, ""unit_amount"": 1.0}, {""food_id"": 139, ""measure_id"": 1642, ""unit_amount"": 0.25}]",215.6334,21.9446,0.0,124.6581,0.5581,4.7271,0.0013,11.4456,5.921,512.364,6375.8487,4.2969,8.8012,0,0.0,0,0,0,0,0,0,0,0,0,0,0.0871,0.0,0.051,18.3048,0.134,0.2207,0.0,0.0,5.6732,902.448,0.0,9.9978,120.6283,0.2805,0.0104,520.676,0.0,0.013,0.0076,0.0,0.1327,0.0006,0.0001,0.0,0.3094,0.0852,0.0001,0.0,0.0025,0.0004,0.0743,2.4562,0.0182,0.0011,0.0,0.6965,0.0003,0.0122,0.0,0.0767,0.0062,0.0002,0.0,0.0011,0.0334,0.0001,0.0024,0.0,0.0,0.0005,0.0,0.0,0.0,0.0008,0.0003,0.0003,0.0009,0.0,0.0023,0.0,0.0,0.0003,0.0017,2.5755,0.778,0.0011,0.0002,0.8474,30.2552,0.0,30.2552,30.2552,2.8381,0.0038,0.1789,1.2331,0.0665,0.0268,0.0,0.0487,0.0,0.0835,326.7347,2.2759,0.0721,0.0,0.0171,84.7282,0.0,2.0214,1.5278,0,0,0,0.0,0.0001,0,0,0,110.9979,0.1505,0.0473,17.7922,0.0746,0.0,0.1068,1.7236,0.0589,0.0044,0.0,0.0066,4.1882,0.0,0.1359,0.0445,1.6684,0.006,0.003,0.2428,0.0179,0.0332,0.0678,1613.0032,80.6795,0.0,0.2092,25.365,0.0,8.995,0.0106,52.4846,1.1238,0.0311,0.006,0.0001,0.0
113,"[{""food_id"": 53, ""measure_id"": 700, ""unit_amount"": 1.5}, {""food_id"": 99, ""measure_id"": 1237, ""unit_amount"": 0.5}, {""food_id"": 28, ""measure_id"": 384, ""unit_amount"": 1.5}, {""food_id"": 54, ""measure_id"": 720, ""unit_amount"": 1.5}, {""food_id"": 140, ""measure_id"": 1652, ""unit_amount"": 1.5}, {""food_id"": 11, ""measure_id"": 180, ""unit_amount"": 0.5}, {""food_id"": 141, ""measure_id"": 1686, ""unit_amount"": 0.5}, {""food_id"": 142, ""measure_id"": 1699, ""unit_amount"": 2.0}, {""food_id"": 143, ""measure_id"": 1705, ""unit_amount"": 2.0}, {""food_id"": 144, ""measure_id"": 1713, ""unit_amount"": 2.0}]",1101.7823,290.6682,22.68,1651.6676,5.9626,36.1402,0.1083,12.1612,13.2727,1436.387,3964.4522,46.0105,99.7535,0,4.536,0,0,0,0,0,0,0,0,0,0,1.7567,0.0,1.7718,16.5969,2.8071,175.9716,0.0,66.0742,2086.2,4983.072,0.0,113.7954,0.0,0.9156,0.7894,6915.978,0.0,0.1497,0.1782,0.0,0.5495,0.0,0.0,0.0,3.1468,0.174,0.0,0.0,0.0,0.0,1.1071,18.4594,16.9199,0.0082,0.0,6.7768,0.0,5.1105,0.1001,2.638,2.5051,0.0,0.0,0.1782,0.3673,0.0,0.0,0.0,0.0,0.0,0.0,0.0,0.0,0.0905,0.0,0.0,0.0,0.0,0.0,0.0,0.1542,0.1043,0.0682,19.1282,9.4154,0.0082,0.1001,43.783,422.4061,288.75,624.9061,133.6561,6.1172,0.4359,12.881,5.3813,1.5032,1.1197,0.0,1.9685,0.0,3.7541,319.35,0.6,2.326,0.2025,1.0231,193.2588,0.0,4.1177,15.0667,0,0,0,0.0,0.0,0,0,0,1085.0272,3.3865,2.4082,0.5125,5.6788,49.896,1.8014,113.57,2.4901,113.2308,35.52,0.8225,2.4952,0.0,1.9678,1.6029,5.8211,0.278,0.3089,9.3542,0.4505,1.6893,2.654,10210.44,550.896,1.9505,0.5862,6.5027,0.0,29.6276,0.0,428.7932,6.1015,0.2317,0.1688,0.018,0.0027
116,"[{""food_id"": 53, ""measure_id"": 700, ""unit_amount"": 2.0}, {""food_id"": 6, ""measure_id"": 103, ""unit_amount"": 3.0}, {""food_id"": 28, ""measure_id"": 388, ""unit_amount"": 1.0}, {""food_id"": 11, ""measure_id"": 180, ""unit_amount"": 0.75}, {""food_id"": 107, ""measure_id"": 1319, ""unit_amount"": 6.0}, {""food_id"": 145, ""measure_id"": 1733, ""unit_amount"": 1.5}, {""food_id"": 146, ""measure_id"": 1741, ""unit_amount"": 1.0}, {""food_id"": 109, ""measure_id"": 1349, ""unit_amount"": 0.33}, {""food_id"": 43, ""measure_id"": 573, ""unit_amount"": 2.0}]",994.0221,267.651,643.8496,2211.1506,64.6635,110.1111,1.0088,15.6362,12.3176,678.5324,3229.2614,43.0122,63.1588,0,131.4802,0,0,0,0,0,0,0,0,0,0,1.73,0.0,2.0228,16.6483,2.7617,176.494,0.0,0.0,0.02,262.2856,3.2566,362.4953,9.9,0.5877,0.8559,9253.9152,0.0,2.8706,3.0279,0.0,8.9819,0.2772,0.2853,0.0,28.4198,2.2706,1.446,0.0886,0.6638,0.0631,12.1605,27.3643,23.406,3.2624,0.0,5.304,0.3871,4.062,0.0,1.3377,0.4001,0.0136,0.0,0.1574,0.1633,0.0243,0.0552,0.0026,0.0526,0.2336,0.0,0.0071,0.0,0.0158,0.0024,0.0209,0.0227,0.058,0.0071,0.0,3.3262,2.1875,1.319,31.0815,7.0659,0.8114,0.1974,5.9227,523.7765,385.0,793.7765,138.7765,11.0334,0.0,11.1734,11.2036,1.4954,0.9798,0.0,1.7727,2.2934,3.2132,725.96,0.0,1.6654,0.0,0.9338,91.588,0.0,2.4941,15.8571,0,0,0,0.0,0.0024,0,0,0,863.2302,3.3922,2.1747,0.7,3.8762,1049.5274,1.9685,119.1514,2.4228,3.4065,0.0666,0.0,37.8189,0.0,2.1058,1.4343,5.1688,0.2072,0.1766,2.4377,0.5532,1.4391,2.1463,3943.6289,1072.0309,1.1605,0.4289,24.5852,3.2566,52.3707,0.1,355.9161,3.6747,0.1807,0.225,0.1654,0.0
117,"[{""food_id"": 10, ""measure_id"": 161, ""unit_amount"": 2.0}, {""food_id"": 28, ""measure_id"": 384, ""unit_amount"": 2.0}, {""food_id"": 11, ""measure_id"": 180, ""unit_amount"": 0.5}, {""food_id"": 147, ""measure_id"": 1743, ""unit_amount"": 0.5}, {""food_id"": 6, ""measure_id"": 92, ""unit_amount"": 1.0}, {""food_id"": 46, ""measure_id"": 603, ""unit_amount"": 1.0}, {""food_id"": 32, ""measure_id"": 431, ""unit_amount"": 0.25}, {""food_id"": 44, ""measure_id"": 576, ""unit_amount"": 1.0}, {""food_id"": 146, ""measure_id"": 1741, ""unit_amount"": 1.5}, {""food_id"": 132, ""measure_id"": 1591, ""unit_amount"": 1.0}]",695.3186,419.0391,248.28,2811.498,44.0678,111.4128,0.0709,14.0536,10.6384,553.0659,2141.3635,35.2608,218.955,0,70.89,0,0,0,0,0,0,0,0,0,0,1.3117,1.4754,1.5646,11.457,2.009,176.745,0.0,0.0,0.03,50.01,1.732,217.664,5.85,0.5057,0.7075,11764.465,0.0,0.1354,0.1361,0.0012,1.7633,0.0127,0.0162,0.0024,25.4274,3.2975,0.1155,0.0015,0.0177,0.0091,16.1587,44.2256,1.9563,0.0591,0.0,11.8675,0.006,0.7991,0.0,1.298,0.0229,0.006,0.0,0.0039,0.0147,0.009,0.0133,0.0005,0.011,0.094,0.0,0.0,0.0,0.0032,0.0,0.0065,0.0035,0.029,0.0,0.0,0.049,0.0244,0.0142,47.9684,13.424,0.0606,0.0103,2.6786,493.32,385.0,763.32,108.32,7.3617,0.0122,10.1213,7.4135,1.2291,0.8068,0.0,1.3663,3.0561,2.574,415.44,0.0,1.2136,0.0061,0.7184,80.066,0.0,2.2464,15.5024,0,0,0,0.0,0.0,0,0,0,645.0693,2.2733,1.7828,14.375,3.4913,113.55,1.6816,103.0151,1.9295,0.0,0.0444,0.0,199.7689,0.0,2.0634,1.0961,2.5694,0.1948,0.1244,1.7328,0.431,1.1447,1.6442,467.32,118.08,0.7683,0.3015,18.348,1.732,51.6235,0.05,252.1325,2.9604,0.08,0.225,0.1086,0.0
118,"[{""food_id"": 21, ""measure_id"": 273, ""unit_amount"": 2.0}, {""food_id"": 6, ""measure_id"": 92, ""unit_amount"": 1.5}, {""food_id"": 55, ""measure_id"": 734, ""unit_amount"": 0.5}, {""food_id"": 56, ""measure_id"": 742, ""unit_amount"": 0.5}, {""food_id"": 53, ""measure_id"": 700, ""unit_amount"": 1.5}, {""food_id"": 148, ""measure_id"": 1752, ""unit_amount"": 3.0}, {""food_id"": 21, ""measure_id"": 280, ""unit_amount"": 0.5}, {""food_id"": 43, ""measure_id"": 573, ""unit_amount"": 2.0}, {""food_id"": 32, ""measure_id"": 431, ""unit_amount"": 0.33}, {""food_id"": 149, ""measure_id"": 1761, ""unit_amount"": 2.0}, {""food_id"": 25, ""measure_id"": 352, ""unit_amount"": 2.0}, {""food_id"": 92, ""measure_id"": 1159, ""unit_amount"": 2.0}, {""food_id"": 28, ""measure_id"": 384, ""unit_amount"": 1.5}, {""food_id"": 54, ""measure_id"": 720, ""unit_amount"": 1.5}, {""food_id"": 11, ""measure_id"": 180, ""unit_amount"": 1.5}]",666.7153,498.6006,683.4997,3411.3912,78.4163,138.437,4.7574,12.413,16.4063,961.841,6895.0844,38.5463,337.4583,0,121.4548,0,0,0,0,0,0,0,0,0,0,1.5426,10.2216,1.8768,22.1351,2.5898,133.4046,0.0,0.78,0.013,425.8764,2.9662,369.8059,19.135,0.6552,0.7307,14267.36,0.0,3.6338,3.7193,0.0016,10.9835,0.0191,0.0241,0.0032,34.3381,1.6021,1.5832,0.003,0.8273,0.016,15.4372,37.6043,27.827,4.3169,0.0,8.8952,0.3909,4.6486,0.0,0.671,0.4894,0.012,0.0,0.211,0.1974,0.018,0.0254,0.001,0.022,0.188,0.0,0.0,0.0,0.0056,0.0,0.013,0.007,0.058,0.0,0.0,4.6433,2.8799,1.7086,39.4428,9.8768,4.3199,0.4376,9.2743,412.0169,288.75,604.7069,123.2669,16.3777,0.0161,9.2887,9.095,1.2668,0.889,0.0,1.5961,4.0341,2.8681,751.126,0.195,1.6973,0.0081,0.8478,102.8532,0.0,2.3516,11.9137,0,0,0,0.0,0.0,0,0,0,739.6919,3.1001,1.9081,1.0407,3.1899,1156.3511,1.7466,100.4096,2.2281,20.8855,0.2233,0.39,306.2265,0.0,1.7047,1.2919,5.2793,0.192,0.162,4.5314,0.4686,1.3064,1.9472,4578.0276,1191.7882,1.5581,0.442,0.3874,2.9662,22.2802,0.1,492.4128,3.9417,0.0975,0.1688,0.01,0.0
120,"[{""food_id"": 141, ""measure_id"": 1683, ""unit_amount"": 1.0}, {""food_id"": 43, ""measure_id"": 573, ""unit_amount"": 4.0}, {""food_id"": 6, ""measure_id"": 92, ""unit_amount"": 2.0}, {""food_id"": 53, ""measure_id"": 700, ""unit_amount"": 3.0}, {""food_id"": 11, ""measure_id"": 180, ""unit_amount"": 0.5}, {""food_id"": 28, ""measure_id"": 384, ""unit_amount"": 2.0}, {""food_id"": 54, ""measure_id"": 720, ""unit_amount"": 2.0}, {""food_id"": 55, ""measure_id"": 734, ""unit_amount"": 2.0}, {""food_id"": 150, ""measure_id"": 1780, ""unit_amount"": 0.5}, {""food_id"": 29, ""measure_id"": 398, ""unit_amount"": 1.5}, {""food_id"": 59, ""measure_id"": 786, ""unit_amount"": 8.0}, {""food_id"": 6, ""measure_id"": 108, ""unit_amount"": 10.0}, {""food_id"": 107, ""measure_id"": 1327, ""unit_amount"": 4.0}, {""food_id"": 30, ""measure_id"": 408, ""unit_amount"": 2.0}]",1225.0768,1043.0575,1216.878,9494.0597,135.6701,569.0679,2.6531,26.0865,29.6252,2770.7718,5888.199,92.3387,716.7454,0,164.0,0,0,0,0,0,0,0,0,0,0,4.104,2.9508,5.5602,24.92,7.5097,268.0098,0.0,681.72,15773.7138,37906.1052,4.0,773.6169,29.244,1.972,1.974,39727.7942,0.0,4.8487,5.2111,0.0,16.0845,0.7987,0.7962,0.0,65.3072,4.9126,3.6761,0.2509,1.1556,0.1782,28.0724,288.3644,276.6223,5.5824,0.0,81.5037,0.735,55.5275,0.0,15.9974,7.6685,0.0285,0.0023,2.567,4.9223,0.0519,0.1345,0.0065,0.1257,0.4962,0.0,0.0227,0.0,1.0142,0.8143,0.0441,0.0594,0.116,0.5053,0.4872,5.2947,3.6186,2.1876,301.7398,98.4357,0.3107,2.8618,19.9447,949.3585,577.5,1354.3585,371.8585,2.6065,0.0,22.9207,3.5183,3.3107,2.3256,0.0,4.2053,8.5277,7.5966,2267.5155,5.3159,4.7661,0.0,2.1397,285.0716,19.7316,6.2989,27.7836,0,0,0,0.0,0.0045,0,0,0,1642.6639,7.6077,4.7274,1.352,7.808,1768.118,3.82,216.8591,5.5928,1488.096,7.3162,0.0,699.876,0.0,3.5877,3.9684,83.6887,0.4179,1.3425,89.6438,1.1394,3.3475,5.0093,82238.0335,5583.0732,2.4718,1.594,27.7395,4.0,77.5423,0.2,745.2856,9.5603,0.3311,0.3375,0.02,0.0
121,"[{""food_id"": 151, ""measure_id"": 1787, ""unit_amount"": 15.0}, {""food_id"": 29, ""measure_id"": 399, ""unit_amount"": 1.0}, {""food_id"": 83, ""measure_id"": 1042, ""unit_amount"": 1.0}, {""food_id"": 90, ""measure_id"": 1124, ""unit_amount"": 1.0}, {""food_id"": 152, ""measure_id"": 1792, ""unit_amount"": 0.5}, {""food_id"": 47, ""measure_id"": 605, ""unit_amount"": 0.25}, {""food_id"": 153, ""measure_id"": 1799, ""unit_amount"": 4.0}, {""food_id"": 154, ""measure_id"": 1804, ""unit_amount"": 3.0}, {""food_id"": 3, ""measure_id"": 33, ""unit_amount"": 1.0}]",365.313,102.5064,133.89,972.756,6.7564,29.7572,0.5025,15.9825,22.6398,2662.366,1800.7945,77.2363,7.7973,0,17.85,0,0,0,0,0,0,0,0,0,0,3.9203,0.0,4.8052,7.9051,7.8377,2.7245,0.0,28.28,56.0817,465.164,0.425,55.4844,93.6483,1.2403,0.828,4066.681,0.0,0.0124,0.0126,0.0007,0.2597,0.0009,0.0265,0.0,3.8661,0.2548,0.04,0.0,0.096,0.0017,2.2997,15.4971,15.0661,0.3129,0.0,3.6727,0.0091,3.047,0.0255,0.7403,0.4215,0.0013,0.0,0.1112,0.2367,0.0332,0.0043,0.0,0.0,0.0881,0.0,0.0251,0.0,0.0421,0.0337,0.0,0.0285,0.0114,0.0203,0.0203,0.0,0.0004,0.0002,16.0451,4.6037,0.3129,0.1818,45.3239,292.0838,0.0,292.0838,292.0838,2.4133,0.0,11.4553,3.0764,3.4817,2.3536,0.0451,3.3929,0.0,5.959,36.8783,1930.4835,5.8849,0.0,1.6172,293.4775,0.0,2.3568,15.4227,0,0,0,0.0,0.0,0,0,0,768.5615,2.2451,3.4585,12.7272,3.2268,7.4,0.8352,51.4774,3.4395,59.64,0.0,0.0,1.0814,0.0,1.0062,3.2337,8.0695,0.0064,0.0,3.1643,0.849,2.4109,3.7972,924.8124,52.3058,1.8527,1.7327,6.4952,0.425,15.9286,0.0,570.7032,9.05,0.1112,0.0,0.0765,0.0
123,"[{""food_id"": 21, ""measure_id"": 280, ""unit_amount"": 0.25}, {""food_id"": 4, ""measure_id"": 64, ""unit_amount"": 2.0}, {""food_id"": 155, ""measure_id"": 1809, ""unit_amount"": 750.0}, {""food_id"": 23, ""measure_id"": 336, ""unit_amount"": 0.33}, {""food_id"": 156, ""measure_id"": 1819, ""unit_amount"": 0.33}, {""food_id"": 31, ""measure_id"": 429, ""unit_amount"": 3.0}, {""food_id"": 47, ""measure_id"": 605, ""unit_amount"": 0.25}, {""food_id"": 23, ""measure_id"": 336, ""unit_amount"": 0.25}, {""food_id"": 141, ""measure_id"": 1686, ""unit_amount"": 0.5}]",1418.4456,278.3745,1085.0125,2978.3805,102.1938,175.679,1.9173,4.9868,8.4,3261.7606,3493.7404,81.0301,238.7712,0,205.5,0,0,0,0,0,0,0,0,0,0,3.2805,0.0,3.8531,21.495,7.6998,1.8203,0.0,0.0,10431.0,25027.165,5.25,570.2271,13.5,0.5162,1.074,12480.3069,0.0,4.4142,4.7681,0.0,15.1369,0.903,1.107,0.0,45.756,2.4354,0.8424,0.0045,0.9583,0.153,19.933,43.7321,14.717,1.7268,0.0,7.7238,0.1695,3.5257,0.0,0.8793,0.8553,0.018,0.0,0.2628,0.2098,0.027,0.0345,0.0015,0.033,0.4845,0.0,0.0,0.0,0.006,0.0,0.0195,0.0105,0.087,0.0,0.0,5.6243,2.234,1.9938,47.4401,9.8976,1.7313,0.186,54.9769,271.7025,0.0,271.7025,271.7025,2.2051,0.0,16.646,4.0331,2.2017,2.3366,0.0,4.4839,43.65,8.4996,1522.5,3.0,7.334,0.0,2.5319,138.1454,40.5,3.6625,4.1093,0,0,0,0.0,0.0,0,0,0,1557.7551,9.5568,4.1063,0.0,7.5765,1820.7925,3.6441,78.254,5.3571,2.27,14.415,0.0,188.7975,0.0,0.6313,3.7386,6.8966,0.045,0.09,0.9,0.9758,3.9083,5.4414,56486.1825,4340.67,8.3315,1.0103,17.7,5.25,52.2725,0.15,982.2255,8.5679,0.12,0.0,0.015,0.0
125,"[{""food_id"": 157, ""measure_id"": 1834, ""unit_amount"": 1.0}, {""food_id"": 3, ""measure_id"": 35, ""unit_amount"": 1.0}, {""food_id"": 158, ""measure_id"": 1841, ""unit_amount"": 1.0}, {""food_id"": 86, ""measure_id"": 1076, ""unit_amount"": 2.0}, {""food_id"": 89, ""measure_id"": 1105, ""unit_amount"": 0.5}, {""food_id"": 152, ""measure_id"": 1792, ""unit_amount"": 1.0}, {""food_id"": 159, ""measure_id"": 1844, ""unit_amount"": 1.0}, {""food_id"": 160, ""measure_id"": 1851, ""unit_amount"": 1.0}, {""food_id"": 161, ""measure_id"": 1861, ""unit_amount"": 1.0}, {""food_id"": 62, ""measure_id"": 810, ""unit_amount"": 0.5}, {""food_id"": 162, ""measure_id"": 1867, ""unit_amount"": 0.5}, {""food_id"": 11, ""measure_id"": 180, ""unit_amount"": 0.5}]",624.1186,305.9899,0.0,1469.7368,2.2798,8.2108,0.0,26.8744,34.713,3114.1698,1809.846,59.0601,22.6061,0,0.0,0,0,0,0,0,0,0,0,0,0,2.618,0.0,4.041,14.3903,6.2682,0.2423,0.0,0.0,257.4525,829.661,0.0,186.845,14.7,2.2469,0.722,6142.6768,0.0,0.0074,0.0037,0.0,0.0345,0.0,0.0022,0.0,1.0821,0.0141,0.0004,0.0,0.0001,0.0,1.0856,1.0377,0.0167,0.0,0.0,2.0674,0.0,0.0175,0.0,0.4471,0.007,0.0,0.0,0.0006,0.0039,0.0,0.0,0.0,0.0,0.0,0.0,0.0,0.0,0.0004,0.02,0.0,0.0,0.0,0.0,0.0,0.0006,0.0,0.0003,1.0792,2.5145,0.0,0.0,3.7064,1548.828,412.55,1837.428,1136.278,3.596,0.0,10.8235,4.9303,2.2905,1.5706,0.0,2.2188,0.0,4.1802,235.8595,2116.2925,3.2363,0.0,0.883,452.8563,0.0,6.434,13.7619,0,0,0,0.0,0.0,0,0,0,1065.4628,4.8594,3.071,59.0025,2.4225,0.0,0.6138,45.9982,2.7275,0.0,0.0,0.0,2.458,0.0,2.7098,2.0329,1.8711,0.032,0.0014,0.1057,0.6701,1.7483,2.7453,1875.218,93.729,0.0,1.4147,64.7676,0.0,18.4202,0.0,498.1268,8.7579,0.075,0.0,0.0,0.0
126,"[{""food_id"": 163, ""measure_id"": 1884, ""unit_amount"": 12.0}, {""food_id"": 74, ""measure_id"": 946, ""unit_amount"": 1.0}, {""food_id"": 164, ""measure_id"": 1892, ""unit_amount"": 1.0}, {""food_id"": 32, ""measure_id"": 431, ""unit_amount"": 2.0}, {""food_id"": 41, ""measure_id"": 553, ""unit_amount"": 0.75}, {""food_id"": 165, ""measure_id"": 1899, ""unit_amount"": 4.0}, {""food_id"": 166, ""measure_id"": 1911, ""unit_amount"": 1.0}, {""food_id"": 56, ""measure_id"": 748, ""unit_amount"": 1.0}, {""food_id"": 11, ""measure_id"": 199, ""unit_amount"": 1.0}, {""food_id"": 67, ""measure_id"": 889, ""unit_amount"": 1.0}, {""food_id"": 167, ""measure_id"": 1914, ""unit_amount"": 175.0}, {""food_id"": 168, ""measure_id"": 1927, ""unit_amount"": 0.67}, {""food_id"": 114, ""measure_id"": 1408, ""unit_amount"": 1.0}]",1368.0851,298.1964,138.4693,2089.6177,20.7623,47.0886,1.0718,16.9872,14.941,2245.3154,4780.7212,114.0316,37.489,0,254.87,0,0,0,0,0,0,0,0,0,0,4.5808,0.0,4.7959,17.3293,8.7564,492.616,0.0,0.0,15.7656,938.9717,6.231,171.9144,6.1859,1.7486,1.3915,8752.3474,0.0,0.7133,0.8135,0.0098,2.9155,0.245,0.2779,0.0195,10.6331,0.9274,0.3471,0.0585,0.1657,0.0638,3.5676,12.556,7.0462,0.8501,0.0,4.275,0.102,0.9226,0.0,0.2546,0.1978,0.0015,0.0,0.0726,0.7713,0.0045,0.0351,0.0015,0.0195,0.03,0.0,0.2779,0.0,0.0246,0.4579,0.0053,0.1222,0.4055,0.0068,0.0,0.7456,0.5117,0.2965,15.0364,5.4173,0.9086,0.1632,78.2032,939.3231,748.98,1466.0031,190.3431,2.2814,0.1503,28.7588,1.7243,3.7544,3.0203,0.0,5.0961,24.4488,9.465,1316.4853,0.0259,6.7639,6.752,2.3701,316.2389,5.325,3.6541,34.0165,0,0,0,0.0,0.0008,0,0,0,1914.341,5.3939,5.498,52.4221,10.6367,499.1353,2.9514,316.5074,5.6819,0.0,213.579,0.0,2.0929,0.0,3.5547,4.4472,3.5884,0.2102,0.0,3.2213,1.4869,3.9707,6.1107,3308.2979,580.6332,8.5873,1.3621,16.2562,6.231,84.7615,0.0,777.9959,11.8225,0.4457,0.0342,0.0,0.0
128,"[{""food_id"": 169, ""measure_id"": 1938, ""unit_amount"": 3.0}, {""food_id"": 170, ""measure_id"": 1940, ""unit_amount"": 0.75}, {""food_id"": 171, ""measure_id"": 1951, ""unit_amount"": 0.5}, {""food_id"": 55, ""measure_id"": 734, ""unit_amount"": 1.0}, {""food_id"": 172, ""measure_id"": 1964, ""unit_amount"": 0.25}]",1462.156,173.3831,43.17,922.382,6.6883,10.5214,0.0,0.8951,2.8566,1922.152,811.924,41.0035,168.2517,0,407.628,0,0,0,0,0,0,0,0,0,0,1.6989,0.0,1.2379,9.6075,3.33,1.1994,0.0,0.0,0.026,23.87,10.3608,145.5688,5.814,0.155,0.3583,3876.022,0.0,0.2944,0.3471,0.0,1.066,0.0128,0.0183,0.0037,2.8789,0.2148,0.0311,0.0,0.0145,0.0037,1.0677,2.4184,0.3962,0.0677,0.0,0.2815,0.0,0.0494,0.0,0.0867,0.0076,0.0,0.0,0.0037,0.0,0.0,0.0,0.0,0.0,0.0,0.0,0.0,0.0,0.0,0.0,0.0,0.0,0.0,0.0,0.0,0.2957,0.203,0.1327,2.8557,0.3772,0.0,0.0,104.774,87.02,0.0,87.02,87.02,8.971,0.0,8.235,6.792,0.9714,1.0544,0.0,2.2341,9.516,4.1036,27.912,0.39,3.6392,1.0947,1.1824,138.344,0.0,0.5475,1.0214,0,0,0,0.0,0.0,0,0,0,1133.414,4.4798,2.2169,0.676,4.7158,187.788,1.7344,40.8942,2.526,0.0,0.0,0.0,1.2305,0.0,0.3439,1.7023,0.4771,0.0,0.0068,0.2878,0.273,2.0707,3.2746,716.322,188.178,4.6138,0.4112,8.043,10.3608,2.4126,0.0,836.4967,6.5004,0.0123,0.0,0.0,0.0
129,"[{""food_id"": 173, ""measure_id"": 1967, ""unit_amount"": 12.0}, {""food_id"": 174, ""measure_id"": 1975, ""unit_amount"": 12.0}, {""food_id"": 175, ""measure_id"": 1985, ""unit_amount"": 2.0}, {""food_id"": 176, ""measure_id"": 1996, ""unit_amount"": 2.0}]",474.5353,535.0787,0.0,3398.2493,0.2632,1.4124,0.0,26.3595,4.8048,5406.707,271.7643,15.7906,438.7435,0,0.0,0,0,0,0,0,0,0,0,0,0,0.2732,179.1922,1.2236,14.6682,1.7305,1.98,0.0,0.0,100.584,323.928,0.0,161.6116,1166.088,1.0842,0.0515,14189.4703,0.0,0.0,0.0119,0.0,0.0079,0.0,0.0079,0.0,0.1995,0.028,0.0238,0.0,0.0,0.0,0.0317,0.1995,0.1742,0.0,0.0,0.2287,0.0,0.1822,0.0,0.0842,0.0673,0.0,0.0,0.0,0.0,0.0,0.0,0.0,0.0,0.0,0.0,0.0,0.0,0.0,0.0,0.0,0.0,0.0,0.0,0.0,0.0,0.0,0.0,0.2276,0.3129,0.0,0.0,3592.6632,432.1413,0.0,432.1413,432.1413,106.2162,0.0,0.5782,89.9991,0.1703,0.0792,0.0,0.1188,0.0,0.2099,1711.512,3.96,0.2455,0.0,0.0396,417.6795,0.0,3.8402,7.3181,0,0,0,0.0,0.0,0,0,0,706.7755,4.5855,0.1703,0.0,1.489,0.0,1.0976,7.076,0.3128,0.0,0.0,0.0,100.7684,0.0,1.3914,0.1584,3.3053,0.0,0.0,0.0,0.0356,0.0911,0.1822,1598.784,81.048,0.0,2.1783,975.9552,0.0,9.3877,0.0,3875.2037,4.2595,0.0,0.0,0.0,0.0
130,"[{""food_id"": 177, ""measure_id"": 2009, ""unit_amount"": 2.0}, {""food_id"": 178, ""measure_id"": 2015, ""unit_amount"": 1.0}, {""food_id"": 11, ""measure_id"": 180, ""unit_amount"": 0.12}, {""food_id"": 6, ""measure_id"": 99, ""unit_amount"": 2.0}, {""food_id"": 21, ""measure_id"": 276, ""unit_amount"": 2.0}, {""food_id"": 47, ""measure_id"": 611, ""unit_amount"": 2.0}, {""food_id"": 21, ""measure_id"": 276, ""unit_amount"": 1.0}, {""food_id"": 22, ""measure_id"": 301, ""unit_amount"": 1.0}, {""food_id"": 179, ""measure_id"": 2021, ""unit_amount"": 1.0}, {""food_id"": 47, ""measure_id"": 605, ""unit_amount"": 1.25}]",627.2252,344.285,182.8575,2020.0534,43.9865,70.8352,2.7879,7.6074,12.111,809.0273,2371.8575,14.2509,231.8914,0,0.0,0,0,0,0,0,0,0,0,0,0,0.4609,0.0,0.547,9.7395,0.8292,0.8017,0.0,0.0,0.0,232.659,0.0,45.5629,40.04,0.3664,0.2729,8452.6094,0.0,2.1509,2.2002,0.0,6.3279,0.0,0.0,0.0,18.7281,0.8173,0.8173,0.0,0.4763,0.0,8.5242,17.1162,14.4398,2.5362,0.0,2.9716,0.2271,1.8422,0.0,0.3282,0.2679,0.0,0.0,0.1174,0.0851,0.0,0.0,0.0,0.0,0.0,0.0,0.0,0.0,0.0,0.0,0.0,0.0,0.0,0.0,0.0,2.7437,1.707,1.0121,18.0178,3.2961,2.5362,0.2517,246.1646,260.2965,197.5,399.0465,62.7965,23.5018,0.0,4.4049,11.309,0.4931,0.3127,0.0,0.4927,0.0,0.9679,128.06,0.0,0.3745,0.0,0.2403,63.7345,0.0,1.5319,7.8583,0,0,0,0.0,0.0,0,0,0,813.4864,1.1056,0.6792,43.68,1.5241,570.6855,0.646,46.1708,0.693,3.402,0.182,0.0,188.4567,0.0,0.9096,0.3905,2.6908,0.05,0.0,0.4,0.1651,0.411,0.5885,2321.9595,592.662,0.1446,0.2891,16.744,0.0,14.3365,0.0,671.7724,1.1316,0.025,0.0,0.0,0.0
136,"[{""food_id"": 180, ""measure_id"": 2038, ""unit_amount"": 12.0}, {""food_id"": 59, ""measure_id"": 786, ""unit_amount"": 8.0}, {""food_id"": 6, ""measure_id"": 92, ""unit_amount"": 1.0}, {""food_id"": 31, ""measure_id"": 429, ""unit_amount"": 2.0}, {""food_id"": 91, ""measure_id"": 1143, ""unit_amount"": 0.5}, {""food_id"": 30, ""measure_id"": 408, ""unit_amount"": 0.5}, {""food_id"": 181, ""measure_id"": 2045, ""unit_amount"": 0.5}, {""food_id"": 10, ""measure_id"": 165, ""unit_amount"": 3.0}, {""food_id"": 132, ""measure_id"": 1591, ""unit_amount"": 1.0}]",732.1175,494.4456,784.118,3875.2185,81.97,193.7548,0.9534,10.3165,7.5308,1315.7379,2197.2038,49.7668,372.8323,0,82.0,0,0,0,0,0,0,0,0,0,0,2.025,0.7377,2.3781,11.1439,3.9257,19.3502,0.0,0.0,2.278,209.992,2.0,426.7721,15.136,0.4157,0.8418,16219.9516,0.0,2.4093,2.7912,0.0,9.7338,0.9458,0.9849,0.0,40.6406,2.1194,1.7654,0.2479,0.6157,0.1743,20.311,72.6101,23.1104,2.685,0.1817,15.1031,0.5134,3.865,0.0,1.0363,0.3977,0.0234,0.0023,0.1362,0.2164,0.0431,0.1334,0.0067,0.1244,0.3838,0.0,0.0296,0.0,0.0485,0.0045,0.0323,0.0651,0.07,0.025,0.0012,1.6681,1.5762,1.0009,76.0685,16.9159,0.7919,0.6809,1.1,378.2126,255.6938,558.3251,122.5189,7.3556,0.0,11.1822,7.5924,1.5504,1.2419,0.0,2.4202,12.4492,4.4019,678.6748,0.0,3.3249,0.0,1.3092,87.1556,26.6316,1.7807,11.0871,0,0,0,0.0,0.0045,0,0,0,1244.5972,4.0822,2.509,0.35,4.3081,1029.554,1.8283,76.3601,3.1752,0.0,0.8382,0.0,199.7628,0.0,1.01,1.894,5.0537,0.0412,0.1091,2.3968,0.6436,1.9838,2.9386,3801.818,1048.814,1.8825,0.5166,16.681,2.0,70.7021,0.1,426.9309,4.2013,0.1784,0.0211,0.1136,0.0
138,"[{""food_id"": 182, ""measure_id"": 2048, ""unit_amount"": 250.0}, {""food_id"": 183, ""measure_id"": 2062, ""unit_amount"": 227.0}]",194.51,36.6324,282.5,963.5,57.6004,90.4724,3.09,0.9083,3.178,484.93,69.77,8.3258,29.6595,0,157.5,0,0,0,0,0,0,0,0,0,0,0.3024,0.0,0.2081,1.8244,0.7972,0.227,0.0,0.0,0.0,259.45,4.0,54.485,0.0,0.2772,0.0693,4029.4299,0.0,2.2625,2.625,0.0,8.3275,0.86,0.8825,0.0,23.2564,1.6423,1.3675,0.2725,0.525,0.1625,8.9368,19.9472,17.695,2.2275,0.0,3.2872,0.47,2.185,0.0,0.3586,0.305,0.005,0.0,0.1175,0.1625,0.02,0.1025,0.005,0.0975,0.145,0.0,0.0225,0.0,0.0375,0.0075,0.025,0.05,0.0,0.0225,0.0,1.83,1.5225,0.96,22.782,4.0158,2.5,0.59,7.5,50.86,0.0,50.86,50.86,4.8124,0.0,1.6093,3.9271,0.2195,0.1877,0.0,0.4081,7.3,0.6395,0.0,0.0,0.369,0.0,0.1922,44.74,0.0,2.1193,1.295,0,0,0,0.0,0.0075,0,0,0,163.16,1.721,0.3727,13.62,0.7936,1012.5,0.5426,7.727,0.3145,0.0,0.0,0.0,13.5973,0.0,0.2293,0.3581,2.3454,0.0,0.0,0.6,0.1764,0.3781,0.4795,3806.6599,1034.31,0.4,0.3417,110.006,4.0,9.589,0.0,339.745,0.8724,0.2704,0.0,0.0,0.0
139,"[{""food_id"": 184, ""measure_id"": 2077, ""unit_amount"": 3.0}, {""food_id"": 127, ""measure_id"": 1541, ""unit_amount"": 0.5}, {""food_id"": 183, ""measure_id"": 2062, ""unit_amount"": 440.0}, {""food_id"": 185, ""measure_id"": 2100, ""unit_amount"": 4.0}, {""food_id"": 186, ""measure_id"": 2105, ""unit_amount"": 1.0}, {""food_id"": 187, ""measure_id"": 2116, ""unit_amount"": 0.25}, {""food_id"": 188, ""measure_id"": 2129, ""unit_amount"": 1.0}, {""food_id"": 189, ""measure_id"": 2145, ""unit_amount"": 1.0}, {""food_id"": 190, ""measure_id"": 2154, ""unit_amount"": 0.75}, {""food_id"": 191, ""measure_id"": 2165, ""unit_amount"": 0.25}]",157.8762,89.6698,142.4,1861.9261,45.0712,161.6037,0.3098,6.7316,13.3163,1174.4332,1251.1811,22.6399,61.4287,0,11.55,0,0,0,0,0,0,0,0,0,0,1.2868,0.0,1.6586,6.9065,2.4055,1.5997,0.0,64.35,0.0151,523.6264,0.0,99.7909,6.908,0.9108,0.3373,7787.9086,0.0,1.4537,11.2212,0.0016,4.4953,0.0,0.0228,0.0,17.8226,0.8832,0.142,0.005,0.1183,0.0677,6.8645,33.0129,27.8666,0.0431,0.0,67.5519,0.0925,64.3515,0.0,9.2063,8.8022,0.2066,0.0,0.3924,0.5334,0.0495,0.0035,0.0033,0.0,0.1676,0.0,0.0085,0.0,0.3979,0.0375,0.0001,0.0087,0.0338,0.1425,0.0,0.0003,0.1568,1.8487,34.6006,77.0995,0.0638,0.246,0.0393,158.6892,0.0,158.6892,158.6892,9.4339,0.0046,3.6058,7.9296,1.3336,0.5902,0.0,1.0497,0.0,1.5829,703.2907,0.0425,1.5895,0.0,0.5592,138.3392,0.0,5.3879,8.753,0,0,0,0.0158,0.0198,0,0,0,343.2676,2.3261,0.9247,27.2224,1.0945,239.8,0.3814,22.5887,1.041,168.3,0.0,64.35,42.5501,0.0,0.4774,0.9117,6.3695,1.221,16.7643,58.6985,0.2499,0.7279,1.1306,1679.5232,284.7544,1.0395,0.8882,225.3182,0.33,398.7116,0.0,575.6439,2.8704,0.2845,0.0,0.051,0.0
144,"[{""food_id"": 192, ""measure_id"": 2179, ""unit_amount"": 2.0}, {""food_id"": 193, ""measure_id"": 2189, ""unit_amount"": 8.8}, {""food_id"": 74, ""measure_id"": 950, ""unit_amount"": 1.0}, {""food_id"": 194, ""measure_id"": 2203, ""unit_amount"": 0.25}, {""food_id"": 195, ""measure_id"": 2215, ""unit_amount"": 6.0}, {""food_id"": 196, ""measure_id"": 2219, ""unit_amount"": 3.75}, {""food_id"": 197, ""measure_id"": 2228, ""unit_amount"": 1.0}, {""food_id"": 198, ""measure_id"": 2236, ""unit_amount"": 0.5}, {""food_id"": 67, ""measure_id"": 878, ""unit_amount"": 1.0}]",700.2641,169.1605,530.2568,1882.2325,26.9445,71.9515,0.1308,13.1603,9.3753,2401.8242,8435.9659,136.6888,18.5898,0,22.59,0,0,0,0,0,0,0,0,0,0,6.3609,0.0,7.2246,30.7729,10.0075,251.9864,0.0,0.0,7.224,322.6366,0.0,490.9086,55.8768,1.06,1.545,7876.2777,0.0,0.0915,0.0641,0.025,0.2783,0.0767,0.0737,0.0873,7.6167,1.3777,0.3137,0.0,0.0926,0.1878,1.9515,18.1661,2.2255,0.0227,0.0,7.6936,0.0038,1.1983,0.0,0.3793,0.1751,0.0,0.0,0.0883,0.1992,0.0597,0.0586,0.0,0.0454,0.2782,0.0,0.0113,0.0,0.0605,0.0798,0.0491,0.0227,0.0151,0.0583,0.0,0.0748,0.1001,0.0277,20.1784,8.5961,0.0227,0.0038,0.9449,479.0794,343.71,718.4794,135.3694,0.2054,0.0047,22.5117,0.4869,4.9907,4.073,0.0,5.6209,0.0,9.8474,1134.2475,2.1252,9.5816,2.7014,2.8906,242.1619,31.752,2.1643,52.8551,0,0,0,0.0,0.0,0,0,0,2331.8045,7.9569,5.1482,34.6264,6.2134,165.3768,2.0251,226.5607,5.0658,0.0,8.5688,0.0,4.6131,0.0,2.3784,4.8953,6.4826,0.1175,0.0219,3.3845,1.409,3.9073,6.0613,2428.4247,195.0199,1.2897,3.5225,5.9305,0.513,70.1801,0.0,641.8558,9.1688,0.6873,0.0,0.9568,0.0
147,"[{""food_id"": 199, ""measure_id"": 2255, ""unit_amount"": 7.0}, {""food_id"": 200, ""measure_id"": 2265, ""unit_amount"": 3.0}]",332.2981,156.7241,46.4932,836.7546,8.3686,21.7479,0.0036,4.5229,11.0546,1719.2378,621.4952,10.8262,96.7144,0,7.8316,0,0,0,0,0,0,0,0,0,0,0.3913,0.0,0.7968,5.5238,0.9599,0.4793,0.0,0.0,29.405,366.0159,0.191,82.7816,488.7003,0.5688,0.1906,3509.1016,0.0,0.0253,0.0198,0.0,0.3166,0.0008,0.0008,0.0,4.8841,0.6389,0.0189,0.0003,0.0028,0.0012,3.0598,8.5143,0.326,0.0022,0.0,2.3969,0.0012,0.1462,0.0,0.2708,0.0042,0.0012,0.0,0.0003,0.0026,0.0017,0.0022,0.0001,0.0021,0.018,0.0,0.0,0.0,0.0004,0.0001,0.0012,0.0007,0.0055,0.0,0.0,0.0004,0.0001,0.0004,9.2404,2.7125,0.0025,0.0012,3.5149,161.8469,0.0,161.8469,161.8469,17.6946,0.0006,3.1399,15.9917,0.3472,0.2135,0.0,0.3362,0.0,0.624,600.9712,0.0745,0.3757,0.0,0.1767,216.7382,0.0,1.6877,3.1257,0,0,0,0.0,0.0,0,0,0,196.5092,2.0075,0.4446,103.7492,1.4797,15.2813,0.2846,33.556,0.5374,0.0,0.0,0.0,49.6099,0.0,0.3829,0.2869,0.971,0.001,0.007,0.1096,0.1253,0.2776,0.4248,1090.5387,65.7624,0.085,0.8067,248.2412,0.191,4.5629,0.0175,423.0819,1.0592,0.0477,0.0,0.001,0.0
151,"[{""food_id"": 31, ""measure_id"": 429, ""unit_amount"": 6.0}, {""food_id"": 6, ""measure_id"": 92, ""unit_amount"": 1.5}, {""food_id"": 29, ""measure_id"": 398, ""unit_amount"": 1.5}, {""food_id"": 10, ""measure_id"": 161, ""unit_amount"": 3.0}, {""food_id"": 11, ""measure_id"": 180, ""unit_amount"": 0.5}, {""food_id"": 28, ""measure_id"": 384, ""unit_amount"": 1.0}, {""food_id"": 30, ""measure_id"": 408, ""unit_amount"": 1.0}, {""food_id"": 201, ""measure_id"": 2269, ""unit_amount"": 1.0}]",512.6693,591.163,1116.0,5947.3317,31.8494,368.5521,2.6911,24.1219,10.4505,859.9576,1982.2802,76.8014,302.065,0,246.0,0,0,0,0,0,0,0,0,0,0,3.45,1.4754,4.0238,10.953,5.6183,264.525,0.0,678.72,0.0,0.0,6.0,920.4,27.0,0.8011,1.6373,24883.3547,0.0,0.018,0.0,0.0,0.2569,0.021,0.024,0.0,18.7965,1.564,1.555,0.009,0.066,0.036,8.9038,245.8707,245.0045,0.3277,0.0,54.9231,0.036,52.772,0.0,8.9524,7.0632,0.036,0.0,2.2736,4.6103,0.054,0.069,0.003,0.066,0.564,0.0,0.0,0.0,0.9864,0.8098,0.039,0.021,0.174,0.4872,0.4872,0.012,0.0,0.012,253.4024,64.7996,0.3367,2.3544,3.3546,827.4667,577.5,1232.4667,249.9667,0.0,0.0,18.0653,1.11,2.6873,1.7895,0.0,3.3518,0.0,5.9205,1576.5,0.0,3.591,0.0,1.8263,123.9673,0.0,2.7164,22.4495,0,0,0,0.0,0.0,0,0,0,1109.5766,6.2603,3.99,0.0,6.0285,480.0,3.2909,221.1452,4.848,1431.36,0.0,0.0,299.4,0.0,3.0717,2.7218,76.623,0.2925,0.255,76.173,0.9773,2.667,4.1303,1626.7383,480.3467,2.67,0.6902,0.455,6.0,2.025,0.3,275.9073,6.6477,0.255,0.3375,0.03,0.0
152,"[{""food_id"": 6, ""measure_id"": 103, ""unit_amount"": 6.0}, {""food_id"": 11, ""measure_id"": 180, ""unit_amount"": 0.12}, {""food_id"": 101, ""measure_id"": 1247, ""unit_amount"": 6.0}, {""food_id"": 34, ""measure_id"": 462, ""unit_amount"": 3.0}, {""food_id"": 119, ""measure_id"": 1460, ""unit_amount"": 0.33}, {""food_id"": 119, ""measure_id"": 1460, ""unit_amount"": 0.33}, {""food_id"": 202, ""measure_id"": 2277, ""unit_amount"": 1.0}]",755.4446,148.1685,806.82,3458.9093,168.2094,308.6886,8.8314,15.0967,16.3478,1355.2988,1110.6188,47.02,100.4246,0,449.82,0,0,0,0,0,0,0,0,0,0,1.6391,0.0,2.782,9.9854,4.0239,0.0,0.0,3.6432,0.0,514.9908,11.424,167.4046,0.0,1.1068,0.3438,14466.3153,0.0,6.4617,7.497,0.0,23.801,2.4562,2.5204,0.0,69.4679,4.9204,3.9056,0.7783,1.5104,0.5161,26.1467,86.7429,80.3637,6.3663,0.0,21.1265,1.3423,18.0308,0.0,0.929,0.8765,0.0143,0.0,0.3428,0.4705,0.0571,0.2927,0.0143,0.2785,0.4141,0.0,0.0643,0.0,0.1071,0.0214,0.0714,0.1428,0.0,0.0643,0.0,5.2265,4.3483,2.7418,95.1266,23.112,7.14,1.685,21.4331,88.454,8.96,94.614,79.494,0.0092,0.0,9.9753,0.0092,1.8195,0.9943,0.0364,1.8084,20.8488,3.1361,0.9108,0.0,1.5001,0.082,0.6636,307.4598,0.0,2.1033,4.0168,0,0,0,0.0,0.0214,0,0,0,933.8268,3.8821,2.0437,0.0,3.1203,2891.6999,2.5843,25.7381,1.6035,111.1176,0.6648,3.6432,79.4758,0.0,0.2416,1.511,28.337,0.2914,0.082,2.3694,0.6826,1.424,2.0853,10496.7105,2934.5399,1.1592,0.3824,4.284,11.424,22.848,0.0,425.1708,4.7562,0.6426,0.0,0.0,0.0
153,"[{""food_id"": 6, ""measure_id"": 92, ""unit_amount"": 3.0}, {""food_id"": 32, ""measure_id"": 431, ""unit_amount"": 3.0}, {""food_id"": 10, ""measure_id"": 161, ""unit_amount"": 3.0}, {""food_id"": 29, ""measure_id"": 398, ""unit_amount"": 1.0}, {""food_id"": 32, ""measure_id"": 431, ""unit_amount"": 0.5}, {""food_id"": 203, ""measure_id"": 2285, ""unit_amount"": 3.0}, {""food_id"": 25, ""measure_id"": 352, ""unit_amount"": 1.0}, {""food_id"": 10, ""measure_id"": 161, ""unit_amount"": 2.0}, {""food_id"": 6, ""measure_id"": 92, ""unit_amount"": 1.0}, {""food_id"": 28, ""measure_id"": 384, ""unit_amount"": 1.5}, {""food_id"": 55, ""measure_id"": 734, ""unit_amount"": 2.0}, {""food_id"": 11, ""measure_id"": 180, ""unit_amount"": 0.5}, {""food_id"": 54, ""measure_id"": 720, ""unit_amount"": 0.5}, {""food_id"": 204, ""measure_id"": 2287, ""unit_amount"": 0.6}, {""food_id"": 205, ""measure_id"": 2302, ""unit_amount"": 1.0}, {""food_id"": 55, ""measure_id"": 730, ""unit_amount"": 1.0}, {""food_id"": 6, ""measure_id"": 92, ""unit_amount"": 0.5}]",1913.3706,1463.7536,626.4876,9262.9405,42.8652,334.3893,2.5747,37.6145,33.1718,3011.0967,3445.3056,139.2024,952.8838,0,541.46,0,0,0,0,0,0,0,0,0,0,5.4714,1.4754,8.6338,23.3201,11.0615,448.018,0.0,452.48,0.13,51.4,13.248,717.9048,30.27,2.3892,2.341,38753.5336,0.0,0.4306,0.4732,0.017,1.7098,0.1399,0.1895,0.0342,23.8093,1.3451,1.3383,0.0058,0.2064,0.1103,10.4314,204.5498,202.7231,0.9013,0.0,57.2316,0.0287,54.2553,0.0,6.2066,4.8706,0.018,0.0013,2.0347,3.5807,0.0444,0.0602,0.0015,0.033,0.2954,0.0,0.0067,0.0,1.533,0.576,0.0262,0.0105,0.087,0.8313,0.3328,0.6697,0.3423,0.1808,210.6623,63.9745,0.9085,1.6662,30.7406,1369.2851,962.5,2044.2851,406.7851,0.2297,0.1708,38.1072,0.7756,5.4058,3.5367,0.0,5.8239,43.087,10.9915,906.58,1.95,6.2295,0.0854,2.8461,567.1752,0.0,9.4795,48.3292,0,0,0,0.0,0.0362,0,0,0,2535.3459,9.6784,7.3332,3.38,12.3764,710.0351,5.8078,330.5251,7.9714,954.24,5.628,0.0,906.3907,0.0,5.5592,4.7541,61.8689,0.749,0.753,62.0661,1.7041,5.1955,7.0959,2475.9753,711.9851,5.8863,1.3511,2.9055,13.248,15.8275,0.15,969.5378,15.2744,0.2686,0.5625,0.0552,0.0
156,"[{""food_id"": 5, ""measure_id"": 89, ""unit_amount"": 1.0}, {""food_id"": 11, ""measure_id"": 199, ""unit_amount"": 1.0}, {""food_id"": 206, ""measure_id"": 2311, ""unit_amount"": 1.0}, {""food_id"": 22, ""measure_id"": 303, ""unit_amount"": 1.0}, {""food_id"": 207, ""measure_id"": 2325, ""unit_amount"": 1.0}]",24.3991,5.5846,0.0,68.8395,0.671,4.6839,0.0,0.3384,0.7676,178.2872,1041.1161,1.5784,4.171,0,0.0,0,0,0,0,0,0,0,0,0,0,0.0561,0.0,0.0818,3.0824,0.1615,4.7956,0.0,0.0,0.0,108.0,0.0,5.4519,0.0,0.0227,0.0204,288.1049,0.0,0.0,0.0,0.0,0.0004,0.0,0.0,0.0,0.4268,0.0095,0.0,0.0,0.0,0.0,0.2199,1.8035,0.0,0.0,0.0,1.9377,0.0,0.0,0.0,0.0182,0.0,0.0,0.0,0.0,0.0091,0.0,0.0,0.0,0.0,0.0,0.0,0.0,0.0,0.0,0.0,0.0,0.0,0.0,0.0,0.0,0.0,0.0,0.0,1.8232,1.9604,0.0,0.0,1.6068,16.6692,0.0,16.6692,16.6692,0.1889,0.192,0.2878,0.2575,0.0558,0.0326,0.0,0.0591,0.0,0.0984,113.2,0.0,0.0716,0.0,0.0175,16.5346,0.0,0.2062,0.4823,0,0,0,0.0,0.0,0,0,0,36.2173,0.1507,0.0643,41.5413,0.0858,0.0,0.0491,0.2842,0.0699,0.0,0.0,0.0,3.5286,0.0,0.0137,0.0512,0.1714,0.0,0.0,0.0,0.0189,0.0425,0.0637,179.6,8.8,0.0,0.0547,1.24,0.0,12.3354,0.0,49.5675,0.1921,0.004,0.0,0.0,0.0
157,"[{""food_id"": 127, ""measure_id"": 1541, ""unit_amount"": 2.67}, {""food_id"": 6, ""measure_id"": 92, ""unit_amount"": 1.0}, {""food_id"": 9, ""measure_id"": 150, ""unit_amount"": 4.0}, {""food_id"": 114, ""measure_id"": 1408, ""unit_amount"": 1.0}, {""food_id"": 126, ""measure_id"": 1525, ""unit_amount"": 2.0}, {""food_id"": 10, ""measure_id"": 161, ""unit_amount"": 0.33}]",87.587,366.5841,0.0,2078.9775,60.0392,64.6666,0.0045,6.5637,28.392,1330.9405,875.7485,27.6688,288.4845,0,0.0,0,0,0,0,0,0,0,0,0,0,1.4476,0.0,2.2439,5.1459,2.5592,32.3452,0.0,0.0,1.68,5.04,0.0,58.8841,39.66,0.8382,0.5372,8693.7515,0.0,4.1782,31.2737,0.0,11.5835,0.0,0.0071,0.0,5.2104,0.0108,0.0091,0.0,0.0045,0.0,1.8797,3.1469,3.0942,0.0,0.0,0.7726,0.0,0.5055,0.0,0.0537,0.0,0.0,0.0,0.0499,0.0204,0.0,0.0,0.0,0.0,0.0,0.0,0.0,0.0,0.0091,0.0045,0.0,0.0,0.0,0.0182,0.0,0.0,0.4675,5.3606,3.1804,0.8263,0.0045,0.0,0.0,107.4195,63.525,151.9695,43.8945,0.2212,0.0924,5.24,1.7789,1.0568,0.6456,0.0,1.1719,0.0924,2.0607,27.5715,0.0,1.4894,0.0924,0.7384,153.84,0.0,2.5331,4.3511,0,0,0,0.0045,0.0,0,0,0,319.5435,1.0805,1.4173,0.0,1.4406,0.0,0.8915,78.81,1.7611,0.0,0.0,0.0,281.871,0.0,0.4335,0.8992,0.3117,0.0289,0.0083,0.2249,0.2628,0.8613,1.5114,41.9595,1.983,0.1188,0.2329,91.2065,0.0,0.139,0.0,319.3088,2.0894,1.0523,0.0371,0.2723,0.0
160,"[{""food_id"": 74, ""measure_id"": 950, ""unit_amount"": 2.0}, {""food_id"": 208, ""measure_id"": 2343, ""unit_amount"": 2.0}, {""food_id"": 209, ""measure_id"": 2352, ""unit_amount"": 500.0}, {""food_id"": 210, ""measure_id"": 2355, ""unit_amount"": 1.5}, {""food_id"": 10, ""measure_id"": 165, ""unit_amount"": 2.0}, {""food_id"": 211, ""measure_id"": 2374, ""unit_amount"": 1.0}, {""food_id"": 212, ""measure_id"": 2391, ""unit_amount"": 125.0}, {""food_id"": 213, ""measure_id"": 2403, ""unit_amount"": 125.0}, {""food_id"": 214, ""measure_id"": 2407, ""unit_amount"": 3.0}, {""food_id"": 21, ""measure_id"": 281, ""unit_amount"": 125.0}, {""food_id"": 91, ""measure_id"": 1140, ""unit_amount"": 315.0}, {""food_id"": 8, ""measure_id"": 147, ""unit_amount"": 1.0}, {""food_id"": 215, ""measure_id"": 2421, ""unit_amount"": 185.0}, {""food_id"": 216, ""measure_id"": 2429, ""unit_amount"": 1.0}]",1259.2341,211.8504,996.9555,3478.6626,106.9008,215.3542,6.6239,19.4798,14.8955,3132.9849,3812.0785,152.9729,33.0172,0,66.4253,0,0,0,0,0,0,0,0,0,0,7.4962,13.172,8.5627,21.6527,12.8039,57.7766,0.0,0.0,65.8609,3307.065,1.5,635.8857,643.2615,0.9305,2.0941,14556.7693,0.0,4.3737,4.7214,0.0,14.643,0.4256,0.5427,0.0,51.2338,3.3019,2.2264,0.0015,1.0571,0.0619,20.5024,63.8676,33.9897,5.8369,0.4977,13.4848,0.595,4.8527,0.0,1.0774,0.6726,0.0249,0.0,0.3757,0.3716,0.0342,0.0714,0.0037,0.0677,0.5728,0.0,0.0689,0.0,0.0763,0.0,0.0097,0.1382,0.1822,0.0189,0.0032,4.1518,3.1619,1.9548,68.103,15.8621,5.8384,0.7855,142.4337,554.3321,316.3625,776.5571,237.9696,5.5126,0.0195,27.6997,7.302,6.6796,4.3729,0.0,7.4925,10.7415,11.4774,2477.3602,4686.135,11.3537,0.0456,3.8729,287.8201,18.9,2.8842,57.5575,0,0,0,0.0,0.0,0,0,0,2610.0532,9.5132,6.4195,122.8401,8.6004,1387.1215,2.8266,183.1479,6.1087,5.0,0.0358,0.0,3.1021,0.0,2.0782,6.066,13.478,0.1556,0.0588,2.5389,1.7933,5.1974,7.5644,10723.0794,1694.1693,3.4071,3.255,45.81,1.5,113.5348,0.05,1231.1065,12.5813,0.659,0.0141,0.0143,0.0
161,"[{""food_id"": 8, ""measure_id"": 147, ""unit_amount"": 1.0}, {""food_id"": 95, ""measure_id"": 1197, ""unit_amount"": 4.0}, {""food_id"": 6, ""measure_id"": 99, ""unit_amount"": 1.0}, {""food_id"": 11, ""measure_id"": 180, ""unit_amount"": 1.0}, {""food_id"": 47, ""measure_id"": 605, ""unit_amount"": 1.5}, {""food_id"": 53, ""measure_id"": 700, ""unit_amount"": 4.0}]",149.0242,432.836,186.0,2276.2395,3.4731,18.2847,0.019,26.5559,44.0046,1687.4902,2267.9745,103.789,5.71,0,41.0,0,0,0,0,0,0,0,0,0,0,4.6584,0.0,4.797,15.0884,7.5456,355.5056,0.0,0.0,0.0,0.0,1.0,235.188,4.5,1.2878,1.798,9525.5603,0.0,0.003,0.0556,0.0,0.0165,0.0035,0.004,0.0,2.6561,2.6962,0.099,0.0015,0.011,0.006,0.7195,4.4312,1.694,0.0115,0.0,2.7518,0.006,0.7655,0.0,0.134,0.018,0.006,0.0,0.0015,0.0135,0.009,0.0115,0.0005,0.011,0.094,0.0,0.0,0.0,0.002,0.0,0.0065,0.0035,0.029,0.0,0.0,0.002,0.0,0.002,7.1504,3.0398,0.013,0.006,253.4862,3592.0599,770.0,4132.0599,2822.0599,0.0,0.0,25.5685,0.185,4.2596,2.3364,0.0,4.2638,0.0,7.4043,341.5,0.0,5.3155,0.0,1.7741,180.8415,0.0,3.7835,75.1443,0,0,0,0.0,0.0,0,0,0,1361.358,18.2655,4.9245,0.0,8.1171,80.0,7.2353,193.8392,5.3108,0.0,0.0,0.0,4.175,0.0,16.4077,3.9397,0.825,0.355,0.13,2.15,1.3309,3.0909,5.1235,270.0,80.0,0.5244,2.006,0.3402,1.0,2.1036,0.05,458.1865,13.1904,0.13,0.45,0.005,0.0
163,"[{""food_id"": 21, ""measure_id"": 280, ""unit_amount"": 0.5}, {""food_id"": 59, ""measure_id"": 786, ""unit_amount"": 4.0}, {""food_id"": 217, ""measure_id"": 2443, ""unit_amount"": 0.5}, {""food_id"": 3, ""measure_id"": 33, ""unit_amount"": 1.0}, {""food_id"": 39, ""measure_id"": 531, ""unit_amount"": 2.0}, {""food_id"": 218, ""measure_id"": 2451, ""unit_amount"": 2.0}, {""food_id"": 210, ""measure_id"": 2356, ""unit_amount"": 0.5}, {""food_id"": 11, ""measure_id"": 180, ""unit_amount"": 0.5}, {""food_id"": 137, ""measure_id"": 1625, ""unit_amount"": 1.0}]",176.3257,15.4009,1141.6276,1564.6637,84.8342,142.3903,3.8679,20.9817,1.649,837.5339,2423.676,47.4702,7.5749,0,0.0,0,0,0,0,0,0,0,0,0,0,2.5157,7.2708,2.8636,9.5912,4.3646,39.9874,0.0,0.0,32.8745,721.6208,0.0,498.3582,111.7759,1.1825,0.679,6542.4627,0.0,3.8548,4.0757,0.0,12.186,0.3924,0.3901,0.0,37.3427,2.0712,1.7053,0.1225,0.8748,0.0771,16.6681,34.0677,27.1583,4.3326,0.0,5.6603,0.5072,4.4508,0.0,0.5428,0.5181,0.0159,0.0011,0.2081,0.2227,0.0192,0.0442,0.0023,0.0408,0.7995,0.0,0.0113,0.0,0.0323,0.0023,0.0091,0.0227,0.0,0.0091,0.0,4.4757,2.9493,1.7657,36.8325,8.2196,3.3846,0.5957,4.0026,1361.2672,0.0,1361.2672,1361.2672,0.9796,0.0022,6.6339,1.409,2.1333,1.3872,0.0975,2.2855,4.2638,4.2964,256.3445,90.7184,3.7752,0.0,1.2239,65.2767,9.8658,0.7151,22.5001,0,0,0,0.0,0.0023,0,0,0,848.8158,14.9622,2.2698,12.6829,2.5285,8566.7754,4.3861,135.2867,2.165,4.54,0.3969,0.0,0.7023,0.0,0.768,1.9719,5.6212,0.004,0.0029,1.2084,0.5017,1.8852,2.7993,29877.7944,8633.5664,38.0515,2.1156,45.9571,0.0,11.7022,0.0,358.5587,6.9318,0.1185,0.0,0.001,0.0
164,"[{""food_id"": 219, ""measure_id"": 2467, ""unit_amount"": 3.0}, {""food_id"": 109, ""measure_id"": 1349, ""unit_amount"": 0.5}, {""food_id"": 21, ""measure_id"": 273, ""unit_amount"": 3.0}, {""food_id"": 3, ""measure_id"": 35, ""unit_amount"": 0.5}, {""food_id"": 164, ""measure_id"": 1892, ""unit_amount"": 1.0}, {""food_id"": 162, ""measure_id"": 1864, ""unit_amount"": 0.5}, {""food_id"": 159, ""measure_id"": 1844, ""unit_amount"": 1.0}, {""food_id"": 220, ""measure_id"": 2471, ""unit_amount"": 0.5}, {""food_id"": 221, ""measure_id"": 2482, ""unit_amount"": 2.0}, {""food_id"": 222, ""measure_id"": 2491, ""unit_amount"": 1.0}, {""food_id"": 223, ""measure_id"": 2500, ""unit_amount"": 2.0}, {""food_id"": 17, ""measure_id"": 251, ""unit_amount"": 1.0}]",157.1055,26.8569,681.4197,1028.2427,51.5018,84.5972,2.9524,13.7462,4.7097,1181.2292,507.8703,32.7912,13.2739,0,84.77,0,0,0,0,0,0,0,0,0,0,1.7854,7.7515,1.8261,5.0306,2.8522,35.768,0.0,2.8,14.6445,232.3206,1.904,320.0527,14.7794,1.2115,0.4037,4298.7982,0.28,2.1544,2.3532,0.0,7.1501,0.4096,0.4201,0.0,21.5741,1.3308,1.0601,0.1297,0.491,0.0774,9.419,19.5019,15.659,2.3301,0.0,3.6175,0.3374,2.5894,0.0,0.3113,0.2888,0.0103,0.0,0.1147,0.1411,0.0161,0.0504,0.0024,0.0464,0.4993,0.0,0.0107,0.0,0.0271,0.0036,0.0119,0.0238,0.0,0.0107,0.0,2.2448,1.5794,0.9648,21.464,5.1877,2.4598,0.4068,5.9971,836.7807,0.0,836.7807,836.7807,1.2724,0.0016,4.4647,3.6505,1.419,0.8719,0.0568,1.4416,3.4748,2.5807,11.7927,53.0075,2.1792,0.0,0.7174,69.33,0.0,0.8683,18.245,0,0,0,0.0,0.0036,0,0,0,651.0104,11.2134,1.4435,15.6758,1.5565,5110.4702,3.1871,90.536,1.3081,1.7033,0.0,0.0,0.7922,0.0,0.6136,1.3386,3.0669,0.014,0.014,0.7769,0.3906,1.1498,1.9468,17463.2467,5132.2272,22.2044,1.6061,38.0156,2.184,9.1983,1.4,440.5635,4.9673,0.2179,0.0,0.0,0.0
166,"[{""food_id"": 219, ""measure_id"": 2468, ""unit_amount"": 4.0}, {""food_id"": 107, ""measure_id"": 1327, ""unit_amount"": 8.0}, {""food_id"": 224, ""measure_id"": 2524, ""unit_amount"": 2.0}, {""food_id"": 11, ""measure_id"": 180, ""unit_amount"": 1.0}, {""food_id"": 112, ""measure_id"": 1388, ""unit_amount"": 1.0}, {""food_id"": 218, ""measure_id"": 2446, ""unit_amount"": 3.0}, {""food_id"": 109, ""measure_id"": 1353, ""unit_amount"": 8.0}, {""food_id"": 110, ""measure_id"": 1372, ""unit_amount"": 8.0}]",388.9318,29.7472,7166.2696,5763.9586,227.97,447.7303,4.4275,164.837,1.5883,4989.6487,4997.0494,345.1833,11.7695,0,186.48,0,0,0,0,0,0,0,0,0,0,19.9511,27.8556,21.9615,31.312,32.2765,315.0765,0.0,0.0,199.5805,1546.6051,4.7216,3721.6901,199.5805,9.1474,5.3134,24076.5429,0.0,7.8933,8.3705,0.0,26.1555,0.836,0.8824,0.0,106.8249,9.5971,5.4523,0.2735,2.0565,0.3886,52.2652,122.2761,91.7293,9.0937,0.0,28.7886,1.1627,28.3538,0.0,3.7457,1.6449,0.1273,0.0,0.6043,1.4205,0.6677,0.2565,0.0774,0.1792,6.323,0.0,0.0306,0.0,0.1923,0.0208,0.1236,0.0976,0.0113,0.026,0.0,9.0617,6.0038,3.6144,137.0754,48.9273,2.6063,0.642,14.2352,10695.8351,0.0,10695.8351,10695.8351,0.7314,0.0,44.2611,1.117,16.9091,10.5798,0.88,16.5788,6.9613,30.55,2.268,725.7472,27.1841,0.0,8.8288,401.0395,0.0,4.8711,185.9532,0,0,0,0.0,0.0208,0,0,0,5931.9427,115.8476,16.5559,9.8158,15.2418,62205.0032,32.9901,1046.0146,14.8711,9.072,0.0,0.0,2.8293,0.0,6.2504,14.8114,21.1422,2.2907,0.0227,7.6709,3.7259,13.4022,20.1009,210252.9489,62357.6533,302.7232,16.2413,330.8986,4.7216,23.7316,0.0,1772.4619,52.0583,0.3053,0.0454,0.1134,0.0
167,"[{""food_id"": 21, ""measure_id"": 273, ""unit_amount"": 3.0}, {""food_id"": 225, ""measure_id"": 2544, ""unit_amount"": 0.25}, {""food_id"": 3, ""measure_id"": 26, ""unit_amount"": 0.25}, {""food_id"": 226, ""measure_id"": 2553, ""unit_amount"": 0.25}, {""food_id"": 88, ""measure_id"": 1096, ""unit_amount"": 1.0}, {""food_id"": 198, ""measure_id"": 2234, ""unit_amount"": 1.0}, {""food_id"": 11, ""measure_id"": 180, ""unit_amount"": 0.25}, {""food_id"": 121, ""measure_id"": 1481, ""unit_amount"": 0.12}]",88.4795,24.725,91.5497,435.0902,22.2272,36.0631,1.3958,1.8816,2.3163,233.7574,1078.3224,4.5712,4.0846,0,0.0,0,0,0,0,0,0,0,0,0,0,0.1591,0.0,0.2054,3.4994,0.3003,0.2039,0.0,0.0,0.0906,203.5353,0.0,15.9537,0.1827,0.1059,0.0813,1819.6368,0.0,1.0769,1.102,0.0,3.1681,0.0,0.0,0.0,9.4443,0.4096,0.4092,0.0,0.2385,0.0,4.4043,8.7929,7.2307,1.2698,0.0,1.6949,0.1137,0.9223,0.0,0.1868,0.1351,0.0,0.0,0.0588,0.0426,0.0,0.0,0.0,0.0,0.0,0.0,0.0,0.0,0.0,0.0,0.0,0.0,0.0,0.0,0.0,1.3737,0.8546,0.5067,9.2447,1.8817,1.2698,0.126,2.6077,48.5554,22.14,63.9454,26.4154,1.2029,0.1215,1.3051,1.2728,0.1561,0.0985,0.0,0.1809,0.0,0.3159,148.727,0.0,0.1679,0.5184,0.0742,20.5137,0.0,0.3302,1.994,0,0,0,0.0,0.0,0,0,0,75.1955,0.3068,0.2107,9.2352,0.418,285.7772,0.1565,7.5415,0.2128,1.7033,16.1082,0.0,0.362,0.0,0.2897,0.1458,1.1293,0.0108,0.0502,0.2529,0.0568,0.1336,0.2035,1291.5265,302.5361,0.1669,0.0969,5.7448,0.0,34.0367,0.297,68.8412,0.5512,0.019,0.0,0.2808,0.0
168,"[{""food_id"": 10, ""measure_id"": 161, ""unit_amount"": 1.0}, {""food_id"": 6, ""measure_id"": 92, ""unit_amount"": 0.5}, {""food_id"": 127, ""measure_id"": 1541, ""unit_amount"": 0.75}, {""food_id"": 179, ""measure_id"": 2021, ""unit_amount"": 1.0}, {""food_id"": 21, ""measure_id"": 297, ""unit_amount"": 4.0}, {""food_id"": 47, ""measure_id"": 611, ""unit_amount"": 1.0}]",55.4146,242.3012,243.81,1998.3639,75.2762,111.0671,3.7186,6.8492,9.6863,394.2941,927.046,15.8718,131.968,0,0.0,0,0,0,0,0,0,0,0,0,0,0.555,0.0,0.8982,4.0456,0.8325,89.044,0.0,0.0,0.0,179.172,0.0,46.623,0.0,0.3855,0.302,8359.0332,0.0,4.0415,11.7185,0.0,11.6856,0.0,0.0019,0.0,26.2223,1.0924,1.0924,0.0,0.6363,0.0,11.874,23.6199,20.122,3.3816,0.0,3.7338,0.3028,2.5977,0.0,0.3847,0.3572,0.0,0.0,0.1705,0.1191,0.0,0.0,0.0,0.0,0.0,0.0,0.0,0.0,0.0026,0.0013,0.0,0.0,0.0,0.0051,0.0,3.6583,2.4072,2.8553,24.8308,4.1185,3.3829,0.3357,13.7097,234.0645,192.5,369.0645,41.5645,0.0064,0.0,5.0448,0.3379,0.5849,0.3608,0.0,0.5468,0.0,1.1015,22.5,0.0,0.4541,0.0,0.2909,62.8254,0.0,1.5046,7.8725,0,0,0,0.0013,0.0,0,0,0,227.9504,0.7631,0.78,0.0,1.6951,760.914,0.6881,54.4522,0.8362,4.536,0.0,0.0,122.8839,0.0,0.9976,0.448,2.7059,0.0875,0.025,0.4941,0.1852,0.4728,0.6599,2833.866,775.656,0.1928,0.0775,0.0,0.0,8.313,0.0,63.5262,1.4868,0.3183,0.1125,0.0765,0.0
169,"[{""food_id"": 227, ""measure_id"": 2562, ""unit_amount"": 1.5}, {""food_id"": 90, ""measure_id"": 1123, ""unit_amount"": 0.5}, {""food_id"": 90, ""measure_id"": 1123, ""unit_amount"": 1.0}, {""food_id"": 90, ""measure_id"": 1123, ""unit_amount"": 1.0}, {""food_id"": 137, ""measure_id"": 1623, ""unit_amount"": 1.0}, {""food_id"": 228, ""measure_id"": 2568, ""unit_amount"": 1.0}, {""food_id"": 11, ""measure_id"": 179, ""unit_amount"": 1.0}, {""food_id"": 229, ""measure_id"": 2586, ""unit_amount"": 1.5}]",111.3092,21.6726,0.0569,110.5823,0.691,3.9586,0.0054,5.0817,10.2574,755.2883,7005.5194,4.9843,5.5387,0,0.0,0,0,0,0,0,0,0,0,0,0,0.1898,0.0,0.1894,19.946,0.6405,1.1332,0.0,0.0,446.8067,3805.1288,0.0,22.7547,843.6882,0.3907,0.0731,461.5669,0.0,0.0054,0.0226,0.0055,0.0435,0.001,0.0,0.0,0.4374,0.0257,0.0,0.0,0.0028,0.0,0.121,0.7796,0.7146,0.0,0.0,1.9911,0.0,0.1175,0.0,0.1528,0.1265,0.0028,0.0,0.0111,0.0028,0.0,0.0095,0.0,0.0,0.0,0.0,0.0,0.0,0.0111,0.0,0.0,0.0,0.0,0.0,0.0,0.0,0.0035,0.0064,0.8093,2.1537,0.0,0.0054,2.462,25.2693,0.0,25.2693,25.2693,0.879,0.0093,0.6041,0.4462,0.2033,0.0766,0.0,0.1496,0.0,0.268,826.6394,5.4726,0.1538,0.0,0.0501,60.5332,0.0,1.3325,3.4847,0,0,0,0.0,0.0,0,0,0,107.2594,0.42,0.1485,24.4625,0.4042,0.0,0.2926,4.975,0.1312,0.0,0.0,0.0,0.2613,0.0,0.1156,0.1245,8.7826,0.0483,0.0001,1.0976,0.037,0.0997,0.2053,7535.3735,377.1368,0.0006,0.8624,103.0969,0.0,43.2773,0.0,68.5928,1.1957,0.677,0.0,0.5735,0.0
175,"[{""food_id"": 11, ""measure_id"": 180, ""unit_amount"": 1.0}, {""food_id"": 67, ""measure_id"": 878, ""unit_amount"": 0.5}, {""food_id"": 230, ""measure_id"": 2594, ""unit_amount"": 0.5}, {""food_id"": 51, ""measure_id"": 689, ""unit_amount"": 3.0}, {""food_id"": 231, ""measure_id"": 2613, ""unit_amount"": 12.0}, {""food_id"": 232, ""measure_id"": 2627, ""unit_amount"": 12.0}, {""food_id"": 88, ""measure_id"": 1090, ""unit_amount"": 2.0}, {""food_id"": 233, ""measure_id"": 2636, ""unit_amount"": 2.0}]",117.7411,114.4586,0.0,866.0302,6.4086,42.8925,0.2766,4.9604,8.6553,1624.8141,7767.2729,9.0202,85.8009,0,0.0,0,0,0,0,0,0,0,0,0,0,0.0201,0.0,0.0636,40.7028,0.0654,0.1889,33.156,0.0,46.4024,1411.4559,0.0,49.9033,3.28,0.5683,0.0083,3621.3441,0.0,0.0004,0.0078,0.0,0.0379,0.0002,0.0,0.0,4.4596,0.0181,0.0102,0.0,0.0192,0.0,1.6709,9.3482,9.2174,0.0,0.0,21.0702,0.0,20.4481,0.0,2.9128,2.6689,0.0,0.0,0.0987,0.0535,0.0004,0.0016,0.0,0.0,0.0,0.0,0.0,0.0,0.1073,0.0,0.0,0.0,0.0,0.0,0.0001,0.0,0.0001,0.0011,9.42,23.9849,0.0,0.2766,0.4639,35.9836,0.0,35.9836,35.9836,21.5219,0.0016,0.0917,15.108,0.0183,0.0088,0.0,0.0153,0.0,0.0297,59.0073,43610.4455,0.0213,0.0,0.0045,49.7413,0.0,0.1784,5.7794,0,0,0,0.0,0.0,0,0,0,241.9018,0.0577,0.0175,103.0812,0.0424,0.3419,0.31,4.7162,0.0182,0.0,0.0,0.0,0.0327,0.0,0.3484,0.0138,9.9522,0.0,0.0,0.0681,0.0045,0.0152,0.0226,2392.2132,119.9375,0.0,0.6183,80.2134,0.0,95.4522,0.0,613.2757,1.0375,0.0088,0.0,0.0,0.0
177,"[{""food_id"": 37, ""measure_id"": 514, ""unit_amount"": 6.0}, {""food_id"": 206, ""measure_id"": 2322, ""unit_amount"": 0.25}, {""food_id"": 64, ""measure_id"": 857, ""unit_amount"": 2.0}, {""food_id"": 21, ""measure_id"": 280, ""unit_amount"": 0.5}, {""food_id"": 234, ""measure_id"": 2645, ""unit_amount"": 1.0}, {""food_id"": 3, ""measure_id"": 33, ""unit_amount"": 1.0}, {""food_id"": 74, ""measure_id"": 950, ""unit_amount"": 1.0}, {""food_id"": 80, ""measure_id"": 1012, ""unit_amount"": 0.25}, {""food_id"": 206, ""measure_id"": 2311, ""unit_amount"": 1.0}, {""food_id"": 6, ""measure_id"": 99, ""unit_amount"": 1.0}, {""food_id"": 63, ""measure_id"": 844, ""unit_amount"": 2.0}, {""food_id"": 235, ""measure_id"": 2651, ""unit_amount"": 1.0}, {""food_id"": 139, ""measure_id"": 1642, ""unit_amount"": 0.25}, {""food_id"": 11, ""measure_id"": 180, ""unit_amount"": 0.5}, {""food_id"": 64, ""measure_id"": 857, ""unit_amount"": 2.0}]",239.9231,53.778,1071.845,3266.2031,77.9513,208.4958,3.8393,8.4489,14.7086,5327.062,7280.72,299.7868,15.8834,0,11.34,0,0,0,0,0,0,0,0,0,0,16.5691,0.0,21.9101,34.9767,29.0265,104.2748,0.0,0.0,0.186,316.5915,0.0,1071.0721,28.9235,1.1562,3.2314,13649.8807,0.0,3.0703,2.9821,0.0,8.5914,0.0341,0.0398,0.0,36.5145,2.2492,2.0772,0.0,0.7325,0.0864,14.8391,76.2066,62.9975,3.473,0.0,22.4736,0.3275,20.2064,0.0,0.6816,0.5424,0.0,0.0,1.0633,1.1843,0.0738,0.1522,0.0161,0.1361,0.5677,0.0,0.034,0.0,1.8268,0.0805,0.1474,0.068,0.0454,1.0059,0.0,3.6615,2.2781,1.3507,79.8588,24.245,3.4745,0.3648,27.3626,280.0198,0.0,280.0198,280.0198,1.2845,0.0008,46.7555,1.9909,13.6736,10.5723,0.0,14.0724,0.0,23.915,76.9863,0.0,26.2038,0.0,7.1675,657.8577,95.256,3.9422,131.9759,0,0,0,0.0015,0.0788,0,0,0,3147.922,18.9904,12.4526,41.0716,10.1541,863.645,2.5143,275.416,11.8436,4.54,6.4094,0.0,12.3967,0.0,1.3887,12.9119,18.4115,0.5405,0.8906,10.3732,3.6508,10.8494,15.031,3429.8654,890.6692,2.5744,10.1972,29.1659,0.0,25.3399,0.0106,1037.0002,12.8471,0.0586,0.0,0.0,0.0
178,"[{""food_id"": 236, ""measure_id"": 2657, ""unit_amount"": 1.0}, {""food_id"": 21, ""measure_id"": 272, ""unit_amount"": 4.0}, {""food_id"": 237, ""measure_id"": 2665, ""unit_amount"": 0.5}, {""food_id"": 90, ""measure_id"": 1124, ""unit_amount"": 0.25}, {""food_id"": 238, ""measure_id"": 2672, ""unit_amount"": 0.25}, {""food_id"": 11, ""measure_id"": 180, ""unit_amount"": 0.25}, {""food_id"": 239, ""measure_id"": 2687, ""unit_amount"": 1.0}]",266.3702,44.5854,40.6888,606.2896,34.8343,47.734,0.6208,7.8099,20.702,1259.5332,713.6718,12.9069,17.9951,0,0.0,0,0,0,0,0,0,0,0,0,0,0.6125,0.0,1.0259,6.1924,1.6063,0.6029,0.0,0.0,326.9989,1849.6402,0.0,83.1733,23.4121,0.866,0.1708,2542.2254,0.0,2.0118,12.6557,0.0002,6.2246,0.0012,0.0,0.0,6.9765,0.194,0.1819,0.0,0.1087,0.0013,3.5127,6.4342,3.2346,0.5647,0.0,2.7236,0.0505,0.4099,0.0,0.4058,0.0631,0.0007,0.0,0.0272,0.0244,0.0,0.0,0.0,0.0,0.0,0.0,0.0,0.0,0.0004,0.0,0.0,0.0,0.0,0.0,0.0,0.6105,0.5359,2.1462,6.6653,3.1312,0.5647,0.056,86.7397,162.2593,0.0,162.2593,162.2593,6.3372,0.0,1.8729,6.8665,0.5374,0.2681,0.0,0.4885,0.0,0.8552,2905.0684,0.1409,0.5899,0.0,0.2054,183.1143,0.0,2.5107,4.0484,0,0,0,0.0,0.0,0,0,0,319.8018,1.3957,0.5385,0.5568,0.5186,126.9868,0.5482,13.7112,0.6868,0.757,3.9916,0.0,1.6563,0.0,0.4649,0.5328,2.7757,0.0017,0.0,0.0284,0.1544,0.3494,0.6807,3802.3427,298.1527,0.0322,0.8468,55.9858,0.0,197.3087,0.0,414.4,2.5975,0.0217,0.0,0.0195,0.0
180,"[{""food_id"": 101, ""measure_id"": 1247, ""unit_amount"": 3.0}, {""food_id"": 101, ""measure_id"": 1248, ""unit_amount"": 1.5}, {""food_id"": 47, ""measure_id"": 611, ""unit_amount"": 3.0}, {""food_id"": 30, ""measure_id"": 408, ""unit_amount"": 1.5}, {""food_id"": 43, ""measure_id"": 573, ""unit_amount"": 3.0}, {""food_id"": 27, ""measure_id"": 376, ""unit_amount"": 1.25}, {""food_id"": 6, ""measure_id"": 92, ""unit_amount"": 0.75}, {""food_id"": 6, ""measure_id"": 103, ""unit_amount"": 2.0}, {""food_id"": 28, ""measure_id"": 384, ""unit_amount"": 0.75}, {""food_id"": 11, ""measure_id"": 180, ""unit_amount"": 0.25}, {""food_id"": 107, ""measure_id"": 1319, ""unit_amount"": 13.0}]",359.0992,322.1516,954.7153,2927.1679,98.0688,167.1549,0.057,21.9774,6.4182,444.9194,1135.2513,37.9548,176.7602,0,123.0,0,0,0,0,0,0,0,0,0,0,1.579,2.2131,1.8249,7.4109,2.6973,0.45,0.0,0.0,0.0,291.5396,3.0,493.1995,13.5,0.3976,0.7276,12245.0785,0.0,4.6755,4.7735,0.0,13.772,0.0105,0.012,0.0,43.577,3.6648,2.0702,0.0045,1.0663,0.018,19.6752,42.8787,36.4096,5.5369,0.0,6.3208,0.5107,6.2932,0.0,2.2871,0.6352,0.018,0.0,0.2591,0.225,0.027,0.0345,0.0015,0.033,0.282,0.0,0.0,0.0,0.006,0.0,0.0195,0.0105,0.087,0.0,0.0,5.9586,3.7033,2.2018,48.8453,9.0698,0.039,0.018,38.4472,394.5606,236.325,558.9606,156.5231,0.0,0.0,7.4788,0.555,1.1573,0.7919,0.0,1.6332,0.0,2.7378,759.6375,0.0,1.9797,0.0,0.8451,51.2514,0.0,1.1587,11.8452,0,0,0,0.0,0.0,0,0,0,562.8225,3.2891,1.7602,0.0,2.4828,1478.1208,1.524,57.3454,2.2812,7.3808,0.0,0.0,174.7498,0.0,1.5975,1.2928,5.8901,0.0321,0.09,0.887,0.4747,1.2249,2.0087,5421.1236,1502.1083,1.6487,0.3187,0.0,3.0,13.8801,0.15,217.2114,3.1937,0.09,0.0,0.015,0.0
183,"[{""food_id"": 184, ""measure_id"": 2080, ""unit_amount"": 1.0}, {""food_id"": 3, ""measure_id"": 26, ""unit_amount"": 0.25}, {""food_id"": 240, ""measure_id"": 2690, ""unit_amount"": 0.33}, {""food_id"": 241, ""measure_id"": 2710, ""unit_amount"": 2.0}, {""food_id"": 242, ""measure_id"": 2715, ""unit_amount"": 2.0}, {""food_id"": 40, ""measure_id"": 534, ""unit_amount"": 2.0}]",1242.8341,15.7126,567.0491,1686.6527,49.5642,120.631,0.0,9.9873,3.0604,1481.2395,1729.2806,129.398,8.0089,0,35.84,0,0,0,0,0,0,0,0,0,0,6.1579,0.0,6.1749,12.7251,10.9391,0.4204,0.0,0.0,10.3825,817.3044,0.896,47.0606,195.3645,0.4583,1.3264,7052.6406,0.0,1.3037,1.6363,0.0,5.4958,0.0,0.0,0.0,26.613,5.2434,0.0,0.0,0.0,0.0,9.5389,36.7091,0.0229,0.0,0.0,14.4078,0.0,0.0,0.0,1.4868,0.0064,0.0001,0.0,0.0,0.7258,0.0,0.0,0.0,0.0,0.4536,0.0,0.0454,0.0,0.0,0.0,0.0,0.0454,0.1361,0.0,0.0,1.8032,0.999,0.5757,43.7732,16.9378,0.0,0.0,0.3781,169.6921,0.0,169.6921,169.6921,1.6942,0.3401,21.9047,2.7191,6.3765,3.4075,0.0,6.4296,0.1568,9.835,142.1627,3106.8345,8.4587,0.1792,3.213,167.5733,0.0,0.6138,30.5309,0,0,0,0.0,0.0,0,0,0,1591.6155,5.2652,5.3838,7.4353,9.225,1537.3478,1.5114,91.3442,4.5089,0.0,0.0,0.0,0.4079,0.0,0.4094,5.4814,1.2916,0.0199,0.004,0.0723,2.0331,4.8583,6.8058,6658.7413,1614.7444,9.5978,1.7426,66.8731,0.896,47.0023,0.0,479.8066,12.7916,0.0138,0.0,0.0,0.0
186,"[{""food_id"": 10, ""measure_id"": 161, ""unit_amount"": 2.0}, {""food_id"": 6, ""measure_id"": 92, ""unit_amount"": 2.0}, {""food_id"": 11, ""measure_id"": 180, ""unit_amount"": 1.0}, {""food_id"": 101, ""measure_id"": 1247, ""unit_amount"": 2.0}, {""food_id"": 54, ""measure_id"": 720, ""unit_amount"": 1.0}, {""food_id"": 7, ""measure_id"": 122, ""unit_amount"": 1.0}, {""food_id"": 243, ""measure_id"": 2733, ""unit_amount"": 1.0}, {""food_id"": 12, ""measure_id"": 217, ""unit_amount"": 0.5}, {""food_id"": 244, ""measure_id"": 2738, ""unit_amount"": 1.5}, {""food_id"": 31, ""measure_id"": 429, ""unit_amount"": 2.0}, {""food_id"": 7, ""measure_id"": 122, ""unit_amount"": 0.5}, {""food_id"": 243, ""measure_id"": 2729, ""unit_amount"": 6.0}, {""food_id"": 205, ""measure_id"": 2302, ""unit_amount"": 1.0}, {""food_id"": 101, ""measure_id"": 1247, ""unit_amount"": 1.0}, {""food_id"": 58, ""measure_id"": 763, ""unit_amount"": 1.0}, {""food_id"": 30, ""measure_id"": 408, ""unit_amount"": 1.0}]",415.2034,853.1006,376.9,6825.751,67.6184,362.6455,50.8122,23.0482,19.205,1536.4641,4202.7519,74.1908,606.3256,0,83.225,0,0,0,0,0,0,0,0,0,0,3.1531,1.4754,6.0623,22.3385,6.7293,176.05,30.393,0.0,0.0,2080.955,2.0,454.4726,9.0,1.7985,1.2314,28553.313,0.0,0.0357,0.0333,0.0,0.357,0.0083,0.0147,0.0,38.5965,0.5533,0.5215,0.0043,0.0836,0.0616,24.6995,173.0497,124.1463,48.3579,0.0,97.7822,0.0227,94.1831,0.0,7.1758,0.1459,0.012,0.0013,0.4867,0.9824,0.0354,0.023,0.001,0.022,0.2022,0.0,0.0067,0.0,0.8629,0.0362,0.0197,0.0274,0.058,0.5065,0.008,0.0449,0.0208,0.0203,174.7972,105.3478,0.0568,0.0549,6.1091,626.0,385.0,896.0,241.0,19.7216,0.0,18.9071,14.2157,3.611,1.7858,0.0,2.9008,0.0,5.5129,558.72,0.0,2.927,0.0,1.3346,399.6193,0.0,4.5215,25.3912,0,0,0,0.0,0.0362,0,0,0,1241.7403,4.4978,3.8049,0.0,5.3951,2790.965,2.373,168.0734,4.1157,0.0,7.14,0.0,404.761,0.0,2.3329,2.3995,42.3851,0.5043,0.5633,10.0494,0.8308,2.5443,3.5401,12781.28,2965.845,1.5,0.8274,2.576,2.0,325.4755,0.1,592.5471,8.453,0.1636,0.225,0.0502,0.0
193,"[{""food_id"": 184, ""measure_id"": 2080, ""unit_amount"": 3.0}, {""food_id"": 245, ""measure_id"": 2744, ""unit_amount"": 4.0}, {""food_id"": 206, ""measure_id"": 2311, ""unit_amount"": 2.0}, {""food_id"": 246, ""measure_id"": 2764, ""unit_amount"": 1.0}, {""food_id"": 247, ""measure_id"": 2772, ""unit_amount"": 1.0}, {""food_id"": 90, ""measure_id"": 1124, ""unit_amount"": 0.33}, {""food_id"": 164, ""measure_id"": 1892, ""unit_amount"": 1.0}, {""food_id"": 140, ""measure_id"": 1662, ""unit_amount"": 1.0}]",167.6549,10.5371,1170.2674,2956.5912,60.1075,210.973,0.0,20.032,1.785,3079.9619,3099.989,236.4887,2.8374,0,0.0,0,0,0,0,0,0,0,0,0,0,13.6431,0.4807,14.9596,18.12,21.2276,10.0176,0.0,0.0,18.507,291.5996,0.0,17.3687,32.7414,0.9481,3.1806,12368.661,0.0,0.0002,0.2776,0.0002,1.7729,0.0,0.0,0.0,43.8858,11.7071,0.0,0.0,0.0001,0.0,12.1253,72.0791,0.0276,0.0,0.0,40.5115,0.0,0.0,0.0,1.9269,0.0046,0.0001,0.0,0.0005,2.1781,0.0,0.0,0.0,0.0,1.3608,0.0,0.1361,0.0,0.0005,0.0,0.0,0.1361,0.4082,0.0,0.0,0.0,0.0001,0.0008,87.0565,45.5687,0.0,0.0,21.3745,365.5823,0.0,365.5823,365.5823,1.0608,0.0,34.9757,1.2294,15.5874,6.7318,0.0,11.619,0.0,17.16,17.9239,8510.1788,18.7938,0.0,6.1644,300.1694,0.0,0.8623,88.9926,0,0,0,0.0,0.0,0,0,0,2328.8653,14.2005,9.2685,2.535,11.7977,3442.7633,2.4365,159.1713,8.5567,0.0,0.0,0.0,0.0815,0.0,0.8393,9.7708,1.2532,0.0144,0.0,0.0915,2.6126,7.5401,11.4528,12000.5783,3469.3692,13.4717,4.5394,38.488,0.0,2.7139,0.0,1014.8504,17.957,0.0275,0.0,0.0252,0.0
197,"[{""food_id"": 248, ""measure_id"": 2790, ""unit_amount"": 1.0}, {""food_id"": 47, ""measure_id"": 605, ""unit_amount"": 2.0}, {""food_id"": 6, ""measure_id"": 92, ""unit_amount"": 2.0}, {""food_id"": 249, ""measure_id"": 2799, ""unit_amount"": 1.0}, {""food_id"": 27, ""measure_id"": 376, ""unit_amount"": 4.5}, {""food_id"": 11, ""measure_id"": 180, ""unit_amount"": 1.0}, {""food_id"": 55, ""measure_id"": 734, ""unit_amount"": 2.0}, {""food_id"": 54, ""measure_id"": 720, ""unit_amount"": 2.0}, {""food_id"": 56, ""measure_id"": 742, ""unit_amount"": 0.12}, {""food_id"": 205, ""measure_id"": 2302, ""unit_amount"": 1.0}]",542.0039,1272.661,114.8,7808.6221,95.4223,284.8447,0.0737,57.8116,39.4612,4923.4096,5083.5619,91.5553,675.2742,0,0.0,0,0,0,0,0,0,0,0,0,0,3.3236,0.0,7.7908,24.2028,6.5055,1.5636,0.0,0.0,0.052,8.5802,0.0,235.9906,6.8875,3.6121,1.5725,32673.2999,0.0,0.2079,0.209,0.0,3.4109,0.0013,0.0067,0.0,55.0387,6.7258,0.1702,0.0013,0.0687,0.0496,33.9505,121.7529,37.3894,0.0281,0.0,41.6395,0.0107,19.3697,0.0,2.5374,0.1105,0.0045,0.0013,0.4882,0.5025,0.0174,0.0,0.0,0.0,0.0134,0.0,0.0067,0.0,0.868,0.0362,0.0067,0.0,0.0,0.5065,0.008,0.0054,0.0,0.004,129.8969,44.4339,0.0308,0.0429,1398.1636,1281.1083,850.77,1872.9483,424.1733,134.6838,0.0,24.9395,125.9259,3.9455,2.1288,0.0,3.2903,0.0,6.1078,40.759,0.78,3.1985,0.0,1.3294,559.0564,0.0,8.936,55.7378,0,0,0,0.0,0.0362,0,0,0,1597.1003,4.8007,4.2783,28.1706,8.085,0.0,3.5589,80.9456,4.556,0.0,17.875,0.0,406.8032,0.0,6.2353,2.6979,13.317,0.3565,0.4423,9.7815,1.2517,2.5573,3.9489,19.6374,0.7936,0.0,1.4731,11.3084,0.0,71.0606,0.0,623.5627,9.5166,0.0536,0.0,0.0856,0.0
201,"[{""food_id"": 21, ""measure_id"": 273, ""unit_amount"": 2.0}, {""food_id"": 3, ""measure_id"": 48, ""unit_amount"": 1.0}, {""food_id"": 86, ""measure_id"": 1076, ""unit_amount"": 4.0}, {""food_id"": 216, ""measure_id"": 2430, ""unit_amount"": 0.25}, {""food_id"": 50, ""measure_id"": 682, ""unit_amount"": 1.0}, {""food_id"": 11, ""measure_id"": 180, ""unit_amount"": 0.5}, {""food_id"": 228, ""measure_id"": 2571, ""unit_amount"": 0.25}, {""food_id"": 250, ""measure_id"": 2813, ""unit_amount"": 0.5}, {""food_id"": 73, ""measure_id"": 934, ""unit_amount"": 2.0}]",96.1759,31.0399,61.0331,336.5705,14.7085,23.6557,0.9305,1.7185,3.2997,589.4005,1256.5279,3.7187,16.1164,0,0.0,0,0,0,0,0,0,0,0,0,0,0.0982,0.0,0.2775,4.8163,0.3214,0.2414,0.0,0.0,7.5023,847.4854,0.0,26.053,210.9097,0.1702,0.0235,1405.773,0.0,0.7244,0.7352,0.0,2.1185,0.0007,0.0003,0.0,6.2525,0.2807,0.2728,0.0,0.159,0.0,2.8529,5.77,4.8242,0.8465,0.0,0.8774,0.0758,0.6186,0.0,0.1148,0.093,0.0,0.0,0.0392,0.0284,0.0,0.0008,0.0,0.0,0.0,0.0,0.0,0.0,0.0,0.0,0.0,0.0,0.0,0.0,0.0,0.9158,0.5698,0.3383,6.0781,0.993,0.8465,0.084,2.2369,88.8998,0.0,88.8998,88.8998,1.7557,0.0008,0.5165,2.4703,0.0919,0.0492,0.0,0.0854,0.0,0.1401,990.0001,0.1038,0.1344,0.0,0.0278,38.8922,0.0,0.4565,0.9682,0,0,0,0.0,0.0,0,0,0,90.5326,0.5907,0.0964,18.4073,0.1424,190.4801,0.1118,2.7555,0.0976,1.1355,0.0,0.0,1.2203,0.0,0.2108,0.0822,0.9085,0.0,0.0,0.1135,0.0363,0.0565,0.1164,2237.3512,270.2806,0.0483,0.3632,108.3575,0.0,249.6043,0.0,261.8789,0.6035,0.0484,0.0,0.0,0.0
204,"[{""food_id"": 251, ""measure_id"": 2820, ""unit_amount"": 1.0}, {""food_id"": 252, ""measure_id"": 2829, ""unit_amount"": 0.25}, {""food_id"": 19, ""measure_id"": 265, ""unit_amount"": 0.25}, {""food_id"": 42, ""measure_id"": 561, ""unit_amount"": 1.0}, {""food_id"": 206, ""measure_id"": 2311, ""unit_amount"": 3.0}, {""food_id"": 253, ""measure_id"": 2853, ""unit_amount"": 1.0}, {""food_id"": 11, ""measure_id"": 180, ""unit_amount"": 0.5}, {""food_id"": 6, ""measure_id"": 99, ""unit_amount"": 1.0}, {""food_id"": 33, ""measure_id"": 450, ""unit_amount"": 3.0}, {""food_id"": 8, ""measure_id"": 147, ""unit_amount"": 1.0}, {""food_id"": 29, ""measure_id"": 399, ""unit_amount"": 2.0}, {""food_id"": 39, ""measure_id"": 526, ""unit_amount"": 1.5}, {""food_id"": 254, ""measure_id"": 2860, ""unit_amount"": 1.0}, {""food_id"": 207, ""measure_id"": 2325, ""unit_amount"": 1.0}]",254.4649,42.8163,640.2635,1634.707,28.3734,107.5524,0.2542,7.18,1.9187,2320.7518,6054.8258,115.9353,8.1361,0,43.268,0,0,0,0,0,0,0,0,0,0,6.5238,1.5141,7.6056,20.9627,10.6562,18.8876,0.0,56.56,53.41,238.405,1.1134,263.9425,4.5,0.8412,1.4572,6844.3756,0.0,0.0487,0.052,0.0,0.8592,0.0035,0.0119,0.0,17.5925,2.08,0.1972,0.0049,0.0246,0.0582,9.1573,50.9329,21.3819,0.0422,0.0,12.9247,0.006,4.8813,0.0,1.1974,0.6044,0.006,0.0,0.1925,0.9024,0.0158,0.0183,0.0005,0.0178,0.4955,0.0,0.0771,0.0,0.0832,0.0675,0.0099,0.0103,0.1084,0.0451,0.0406,0.002,0.0,0.002,54.1835,15.1849,0.0471,0.206,30.2986,135.9999,0.0,135.9999,135.9999,0.0,0.0,17.6212,0.3285,5.7412,3.9322,0.0,5.1725,0.0,8.9908,422.05,0.0,9.8173,0.0,2.9273,186.0957,0.3402,1.0205,25.2649,0,0,0,0.0,0.0,0,0,0,1428.7974,4.776,4.609,39.1413,4.8863,150.3069,1.8012,180.9289,4.8674,119.28,0.0,0.0,4.2228,0.0,4.0096,4.9113,8.7932,0.005,0.064,6.4901,1.3698,3.8999,5.9571,949.5584,171.9769,4.7722,2.5155,9.816,1.1134,32.3074,0.05,982.9208,11.9413,0.03,0.0,0.005,0.0
206,"[{""food_id"": 53, ""measure_id"": 700, ""unit_amount"": 3.5}, {""food_id"": 28, ""measure_id"": 384, ""unit_amount"": 5.0}, {""food_id"": 6, ""measure_id"": 103, ""unit_amount"": 2.0}, {""food_id"": 11, ""measure_id"": 180, ""unit_amount"": 1.0}, {""food_id"": 21, ""measure_id"": 276, ""unit_amount"": 4.0}, {""food_id"": 31, ""measure_id"": 429, ""unit_amount"": 3.0}, {""food_id"": 44, ""measure_id"": 576, ""unit_amount"": 2.0}, {""food_id"": 182, ""measure_id"": 2049, ""unit_amount"": 0.75}, {""food_id"": 255, ""measure_id"": 2867, ""unit_amount"": 1.0}, {""food_id"": 45, ""measure_id"": 585, ""unit_amount"": 0.5}]",1889.3419,498.3422,1003.515,4610.429,138.4991,263.4918,5.9854,33.732,29.6652,2018.4363,5915.8216,91.8567,131.5165,0,235.455,0,0,0,0,0,0,0,0,0,0,3.7758,2.9508,5.3122,32.145,6.883,308.3527,108.0867,2.76,0.0,308.382,5.856,611.8095,13.5,2.7481,1.6404,19288.2944,0.0,4.4923,4.808,0.0,14.4757,0.6245,0.6421,0.0,60.3141,2.8491,2.3632,0.1991,1.1349,0.1733,36.8934,82.2228,59.5654,5.01,0.0,19.9444,0.6564,15.2449,0.0,0.8796,0.6331,0.0216,0.0,0.7159,0.2747,0.0413,0.1077,0.0051,0.1026,0.3855,0.0,0.0161,0.0,0.0746,0.0054,0.0374,0.0462,0.087,0.0161,0.0,4.9709,3.363,2.0409,86.1481,21.5501,5.2056,0.775,10.2893,942.2803,673.75,1414.7803,268.5303,0.0069,0.0,24.3091,0.5619,3.7182,2.1095,0.0276,3.6868,5.2122,6.7032,865.32,0.0,3.4209,0.0621,1.6959,529.3002,0.0,6.0,29.3947,0,0,0,0.0,0.0054,0,0,0,1959.8007,5.6317,4.7034,0.0,7.62,1723.839,4.2168,209.7556,4.8768,88.716,0.5037,2.76,28.3273,847.26,3.6857,3.0349,23.0549,0.5421,0.2396,3.3377,1.1915,2.9841,4.4986,6268.5059,1749.291,1.8134,0.6704,1.071,5.856,25.1752,0.15,296.1218,10.6558,0.3382,0.3938,0.015,0.0
208,"[{""food_id"": 62, ""measure_id"": 829, ""unit_amount"": 5.0}, {""food_id"": 256, ""measure_id"": 2885, ""unit_amount"": 2.0}, {""food_id"": 226, ""measure_id"": 2553, ""unit_amount"": 0.5}, {""food_id"": 53, ""measure_id"": 701, ""unit_amount"": 2.0}, {""food_id"": 6, ""measure_id"": 103, ""unit_amount"": 1.0}, {""food_id"": 11, ""measure_id"": 180, ""unit_amount"": 2.0}, {""food_id"": 257, ""measure_id"": 2890, ""unit_amount"": 0.5}]",2474.6835,97.3138,321.9975,1743.4535,62.2109,112.5859,2.9826,5.4914,10.2319,1828.4229,6780.1403,88.6198,33.6508,0,78.06,0,0,0,0,0,0,0,0,0,0,2.9214,0.0,2.2716,27.6578,6.9518,13.8762,0.0,0.0,621.15,3037.8125,1.9515,104.3803,0.0,0.6249,0.6397,7282.2204,0.0,2.6671,3.0411,0.0,9.7738,0.9627,1.0343,0.0,28.5629,1.6455,0.0,0.3285,0.6212,0.1919,11.375,24.8287,0.0,2.654,0.0,5.3737,0.0,0.0,0.0,0.4931,0.0,0.0,0.0,0.1561,0.2114,0.0228,0.1204,0.0,0.0,0.1724,0.0,0.0325,0.0,0.0488,0.0032,0.0293,0.0553,0.0032,0.026,0.0032,2.0621,1.7433,1.0961,30.8293,6.3092,2.9826,0.0,127.8756,266.4413,68.3425,314.0963,198.0988,9.7539,0.3253,20.8213,9.516,2.2175,2.0609,0.0,4.3828,0.3903,7.0913,759.2625,15823.95,3.7677,1.0368,1.9699,182.2341,27.9715,1.4032,8.3499,0,0,0,0.0,0.0,0,0,0,1733.4625,2.2474,4.0943,47.37,9.1386,1073.325,1.8062,111.6874,3.135,0.0,32.2164,0.0,12.5249,0.0,0.9669,3.8363,5.6829,0.094,0.1003,1.2078,1.9233,3.9536,5.0661,9162.555,1331.625,3.7668,0.7788,84.255,1.9515,60.0019,0.594,707.1078,13.7892,0.07,0.0141,0.5616,0.0
209,"[{""food_id"": 258, ""measure_id"": 2912, ""unit_amount"": 6.0}, {""food_id"": 21, ""measure_id"": 281, ""unit_amount"": 50.0}, {""food_id"": 255, ""measure_id"": 2867, ""unit_amount"": 0.33}, {""food_id"": 31, ""measure_id"": 429, ""unit_amount"": 2.0}, {""food_id"": 32, ""measure_id"": 431, ""unit_amount"": 2.0}, {""food_id"": 6, ""measure_id"": 92, ""unit_amount"": 0.25}, {""food_id"": 259, ""measure_id"": 2922, ""unit_amount"": 0.25}, {""food_id"": 30, ""measure_id"": 408, ""unit_amount"": 1.0}]",835.3054,187.079,519.86,1639.4293,46.1647,82.269,2.0918,8.3172,7.2223,1274.7268,1773.6636,43.6792,115.9763,0,321.12,0,0,0,0,0,0,0,0,0,0,1.8155,3.3982,1.889,9.6411,3.5775,4.842,35.6686,0.0,0.0,98.52,7.856,419.9219,9.0,0.6992,0.6556,6862.1208,0.0,1.5096,1.5632,0.0098,4.6231,0.0802,0.1056,0.0195,20.6062,0.8912,0.8103,0.003,0.3833,0.0364,12.9104,22.5652,13.9754,1.8946,0.0,6.2041,0.1455,2.8824,0.0,0.574,0.2325,0.012,0.0,0.2451,0.0934,0.018,0.0376,0.001,0.022,0.188,0.0,0.0,0.0,0.0276,0.0,0.013,0.007,0.058,0.0,0.0,1.9941,1.1987,0.6966,23.6858,7.1034,1.8976,0.1942,19.092,218.2416,105.6,292.1616,111.3216,0.0488,0.0976,9.6039,0.4188,1.2939,1.1092,0.0,2.0927,24.4488,3.6436,574.0754,0.0,2.7378,0.0488,1.049,173.5009,0.0,1.1241,6.0495,0,0,0,0.0,0.0,0,0,0,879.8569,3.7542,2.2385,0.0,3.5284,763.9,1.8928,87.1528,2.6512,2.0,0.0,0.0,49.9488,279.5958,0.8127,1.7122,2.8228,0.01,0.06,0.5,0.5541,1.7705,2.6107,2718.02,770.4,3.5878,0.473,0.976,7.856,12.4857,0.1,614.0247,5.5633,0.06,0.0,0.01,0.0
210,"[{""food_id"": 260, ""measure_id"": 2927, ""unit_amount"": 1.0}, {""food_id"": 261, ""measure_id"": 2936, ""unit_amount"": 2.0}, {""food_id"": 262, ""measure_id"": 2949, ""unit_amount"": 2.0}]",685.696,205.5874,232.32,1401.6747,35.8512,58.08,0.0,0.5738,3.696,1055.648,490.643,18.9235,192.8238,0,42.24,0,0,0,0,0,0,0,0,0,0,0.6389,0.0,0.66,4.7757,1.32,0.0,0.0,0.0,0.0,100.32,1.056,139.2512,0.0,0.1214,0.1531,5866.4296,0.0,1.4784,1.6368,0.0,5.9664,0.0,0.0,0.0,16.1568,1.0877,0.0,0.0,0.0,0.0,6.9485,14.5886,0.0,0.0,0.0,1.452,0.0,0.0,0.0,0.924,0.0,0.0,0.0,0.0,0.0,0.0,0.0,0.0,0.0,0.0,0.0,0.0158,0.0,0.0,0.0,0.0,0.0,0.0,0.0,0.0,1.9008,1.1088,0.6336,15.6763,2.3866,0.0,0.0,81.312,26.4,0.0,26.4,26.4,28.9274,0.0,3.5957,21.289,0.491,0.4646,0.0,1.0296,0.0,1.6685,0.0,0.0,1.3622,0.0,0.4277,78.848,0.0,0.0422,0.6864,0,0,0,0.0,0.0,0,0,0,554.4,3.0677,0.829,0.0,1.7213,612.48,1.2672,9.504,0.9346,0.0,0.0,0.0,0.0,0.0,0.2165,0.7709,1.584,0.0,0.0,0.0,0.2376,0.8184,1.1458,2222.88,623.04,2.0592,0.2534,74.2791,1.056,1.584,0.0,970.4704,3.6925,0.0,0.0,0.0,0.0
211,"[{""food_id"": 263, ""measure_id"": 2957, ""unit_amount"": 2.0}, {""food_id"": 244, ""measure_id"": 2738, ""unit_amount"": 3.0}, {""food_id"": 6, ""measure_id"": 92, ""unit_amount"": 0.75}, {""food_id"": 264, ""measure_id"": 2971, ""unit_amount"": 2.0}, {""food_id"": 265, ""measure_id"": 2985, ""unit_amount"": 0.5}, {""food_id"": 11, ""measure_id"": 180, ""unit_amount"": 0.25}, {""food_id"": 34, ""measure_id"": 462, ""unit_amount"": 1.0}]",201.7974,349.5591,268.94,2137.075,55.0233,86.962,2.9417,1.6981,14.0055,799.2941,722.5337,11.5772,287.9566,0,149.94,0,0,0,0,0,0,0,0,0,0,0.6318,0.0,0.6074,4.1468,1.2662,0.7295,0.0,0.0,0.755,343.785,3.808,63.868,25.74,0.4593,0.0549,8936.5199,0.0,2.1539,2.499,0.0,7.9324,0.8187,0.8401,0.0,22.2927,1.5694,1.3019,0.2594,0.4998,0.1547,8.5396,19.1373,16.8456,2.1206,0.0,3.345,0.4474,2.0801,0.0,0.3817,0.2904,0.0048,0.0,0.1119,0.1547,0.019,0.0976,0.0048,0.0928,0.1395,0.0,0.0214,0.0,0.0357,0.0071,0.0238,0.0476,0.0,0.0214,0.0,1.7422,1.4494,0.9139,21.8399,4.0781,2.38,0.5617,20.7783,21.65,0.0,21.65,21.65,21.3512,0.0,2.0997,18.3462,0.9151,0.2487,0.0,0.4811,6.9496,0.8142,313.32,0.0,0.541,0.0,0.195,49.2586,0.0,0.7299,0.8362,0,0,0,0.0,0.0071,0,0,0,213.98,1.9856,0.4764,31.1,1.2708,963.9,0.6331,10.8769,0.4623,0.0,0.117,0.0,154.9931,0.0,0.1662,0.4418,5.5263,0.0,0.0,0.7081,0.174,0.411,0.6188,3807.0899,993.765,0.3808,0.3683,44.008,3.808,34.287,0.0,606.6106,0.9831,0.2142,0.0,0.609,0.0
212,"[{""food_id"": 35, ""measure_id"": 477, ""unit_amount"": 3.0}, {""food_id"": 6, ""measure_id"": 92, ""unit_amount"": 2.0}, {""food_id"": 22, ""measure_id"": 301, ""unit_amount"": 1.0}, {""food_id"": 11, ""measure_id"": 180, ""unit_amount"": 0.12}, {""food_id"": 131, ""measure_id"": 1583, ""unit_amount"": 1.0}, {""food_id"": 109, ""measure_id"": 1349, ""unit_amount"": 1.0}, {""food_id"": 30, ""measure_id"": 413, ""unit_amount"": 1.0}, {""food_id"": 21, ""measure_id"": 280, ""unit_amount"": 0.5}, {""food_id"": 205, ""measure_id"": 2302, ""unit_amount"": 2.0}]",787.1275,930.1445,514.705,7051.881,164.5467,368.7157,6.8096,23.9069,33.202,2942.4301,2068.0504,74.1163,858.6062,0,149.94,0,0,0,0,0,0,0,0,0,0,3.2946,4.4261,8.8476,16.737,9.4255,2.785,69.6,11.31,0.0,356.05,3.808,244.6385,0.0,5.393,1.0124,29488.1081,0.0,5.0297,5.4407,0.0,16.5116,0.8214,0.8535,0.0,72.2841,3.082,2.733,0.2621,1.3457,0.2539,41.1312,130.323,124.7618,5.5615,0.0,46.2715,0.7719,43.2779,0.0,0.9838,0.9695,0.0048,0.0027,1.7171,1.2732,0.0538,0.0976,0.0048,0.0928,0.1648,0.0,0.0348,0.0,1.7971,0.0795,0.0372,0.0476,0.0,1.0344,0.0161,5.4144,3.7274,2.2726,135.8475,47.7005,5.8262,0.9835,10.3311,261.55,0.0,261.55,261.55,2.0258,0.0,18.1286,2.4638,4.3341,1.9033,0.0,2.9758,6.9496,5.6939,54.5,0.0,2.8759,0.0,1.0611,938.5256,0.0,9.2699,22.2945,0,0,0,0.0,0.0795,0,0,0,1743.432,4.7498,3.9805,0.0,4.1423,1725.485,1.1865,113.1517,3.8672,78.49,11.256,33.06,583.6857,1128.39,0.8903,2.5489,26.1284,0.5896,0.8576,22.7685,0.8734,2.8417,3.7219,6343.0049,1754.52,0.5738,1.1318,2.768,3.808,39.276,0.0,249.4147,19.6664,0.3214,0.0,0.0804,0.0
213,"[{""food_id"": 22, ""measure_id"": 301, ""unit_amount"": 1.0}, {""food_id"": 6, ""measure_id"": 92, ""unit_amount"": 0.5}, {""food_id"": 143, ""measure_id"": 1703, ""unit_amount"": 0.5}, {""food_id"": 30, ""measure_id"": 408, ""unit_amount"": 2.0}, {""food_id"": 9, ""measure_id"": 150, ""unit_amount"": 3.0}, {""food_id"": 47, ""measure_id"": 605, ""unit_amount"": 0.25}, {""food_id"": 10, ""measure_id"": 161, ""unit_amount"": 2.25}, {""food_id"": 49, ""measure_id"": 667, ""unit_amount"": 0.25}, {""food_id"": 54, ""measure_id"": 720, ""unit_amount"": 1.0}, {""food_id"": 266, ""measure_id"": 2989, ""unit_amount"": 3.0}, {""food_id"": 102, ""measure_id"": 1269, ""unit_amount"": 4.0}, {""food_id"": 248, ""measure_id"": 2792, ""unit_amount"": 1.5}, {""food_id"": 267, ""measure_id"": 2998, ""unit_amount"": 0.5}]",619.8133,777.1094,3.0982,4847.5059,32.0017,182.6339,0.4306,29.3759,29.3793,3398.4006,1617.3504,68.949,489.1722,0,75.7333,0,0,0,0,0,0,0,0,0,0,2.6683,2.9508,4.4529,13.5778,4.5774,199.0522,70.308,265.2963,0.0,6.4271,1.8933,134.8249,0.0,2.8997,1.1675,20282.7139,0.0,0.0029,0.0022,0.0,0.0384,0.0,0.0,0.0,15.8688,0.3979,0.0,0.0,0.0544,0.0,14.5444,83.4188,67.2683,0.0327,0.0,42.758,0.0,20.3176,0.3979,14.8519,9.9593,0.0023,0.0,1.0464,1.5054,0.0,0.0,0.0,0.0,0.0,0.0,0.0,0.0,0.3916,0.0,0.0,0.0,0.0,0.0,0.0,0.0045,0.001,0.0012,85.3249,57.6124,0.0327,0.3979,585.9554,606.5281,433.125,910.2781,173.4031,71.148,0.0693,15.1558,67.3609,2.407,1.5519,0.0,2.6684,0.0693,4.719,75.7283,0.0,2.5751,0.0693,1.2829,398.1168,0.0,5.4549,19.9513,0,0,0,0.0,0.0,0,0,0,1060.8196,2.8578,3.1862,0.0,5.5492,122.0339,2.6223,131.3538,3.4271,495.5188,6.3088,3.27,274.7542,551.124,2.7705,2.1876,20.1406,0.286,2.1206,41.82,0.8425,2.0413,3.2459,417.4917,122.5552,0.7759,0.9894,6.989,1.8933,94.4561,0.0,226.2491,6.797,0.089,0.2531,0.0233,0.0109
217,"[{""food_id"": 248, ""measure_id"": 2792, ""unit_amount"": 0.5}, {""food_id"": 218, ""measure_id"": 2451, ""unit_amount"": 1.0}, {""food_id"": 59, ""measure_id"": 788, ""unit_amount"": 2.0}, {""food_id"": 34, ""measure_id"": 462, ""unit_amount"": 0.5}, {""food_id"": 25, ""measure_id"": 352, ""unit_amount"": 0.5}, {""food_id"": 85, ""measure_id"": 1052, ""unit_amount"": 0.25}, {""food_id"": 55, ""measure_id"": 734, ""unit_amount"": 1.0}, {""food_id"": 268, ""measure_id"": 3013, ""unit_amount"": 0.5}]",659.42,193.0576,603.11,2889.8409,136.7227,229.2768,1.4708,5.3619,9.3909,1699.4421,1520.5401,38.1157,158.8924,0,74.97,0,0,0,0,0,0,0,0,0,0,1.2187,4.3731,1.7025,9.3089,3.0982,3.6275,54.0433,0.0,4.666,362.352,1.904,175.3146,12.634,0.9873,0.2743,12098.4667,0.0,5.1046,5.9083,0.0,19.1783,2.0148,2.0163,0.0,61.1448,3.8854,3.1658,0.6308,1.2557,0.3929,28.597,54.2114,40.6308,4.9393,0.0,7.9693,1.0589,4.7846,0.0,0.8259,0.7255,0.0125,0.0046,0.4982,0.3744,0.042,0.2298,0.0117,0.2134,0.3149,0.0,0.0571,0.0,0.1054,0.0129,0.049,0.1166,0.0,0.0478,0.0,4.2026,3.4716,2.1552,60.8918,9.622,1.19,1.3434,184.8425,62.339,0.0,62.339,62.339,23.5373,0.0,7.4233,22.1492,0.9701,1.0129,0.0,1.8681,20.9212,3.632,53.942,0.39,3.0347,0.0,1.0214,181.0553,40.368,1.4773,1.5596,0,0,0,0.0,0.0129,0,0,0,762.8881,3.2234,1.7369,0.676,3.8106,1887.87,1.4698,48.2281,2.0662,0.0,3.7165,0.0,43.4923,423.63,0.2621,1.4406,5.4651,0.0,0.0068,2.4904,0.4937,1.7168,2.3266,6912.01,1918.6,1.2112,0.4904,2.5953,1.904,21.957,0.0,334.7823,4.2563,0.2927,0.0,0.0078,0.0
218,"[{""food_id"": 269, ""measure_id"": 3027, ""unit_amount"": 18.0}, {""food_id"": 270, ""measure_id"": 3031, ""unit_amount"": 0.5}, {""food_id"": 271, ""measure_id"": 3034, ""unit_amount"": 2.0}, {""food_id"": 127, ""measure_id"": 1537, ""unit_amount"": 2.0}]",115.1958,430.9502,35.721,2901.8305,47.0443,120.9959,12.6095,11.4388,11.9994,1195.8013,1794.3693,25.6784,276.5171,0,0.0,0,0,0,0,0,0,0,0,0,0,1.0551,0.0,1.5486,8.9263,2.1555,0.2111,45.927,0.0,0.0,0.0,0.0,30.1601,0.0,1.1879,0.5174,12151.1296,0.0,0.1956,1.4641,0.0,1.0554,0.0,0.001,0.0,17.801,0.1847,0.0061,0.0,0.0077,0.0058,16.9782,57.7568,4.7841,0.0026,0.0,12.2169,0.0016,1.7928,0.0,0.5559,0.0046,0.0,0.0051,0.1072,0.1544,0.0007,0.002,0.002,0.0,0.059,0.0,0.0306,0.0,0.2223,0.0326,0.0,0.0,0.0204,0.1266,0.0,0.0,0.0219,0.251,58.1277,12.8909,0.0029,0.0022,33.32,326.4923,244.944,499.9943,81.5483,0.0011,0.0,7.2937,0.0563,1.0533,0.5989,0.0,1.1559,0.0,2.0331,0.0,0.0,1.2392,0.0,0.5153,166.7758,0.0,2.3953,12.8299,0,0,0,0.0004,0.0099,0,0,0,459.3795,1.8031,1.3839,19.2,2.332,0.0,1.1339,32.1229,1.5363,0.0,0.8012,0.0,4.7416,367.416,1.0092,0.9541,1.0917,0.0657,0.1113,1.1566,0.358,0.9669,1.3503,61.236,20.412,0.4082,0.3142,14.08,0.0,0.0,0.0,112.3691,3.2284,0.0489,0.0,0.0128,0.0
220,"[{""food_id"": 31, ""measure_id"": 429, ""unit_amount"": 3.0}, {""food_id"": 51, ""measure_id"": 683, ""unit_amount"": 1.0}, {""food_id"": 6, ""measure_id"": 92, ""unit_amount"": 2.0}, {""food_id"": 25, ""measure_id"": 356, ""unit_amount"": 1.0}, {""food_id"": 272, ""measure_id"": 3042, ""unit_amount"": 2.0}, {""food_id"": 53, ""measure_id"": 700, ""unit_amount"": 2.5}, {""food_id"": 101, ""measure_id"": 1246, ""unit_amount"": 1.0}, {""food_id"": 11, ""measure_id"": 180, ""unit_amount"": 1.0}, {""food_id"": 54, ""measure_id"": 720, ""unit_amount"": 1.0}, {""food_id"": 55, ""measure_id"": 734, ""unit_amount"": 1.0}, {""food_id"": 28, ""measure_id"": 384, ""unit_amount"": 0.25}]",269.1459,653.881,558.0,4931.9975,38.63,236.6258,1.535,20.4219,13.1904,1198.8602,3738.9829,55.1004,408.2078,0,123.0,0,0,0,0,0,0,0,0,0,0,2.2936,4.4261,2.6583,12.8677,3.7127,220.2389,0.0,0.0,0.026,287.312,3.0,496.437,16.854,0.7314,1.1223,20629.8512,0.0,0.047,0.0073,0.0,0.1415,0.0152,0.0144,0.0,27.1584,0.3607,0.3562,0.0045,0.1437,0.018,9.9813,54.6172,54.3098,0.0345,0.0,113.2788,0.018,111.6248,0.0,15.6199,14.4496,0.018,0.0,0.5345,0.3261,0.027,0.0345,0.0015,0.033,0.282,0.0,0.0,0.0,0.5843,0.0,0.0195,0.0105,0.087,0.0071,0.0,0.006,0.0,0.006,55.3376,129.361,0.039,1.496,1.7591,699.411,481.25,1036.911,218.161,3.2995,0.0,13.6967,3.1179,1.9215,1.2469,0.0,2.2302,0.0,4.0227,5852.772,0.39,2.2456,0.0,1.1866,132.8791,0.0,3.0981,19.7207,0,0,0,0.0,0.0,0,0,0,752.1925,4.1656,2.7507,545.676,4.6104,240.0,2.5414,154.9591,3.1902,0.0,0.0,0.0,399.319,0.0,2.6218,1.7843,19.9396,0.2338,0.1593,2.2089,0.6724,1.8028,2.7177,1291.67,264.09,1.335,0.7863,42.5218,3.0,413.2917,0.15,383.4753,4.9883,0.1525,0.2813,0.015,0.0
221,"[{""food_id"": 53, ""measure_id"": 700, ""unit_amount"": 1.75}, {""food_id"": 99, ""measure_id"": 1237, ""unit_amount"": 0.5}, {""food_id"": 28, ""measure_id"": 384, ""unit_amount"": 2.5}, {""food_id"": 273, ""measure_id"": 3058, ""unit_amount"": 0.5}, {""food_id"": 22, ""measure_id"": 301, ""unit_amount"": 0.5}, {""food_id"": 31, ""measure_id"": 429, ""unit_amount"": 2.0}, {""food_id"": 32, ""measure_id"": 431, ""unit_amount"": 1.0}, {""food_id"": 21, ""measure_id"": 280, ""unit_amount"": 0.33}, {""food_id"": 255, ""measure_id"": 2867, ""unit_amount"": 1.0}]",1231.9426,448.0912,552.5765,3075.4372,76.3192,131.3539,2.701,21.7394,25.0725,2045.0451,2008.5905,60.225,208.6061,0,201.56,0,0,0,0,0,0,0,0,0,0,2.4289,0.0,2.8379,17.36,4.3042,200.3671,108.0867,0.0,23.4375,155.4928,4.928,439.0087,9.0,1.9851,1.07,12868.7442,0.0,2.021,2.074,0.0049,6.0671,0.0436,0.0568,0.0098,33.3194,1.1043,0.9838,0.003,0.552,0.0242,26.3717,37.244,17.1554,2.4471,0.0,6.8696,0.212,3.2878,0.0,0.5393,0.2915,0.012,0.0,0.5817,0.1128,0.018,0.0303,0.001,0.022,0.188,0.0,0.0,0.0,0.0507,0.0,0.013,0.007,0.058,0.0,0.0,2.6085,1.601,0.9442,38.5354,7.7247,2.4501,0.2508,13.556,530.4856,336.875,766.7356,193.6106,5.6142,0.0488,15.0769,6.2951,2.1239,1.487,0.0,2.4853,12.2244,4.5156,726.38,0.0,2.7663,0.0338,1.2293,407.7765,0.0,5.7018,17.6884,0,0,0,0.0,0.0,0,0,0,1397.2684,4.4206,3.0761,15.0,5.5762,796.8461,2.3388,158.1629,3.3484,2.9964,39.7058,0.0,88.767,847.26,2.2824,2.0826,3.9655,0.3011,0.1132,2.4961,0.7789,2.0703,3.1608,2941.0009,809.3969,2.3106,1.048,8.6443,4.928,18.0595,0.1,411.4758,8.6133,0.3401,0.1969,0.028,0.0
222,"[{""food_id"": 43, ""measure_id"": 573, ""unit_amount"": 4.0}, {""food_id"": 25, ""measure_id"": 352, ""unit_amount"": 1.0}, {""food_id"": 6, ""measure_id"": 92, ""unit_amount"": 0.75}, {""food_id"": 53, ""measure_id"": 700, ""unit_amount"": 0.5}, {""food_id"": 33, ""measure_id"": 446, ""unit_amount"": 0.5}, {""food_id"": 11, ""measure_id"": 199, ""unit_amount"": 1.0}, {""food_id"": 107, ""measure_id"": 1320, ""unit_amount"": 0.5}, {""food_id"": 274, ""measure_id"": 3073, ""unit_amount"": 2.0}, {""food_id"": 6, ""measure_id"": 92, ""unit_amount"": 0.33}, {""food_id"": 47, ""measure_id"": 605, ""unit_amount"": 0.33}]",165.8198,332.5605,988.025,2452.6133,63.668,111.7693,0.076,6.9243,2.9075,386.9562,442.1517,32.7544,224.8899,0,164.0,0,0,0,0,0,0,0,0,0,0,1.7226,1.4754,1.9435,3.0933,3.0153,44.5375,0.0,0.0,0.0,184.7638,4.0,616.5594,18.0,0.3391,0.6938,10259.3236,0.0,2.8824,2.9363,0.0,8.5061,0.014,0.016,0.0,29.1924,2.4679,1.4867,0.006,0.6796,0.024,12.9779,30.0508,26.046,3.4306,0.0,5.4532,0.3271,5.5204,0.0,1.4545,0.4295,0.024,0.0,0.1626,0.1675,0.036,0.046,0.002,0.044,0.376,0.0,0.0,0.0,0.008,0.0,0.026,0.014,0.116,0.0,0.0,3.6695,2.278,1.3587,33.984,7.5238,0.052,0.024,61.0068,211.78,96.25,279.28,115.53,0.0,0.0,5.7563,0.74,1.1221,0.793,0.0,1.6294,0.0,2.733,1029.1238,0.0,2.0464,0.0,0.902,44.0443,0.0,0.5419,3.9067,0,0,0,0.0,0.0,0,0,0,499.9211,3.4771,1.7398,0.0,1.8813,1081.585,1.3065,86.8511,2.3244,4.54,0.0,0.0,215.568,0.0,0.5768,1.3365,4.7808,0.0638,0.1325,1.2375,0.4276,1.2459,2.0491,3925.4213,1096.7425,1.973,0.373,0.0,4.0,9.0344,0.2,277.3039,3.2448,0.1325,0.0563,0.02,0.0
223,"[{""food_id"": 21, ""measure_id"": 280, ""unit_amount"": 1.0}, {""food_id"": 22, ""measure_id"": 301, ""unit_amount"": 0.5}, {""food_id"": 10, ""measure_id"": 161, ""unit_amount"": 1.5}, {""food_id"": 28, ""measure_id"": 384, ""unit_amount"": 1.0}, {""food_id"": 30, ""measure_id"": 408, ""unit_amount"": 1.0}, {""food_id"": 32, ""measure_id"": 432, ""unit_amount"": 1.0}, {""food_id"": 106, ""measure_id"": 1307, ""unit_amount"": 2.0}, {""food_id"": 255, ""measure_id"": 2870, ""unit_amount"": 5.5}, {""food_id"": 9, ""measure_id"": 150, ""unit_amount"": 2.0}, {""food_id"": 22, ""measure_id"": 301, ""unit_amount"": 1.0}]",697.2613,515.6261,858.17,4264.995,148.0121,242.1751,7.4541,17.0658,14.2713,1361.5764,2178.1953,41.268,353.1871,0,81.5925,0,0,0,0,0,0,0,0,0,0,1.7598,1.4754,2.0422,12.9865,2.9943,133.4086,96.6735,0.0,12.92,389.19,2.019,384.8708,11.22,1.5361,0.7922,17841.0721,0.0,5.7514,5.884,0.0003,16.973,0.0105,0.0075,0.0006,63.4032,2.5944,2.1856,0.0,1.365,0.0008,39.1731,64.6335,38.6057,6.781,0.0,9.5384,0.6061,4.9252,0.0,0.8986,0.7163,0.0,0.0,0.7411,0.2565,0.0,0.0005,0.0,0.0,0.1489,0.0,0.0037,0.0,0.0506,0.0031,0.0,0.0,0.0388,0.0031,0.0,7.3347,4.562,2.7075,67.497,10.6289,6.781,0.673,6.8745,425.9853,288.75,628.4853,137.2353,3.1102,0.0731,9.7264,3.9828,1.4812,0.9454,0.0,1.7977,0.834,3.1144,433.7765,0.0,1.8981,0.0715,0.8645,262.1355,0.0,2.7399,12.242,0,0,0,0.0,0.0,0,0,0,731.3243,2.7939,2.0966,0.0,3.271,1657.6975,1.6453,108.2969,2.3651,9.08,0.0,0.0,258.9295,757.7955,1.638,1.4266,6.6661,0.1483,0.0579,1.1647,0.5126,1.4836,2.1931,6191.985,1690.6075,1.1891,0.3853,0.0305,2.019,25.4528,0.034,154.8059,5.0052,0.0477,0.1688,0.0,0.0
225,"[{""food_id"": 107, ""measure_id"": 1320, ""unit_amount"": 1.0}, {""food_id"": 93, ""measure_id"": 1173, ""unit_amount"": 0.5}, {""food_id"": 30, ""measure_id"": 408, ""unit_amount"": 1.0}, {""food_id"": 53, ""measure_id"": 700, ""unit_amount"": 2.0}, {""food_id"": 275, ""measure_id"": 3075, ""unit_amount"": 1.0}, {""food_id"": 29, ""measure_id"": 392, ""unit_amount"": 1.5}]",148.7885,357.7262,488.05,3662.572,146.3979,245.8723,0.0537,17.1402,17.0357,965.7443,50.6327,35.0791,150.1609,0,0.0,0,0,0,0,0,0,0,0,0,0,1.2375,1.4754,1.5313,3.488,1.9685,175.75,108.0867,14.14,0.0,358.66,0.0,107.0293,0.0,1.6236,0.6564,15321.3044,0.0,5.7408,5.8725,0.0,16.9179,0.0,0.0,0.0,62.6713,4.2595,2.2015,0.0,1.3549,0.0,40.295,68.6897,43.4326,6.7745,0.0,7.7123,0.6061,5.9205,0.0,3.034,0.86,0.0,0.0,0.826,0.3214,0.0,0.0,0.0,0.0,0.0,0.0,0.0,0.0,0.0621,0.0169,0.0,0.0,0.0,0.0102,0.0102,7.323,4.5559,2.7013,75.8175,10.7464,0.0054,0.0483,6.356,486.9733,385.0,756.9733,101.9733,0.0,0.0,10.2121,0.0,1.2996,0.7545,0.0,1.2942,0.0,2.4114,76.38,0.0,1.0917,0.0,0.5819,260.538,0.0,3.1209,15.6179,0,0,0,0.0,0.0,0,0,0,554.8573,1.5293,1.7487,0.0,3.4966,1523.17,1.4837,94.672,1.7134,38.9,0.693,0.0,0.0,847.26,2.0703,1.0817,7.3957,0.175,0.05,2.476,0.4545,1.1503,1.6097,5672.73,1552.68,0.3859,0.1789,0.0,0.0,26.4027,0.0,74.1257,4.7887,0.05,0.225,0.0,0.0
226,"[{""food_id"": 53, ""measure_id"": 700, ""unit_amount"": 1.25}, {""food_id"": 54, ""measure_id"": 720, ""unit_amount"": 0.25}, {""food_id"": 11, ""measure_id"": 180, ""unit_amount"": 0.12}, {""food_id"": 276, ""measure_id"": 3098, ""unit_amount"": 14.0}, {""food_id"": 23, ""measure_id"": 336, ""unit_amount"": 1.0}, {""food_id"": 107, ""measure_id"": 1319, ""unit_amount"": 9.0}, {""food_id"": 60, ""measure_id"": 797, ""unit_amount"": 0.25}, {""food_id"": 47, ""measure_id"": 605, ""unit_amount"": 0.25}, {""food_id"": 43, ""measure_id"": 573, ""unit_amount"": 3.0}, {""food_id"": 25, ""measure_id"": 356, ""unit_amount"": 1.0}, {""food_id"": 267, ""measure_id"": 2998, ""unit_amount"": 1.5}]",434.782,662.5003,832.6491,5679.2987,149.4583,340.6296,0.057,26.9917,38.113,2567.0924,903.771,76.5598,488.1195,0,123.0,0,0,0,0,0,0,0,0,0,0,3.5247,4.4261,6.436,11.3468,7.29,110.7629,246.078,7.8188,0.0,220.6001,3.0,629.5828,13.5,5.6412,1.2921,23759.2204,0.0,3.2396,3.3047,0.0,9.6279,0.0105,0.012,0.0,67.342,2.8725,1.5246,0.0045,0.9389,0.018,56.3127,84.3815,26.7703,3.8438,0.0,68.4136,0.3591,5.0634,0.0,16.0827,0.4564,0.018,0.0,1.339,0.3777,0.027,0.0345,0.0015,0.033,0.282,0.0,0.0,0.0,0.1013,0.0,0.0195,0.0105,0.087,0.0,0.0,4.127,2.5638,1.5262,89.0787,84.9598,0.039,0.018,47.3778,565.1143,240.625,733.8643,324.4893,0.1407,0.0,15.1046,0.6801,3.2808,1.7534,0.0,3.2577,0.0,5.694,868.1408,0.0,3.3143,0.0,1.4264,761.4323,0.0,9.6648,12.8999,0,0,0,0.0,0.0,0,0,0,1562.146,4.437,3.8064,0.0,4.5671,1097.1606,2.1428,126.4282,4.5084,141.1561,0.0938,0.0,203.3999,1928.934,2.0962,2.9204,6.759,0.359,3.0768,33.9167,0.9801,2.5544,4.1938,4033.5913,1115.3311,1.5522,1.3096,2.0329,3.0,36.3094,0.15,250.2876,14.8215,0.1213,0.1406,0.015,0.0
227,"[{""food_id"": 49, ""measure_id"": 667, ""unit_amount"": 2.5}, {""food_id"": 6, ""measure_id"": 92, ""unit_amount"": 5.0}, {""food_id"": 33, ""measure_id"": 446, ""unit_amount"": 3.0}, {""food_id"": 11, ""measure_id"": 180, ""unit_amount"": 1.0}, {""food_id"": 101, ""measure_id"": 1255, ""unit_amount"": 2.5}, {""food_id"": 277, ""measure_id"": 3102, ""unit_amount"": 0.67}, {""food_id"": 32, ""measure_id"": 431, ""unit_amount"": 2.0}, {""food_id"": 30, ""measure_id"": 408, ""unit_amount"": 1.0}, {""food_id"": 21, ""measure_id"": 273, ""unit_amount"": 1.0}]",2729.29,1598.8052,100.5384,7190.67,14.4023,42.9272,0.8801,75.1781,44.059,3699.1073,3722.0547,118.0256,1124.4405,0,996.4533,0,0,0,0,0,0,0,0,0,0,2.7064,1.4754,2.6969,38.2755,6.0505,4.4346,1.1725,0.0,0.0,43.6673,24.7893,373.6253,0.0,0.4259,0.6811,30078.0259,0.0,0.6274,0.658,0.0098,2.0443,0.0732,0.0976,0.0195,6.2853,0.3048,0.2682,0.0,0.1332,0.0244,2.8135,5.7236,4.5082,0.8039,0.0,0.8695,0.0379,0.5758,0.0,0.1083,0.0837,0.0,0.0,0.0391,0.024,0.0,0.0146,0.0,0.0,0.0,0.0,0.0,0.0,0.0098,0.0,0.0,0.0,0.0,0.0,0.0,0.8785,0.4904,0.2786,6.1818,0.9908,0.8039,0.0762,17.0985,111.3889,0.0,111.3889,111.3889,0.0488,0.0976,16.5007,0.0488,1.6333,2.1606,0.0,4.536,24.4488,7.5949,0.67,0.0,6.1713,0.0488,1.9653,274.9725,0.0,0.4231,2.046,0,0,0,0.0,0.0,0,0,0,2209.9977,7.3267,3.8059,0.0,7.5468,1583.9795,4.1127,76.5073,4.3095,0.5678,0.0,0.0,998.0488,41.0375,0.9041,3.4545,0.5046,0.0,0.0,0.0,1.0625,3.7749,5.1591,5352.5685,1585.8247,9.4781,0.7827,10.6148,24.7893,2.2209,0.0,485.3642,10.3903,0.0,0.0,0.0,0.0
229,"[{""food_id"": 6, ""measure_id"": 92, ""unit_amount"": 1.0}, {""food_id"": 33, ""measure_id"": 446, ""unit_amount"": 0.25}, {""food_id"": 11, ""measure_id"": 180, ""unit_amount"": 0.5}, {""food_id"": 32, ""measure_id"": 431, ""unit_amount"": 2.5}, {""food_id"": 106, ""measure_id"": 1307, ""unit_amount"": 3.0}, {""food_id"": 278, ""measure_id"": 3111, ""unit_amount"": 2.0}, {""food_id"": 21, ""measure_id"": 273, ""unit_amount"": 1.0}, {""food_id"": 30, ""measure_id"": 408, ""unit_amount"": 1.0}]",862.2301,276.9424,633.8006,1843.2752,38.1342,66.8044,0.9838,11.6475,9.7002,1395.1324,1478.7673,36.5445,231.8186,0,410.08,0,0,0,0,0,0,0,0,0,0,1.3891,1.4754,1.6042,10.3267,3.2524,7.4658,45.36,7.371,19.38,91.7061,10.074,547.0503,16.83,1.9429,0.3872,7713.2866,0.0,0.6625,0.7073,0.0122,2.1947,0.1037,0.1286,0.0244,17.5313,0.826,0.3011,0.0,0.2293,0.0305,14.472,20.4493,14.0872,0.8991,0.0,3.3916,0.0379,0.6429,0.0,0.2123,0.1598,0.0,0.0,0.3739,0.0703,0.0,0.0183,0.0,0.0,0.2234,0.0,0.0056,0.0,0.06,0.0046,0.0,0.0,0.0581,0.0046,0.0,0.9276,0.5289,0.2955,21.5022,3.9088,0.8991,0.0847,21.192,121.2618,0.0,121.2618,121.2618,0.0967,0.1577,6.6335,0.1528,0.9372,0.95,0.0,1.7277,30.5967,3.0402,579.486,0.0,2.5822,0.0967,0.8078,256.8449,0.0,2.5138,1.3659,0,0,0,0.0,0.0,0,0,0,994.7238,3.8089,1.6981,0.0,2.8364,619.9501,1.5014,50.6433,2.201,48.7628,0.0,21.546,200.2127,735.399,0.4123,1.4286,2.0549,0.0255,0.0306,3.9839,0.4222,1.6145,2.1856,2249.1218,626.8953,4.2516,0.4271,1.22,10.074,8.0705,0.051,578.8345,9.6206,0.0153,0.0,0.0,0.0
230,"[{""food_id"": 51, ""measure_id"": 683, ""unit_amount"": 0.5}, {""food_id"": 35, ""measure_id"": 472, ""unit_amount"": 4.0}, {""food_id"": 6, ""measure_id"": 92, ""unit_amount"": 2.0}, {""food_id"": 31, ""measure_id"": 429, ""unit_amount"": 4.0}, {""food_id"": 30, ""measure_id"": 408, ""unit_amount"": 2.0}, {""food_id"": 11, ""measure_id"": 180, ""unit_amount"": 0.5}, {""food_id"": 10, ""measure_id"": 161, ""unit_amount"": 2.0}, {""food_id"": 28, ""measure_id"": 384, ""unit_amount"": 2.0}, {""food_id"": 93, ""measure_id"": 1173, ""unit_amount"": 1.0}]",811.3244,737.7438,746.268,4893.068,59.8661,189.7947,0.815,36.1525,25.5928,1509.6734,2355.8355,67.1891,510.323,0,164.0,0,0,0,0,0,0,0,0,0,0,2.8387,2.9508,3.6067,16.3652,5.1857,179.2984,90.72,14.742,0.0,0.0,4.0,665.6418,18.0,4.2138,1.3467,20467.6861,0.0,0.012,0.0,0.0,0.1481,0.014,0.016,0.0,31.5409,0.5427,0.4233,0.006,0.2086,0.024,26.678,49.7515,49.4873,0.046,0.0,60.541,0.024,57.6906,0.0,7.9509,7.33,0.024,0.0,0.8969,0.1968,0.036,0.046,0.002,0.044,0.376,0.0,0.0,0.0,0.3503,0.0,0.026,0.014,0.116,0.0,0.0,0.008,0.0,0.008,50.5279,69.1066,0.052,0.763,2.2546,583.252,385.0,853.252,198.252,0.0,0.0,14.1641,0.74,2.3642,1.4368,0.0,2.6994,0.0,4.7351,1094.092,0.0,2.927,0.0,1.3763,453.3586,0.0,6.5302,16.4831,0,0,0,0.0,0.0,0,0,0,1321.6867,4.3545,3.2554,272.5,5.0169,320.0,2.3675,158.4165,3.833,96.39,1.386,43.092,400.2319,1470.798,2.2101,2.2341,11.6198,0.195,0.17,8.5612,0.7989,2.26,3.4963,1080.0,320.0,1.78,0.4828,0.0,4.0,212.8008,0.2,188.9283,15.3144,0.17,0.225,0.02,0.0
231,"[{""food_id"": 47, ""measure_id"": 605, ""unit_amount"": 1.0}, {""food_id"": 107, ""measure_id"": 1320, ""unit_amount"": 0.5}, {""food_id"": 6, ""measure_id"": 103, ""unit_amount"": 2.0}, {""food_id"": 11, ""measure_id"": 180, ""unit_amount"": 0.25}, {""food_id"": 10, ""measure_id"": 161, ""unit_amount"": 1.0}, {""food_id"": 266, ""measure_id"": 2989, ""unit_amount"": 1.0}, {""food_id"": 31, ""measure_id"": 429, ""unit_amount"": 5.0}, {""food_id"": 279, ""measure_id"": 3116, ""unit_amount"": 1.0}]",869.5103,249.9586,1406.345,2836.892,101.165,175.6399,0.095,12.49,8.071,1557.3211,1330.8289,64.7573,138.422,0,247.24,0,0,0,0,0,0,0,0,0,0,2.9243,0.0,3.2665,10.0423,5.2589,88.625,0.0,0.0,0.0,279.65,6.056,906.118,22.5,0.5255,1.116,11880.023,0.0,4.3638,4.5731,0.0,14.4888,0.0175,0.02,0.0,46.5454,3.6559,1.5857,0.0075,0.6906,0.03,20.3337,46.3789,27.74,3.4421,0.0,7.9054,0.3331,6.2859,0.0,2.4108,0.4475,0.03,0.0,0.1641,0.181,0.045,0.0575,0.0025,0.055,0.47,0.0,0.0158,0.0,0.01,0.0,0.0325,0.0175,0.145,0.0,0.0,5.5723,3.3868,1.9943,51.5232,11.0968,0.065,0.03,255.8187,376.055,192.5,511.055,183.555,0.0,0.0,12.329,0.925,2.0552,1.5507,0.0,3.2113,0.0,5.3652,1280.0,0.0,4.0033,0.0,1.6303,136.0709,0.0,0.9716,8.2277,0,0,0,0.0,0.0,0,0,0,1211.64,7.5726,3.2255,0.0,4.5919,1774.065,3.0706,129.916,4.0593,4.54,0.0,0.0,25.0498,0.0,1.3035,2.5553,6.9172,0.1125,0.175,1.725,0.8275,2.5024,3.8743,6409.245,1799.38,4.4772,0.7368,3.168,6.056,10.654,0.25,784.3673,7.873,0.175,0.1125,0.025,0.0
234,"[{""food_id"": 280, ""measure_id"": 3123, ""unit_amount"": 1.0}, {""food_id"": 32, ""measure_id"": 431, ""unit_amount"": 0.33}, {""food_id"": 59, ""measure_id"": 786, ""unit_amount"": 3.0}, {""food_id"": 6, ""measure_id"": 103, ""unit_amount"": 3.0}, {""food_id"": 281, ""measure_id"": 3141, ""unit_amount"": 8.0}, {""food_id"": 282, ""measure_id"": 3144, ""unit_amount"": 1.0}]",261.297,220.9007,94.1821,2164.4945,78.236,136.1003,0.0684,5.3467,3.749,503.121,1230.2279,20.6678,134.4222,0,39.4548,0,0,0,0,0,0,0,0,0,0,0.3352,0.0,0.3867,4.7499,0.8647,72.5321,1.6,0.48,0.8505,248.4483,0.9662,72.4179,1.701,0.5381,0.0631,9062.7081,0.0,2.8499,20.9586,0.0016,11.5762,0.3064,0.3105,0.0032,21.2059,1.1747,0.4827,0.0919,0.2427,0.0618,17.6843,41.5248,6.7348,0.7738,0.0,4.8179,0.1531,0.7307,0.0,0.7318,0.1225,0.0017,0.0009,0.2229,0.1182,0.006,0.0356,0.0017,0.0306,0.0451,0.0,0.0085,0.0,0.2008,0.0017,0.0068,0.017,0.0,0.0068,0.0,0.7013,0.5436,1.7833,43.2445,5.6743,0.0628,0.2004,3.1377,131.5905,84.18,190.0705,47.3305,0.0081,0.0161,2.3507,0.0081,0.2298,0.3132,0.0,0.5879,7.232,1.0898,48.5235,0.0,0.9335,0.0081,0.3188,68.1777,7.3994,2.5466,6.075,0,0,0,0.0,0.0017,0,0,0,413.9759,1.0899,0.5372,52.164,1.1479,306.7075,0.7654,19.434,0.6529,2.96,65.9398,1.28,70.7607,16.4,0.3967,0.4319,6.3592,0.0,0.0,0.4223,0.1311,0.5555,0.7118,1439.6475,326.836,0.6739,0.2202,0.161,0.9662,56.5855,0.0,238.5861,3.3551,0.034,0.0,0.0,0.0
240,"[{""food_id"": 51, ""measure_id"": 689, ""unit_amount"": 2.0}, {""food_id"": 283, ""measure_id"": 3151, ""unit_amount"": 8.0}, {""food_id"": 240, ""measure_id"": 2695, ""unit_amount"": 0.5}, {""food_id"": 42, ""measure_id"": 564, ""unit_amount"": 0.5}, {""food_id"": 284, ""measure_id"": 3168, ""unit_amount"": 3.0}, {""food_id"": 285, ""measure_id"": 3175, ""unit_amount"": 2.0}, {""food_id"": 286, ""measure_id"": 3183, ""unit_amount"": 1.0}, {""food_id"": 287, ""measure_id"": 3191, ""unit_amount"": 1.0}]",161.6516,170.5415,165.4667,1353.4483,6.5295,38.9489,0.2003,7.9395,21.007,1845.2795,2411.8603,77.1334,11.7825,0,2.2667,0,0,0,0,0,0,0,0,0,0,4.2867,0.0,5.3657,12.8622,7.366,25.6075,0.0,0.0,48.4,3630.68,0.0,243.4228,401.8,0.7961,0.7999,5662.3635,0.0,0.0385,0.015,0.0,0.0542,0.0068,0.0068,0.0,4.7378,0.2141,0.1949,0.0,0.0196,0.0045,1.4823,9.2931,7.4608,0.0136,0.0,16.3745,0.0023,14.3506,0.0,2.089,1.8076,0.0,0.0,0.0681,0.0583,0.0136,0.0272,0.0,0.0272,0.1088,0.0,0.0068,0.0,0.0781,0.0,0.0295,0.0136,0.0091,0.0,0.0,0.0,0.0,0.0,9.5809,18.6719,0.0136,0.1867,0.022,212.3825,0.0,212.3825,212.3825,2.0612,0.0,12.3093,1.8624,3.3677,2.4939,0.0,3.5288,0.0,6.0821,4450.32,0.0,6.0972,0.16,1.8008,399.6545,19.04,7.3944,33.6738,0,0,0,0.0,0.0,0,0,0,1149.7795,6.3012,3.2413,68.0,2.7597,20.4,0.7937,53.8971,3.1277,0.0,0.0,0.0,6.5279,0.0,1.3449,3.2484,5.1129,0.041,0.0722,4.0628,0.9234,2.6295,3.9648,6493.92,342.14,0.476,3.2071,129.954,0.0,195.9388,0.0,878.9091,6.9202,0.0,0.0,0.0,0.0
243,"[{""food_id"": 9, ""measure_id"": 150, ""unit_amount"": 3.0}, {""food_id"": 23, ""measure_id"": 336, ""unit_amount"": 1.25}, {""food_id"": 28, ""measure_id"": 384, ""unit_amount"": 1.0}, {""food_id"": 11, ""measure_id"": 199, ""unit_amount"": 1.0}]",279.8079,251.9469,0.0,1021.418,0.0,0.1683,0.0,0.7122,0.0092,167.3173,786.6209,10.791,250.2029,0,0.0,0,0,0,0,0,0,0,0,0,0,0.697,0.0,0.6415,4.0849,1.2078,0.297,0.0,0.0,0.0,0.0,0.0,1.089,0.0,0.0409,0.2841,4269.0519,0.0,0.0,0.0,0.0,0.0,0.0,0.0,0.0,0.0,0.0,0.0,0.0,0.0,0.0,0.0,0.0,0.0,0.0,0.0,0.0,0.0,0.0,0.0,0.0,0.0,0.0,0.0,0.0,0.0,0.0,0.0,0.0,0.0,0.0,0.0,0.0,0.0,0.0,0.0,0.0,0.0,0.0,0.0,0.0,0.0,0.0,0.0,0.0,0.0,0.0,0.0,0.0068,3.96,0.0,3.96,3.96,0.0693,0.0693,1.5345,0.3366,0.4089,0.2871,0.0,0.6544,0.0693,1.0058,0.0,0.0,0.7979,0.0693,0.395,12.1354,0.0,0.0217,0.104,0,0,0,0.0,0.0,0,0,0,115.636,0.1881,0.6791,0.0,0.4307,0.0,0.4821,21.3095,0.79,0.0,0.0,0.0,249.5693,0.0,0.004,0.4445,0.0,0.0,0.0,0.0,0.1238,0.4524,0.8009,0.0,0.0,0.0891,0.005,0.0,0.0,0.0,0.0,86.975,0.0555,0.0,0.0,0.0,0.0
246,"[{""food_id"": 288, ""measure_id"": 3209, ""unit_amount"": 0.5}, {""food_id"": 59, ""measure_id"": 786, ""unit_amount"": 8.0}, {""food_id"": 91, ""measure_id"": 1143, ""unit_amount"": 0.5}, {""food_id"": 190, ""measure_id"": 2151, ""unit_amount"": 2.0}, {""food_id"": 114, ""measure_id"": 1408, ""unit_amount"": 1.0}, {""food_id"": 88, ""measure_id"": 1096, ""unit_amount"": 1.25}, {""food_id"": 289, ""measure_id"": 3212, ""unit_amount"": 0.5}, {""food_id"": 290, ""measure_id"": 3228, ""unit_amount"": 1.0}, {""food_id"": 32, ""measure_id"": 432, ""unit_amount"": 1.0}, {""food_id"": 291, ""measure_id"": 3242, ""unit_amount"": 0.25}]",771.0714,22.2901,514.5774,1541.5564,66.7781,133.5279,1.239,2.5961,0.2397,1319.8129,1951.532,65.2932,14.5316,0,16.181,0,0,0,0,0,0,0,0,0,0,3.1294,0.0,4.4558,9.7523,6.2849,2.6379,0.0,10.7445,2.3392,192.0846,0.3525,102.6401,13.0617,1.6176,0.6382,6454.8351,0.0,2.6425,3.0638,0.0003,10.1889,1.0247,1.0737,0.0006,32.2904,2.1197,1.5949,0.2742,0.669,0.1911,11.7779,29.4104,24.3149,2.9116,0.1817,14.7087,0.5168,13.0726,0.0,1.9585,1.8316,0.0458,0.0023,0.2141,0.3696,0.038,0.122,0.0063,0.1024,0.3025,0.0,0.418,0.0,0.117,0.1068,0.0219,0.0629,0.3431,0.0515,0.0081,1.8549,1.7337,1.0952,33.4892,17.9919,1.0474,0.7111,10.3829,140.5076,0.0,140.5076,140.5076,0.1219,0.0335,12.2645,0.2429,3.0707,1.5213,0.0,3.304,13.2471,5.7541,34.6893,0.0,5.5386,0.0015,1.8575,124.4569,29.0611,0.4228,6.5941,0,0,0,0.0025,0.0078,0,0,0,1012.3045,2.7478,2.9288,1.217,4.0114,936.7061,0.9745,119.8543,2.9637,28.101,0.7938,10.7445,0.1734,0.0,0.2905,2.6902,3.5895,0.2039,2.8074,11.2694,0.9424,2.5849,3.5117,3453.8293,952.38,21.5768,0.5524,11.0357,0.4076,52.245,0.0,432.4552,10.7926,0.1137,0.0,0.0007,0.0
248,"[{""food_id"": 292, ""measure_id"": 3253, ""unit_amount"": 0.5}, {""food_id"": 6, ""measure_id"": 103, ""unit_amount"": 6.0}, {""food_id"": 247, ""measure_id"": 2779, ""unit_amount"": 0.25}, {""food_id"": 289, ""measure_id"": 3212, ""unit_amount"": 2.0}, {""food_id"": 51, ""measure_id"": 683, ""unit_amount"": 0.5}, {""food_id"": 165, ""measure_id"": 1897, ""unit_amount"": 6.0}]",100.6075,83.9532,0.0,1362.6455,16.9736,114.6816,0.7502,2.6794,5.5504,246.8285,1379.0184,5.8412,76.597,0,0.0,0,0,0,0,0,0,0,0,0,0,0.2599,0.0,0.3978,4.4744,0.5969,0.3269,0.0,0.0,1.245,64.2342,0.0,33.1372,33.6157,0.1324,0.1181,5703.6486,0.0,0.0062,0.0025,0.0,0.0497,0.0,0.0025,0.0,11.8035,0.0399,0.0373,0.0,0.0537,0.0,4.4297,25.9446,25.5661,0.005,0.0,55.5233,0.0,55.0743,0.0,8.2886,7.5897,0.0,0.0,0.3,0.6664,0.0228,0.0224,0.0224,0.0,0.0,0.0,0.0,0.0,0.3127,1.6984,0.0,0.0,0.0,0.0155,0.0899,0.0,0.0,0.0,28.439,63.8735,0.005,0.7452,1.8675,20.3635,0.0,20.3635,20.3635,0.2872,0.0082,1.127,0.7033,0.3546,0.1866,0.0,0.2368,0.0,0.4542,163.9757,0.0,0.4125,0.0,0.1148,77.3618,0.0,0.7037,0.9499,0,0,0,0.0,1.3148,0,0,0,172.9934,0.3627,0.2508,277.338,0.5655,0.0,0.1221,50.9897,0.2904,0.0,0.7968,0.0,75.5622,0.0,0.2553,0.2446,9.5723,0.0,0.1328,3.4894,0.0222,0.2032,0.3023,394.5669,19.1899,0.0,0.1097,3.5015,0.0,202.4154,0.0,163.7273,1.09,0.0249,0.0,0.0029,0.0
250,"[{""food_id"": 191, ""measure_id"": 2167, ""unit_amount"": 14.0}, {""food_id"": 293, ""measure_id"": 3260, ""unit_amount"": 3.0}, {""food_id"": 186, ""measure_id"": 2104, ""unit_amount"": 1.0}, {""food_id"": 209, ""measure_id"": 2354, ""unit_amount"": 1.0}]",219.1085,103.7462,317.5144,1731.597,78.6211,99.6514,0.0,22.3942,13.9818,4148.2807,434.4788,116.3462,4.3517,0,22.6796,0,0,0,0,0,0,0,0,0,0,6.0559,0.0,7.7302,14.2867,11.9872,41.3465,0.0,0.0,0.0,5.7765,0.4536,397.2857,0.0,1.7572,1.5357,7243.5867,0.0,4.7005,37.4869,0.0049,14.9109,0.0,0.0,0.0,9.6781,0.5502,0.0,0.0,0.0,0.0,5.3953,7.5772,0.5376,0.0,0.0,3.751,0.0,0.0,0.0,0.1582,0.0157,0.0008,0.0,0.0,0.0462,0.0,0.0,0.0,0.0,0.3629,0.0,0.0454,0.0,0.0,0.0009,0.0,0.0907,0.1361,0.0,0.0,0.0007,0.4809,5.9096,8.2198,4.7255,0.0,0.0,0.0,167.0654,0.0,167.0654,167.0654,1.3746,0.0129,18.29,1.6511,5.4863,3.3901,0.0,5.8134,0.0,8.428,45.9,0.0,9.1871,0.0,3.0105,428.3105,0.0,4.4144,45.5024,0,0,0,0.0,0.0,0,0,0,1477.6647,6.9744,4.7032,0.0,4.7175,72.5747,0.8196,75.7324,4.1511,0.0,77.979,0.0,0.9051,0.0,0.842,4.7564,2.5558,0.0,0.0,0.0707,1.3428,3.7895,5.8665,247.2363,72.6362,1.6783,3.5875,114.9007,0.4536,24.5024,0.0,1035.2371,11.0192,0.0,0.0,0.0,0.0
253,"[{""food_id"": 16, ""measure_id"": 243, ""unit_amount"": 1.0}, {""food_id"": 3, ""measure_id"": 45, ""unit_amount"": 1.0}, {""food_id"": 294, ""measure_id"": 3294, ""unit_amount"": 1.0}, {""food_id"": 6, ""measure_id"": 99, ""unit_amount"": 0.5}, {""food_id"": 295, ""measure_id"": 3295, ""unit_amount"": 1.0}, {""food_id"": 64, ""measure_id"": 854, ""unit_amount"": 1.0}, {""food_id"": 271, ""measure_id"": 3041, ""unit_amount"": 1.0}, {""food_id"": 296, ""measure_id"": 3303, ""unit_amount"": 0.25}]",37.7362,11.3012,10.6819,66.3946,0.3054,1.75,0.0026,0.551,1.0146,291.0583,1476.7647,3.7133,5.5416,0,0.2025,0,0,0,0,0,0,0,0,0,0,0.1368,0.0,0.2562,4.435,0.3142,0.2072,0.0,0.0,11.7213,64.2021,0.0051,19.949,27.3525,0.092,0.0286,279.6282,0.0,0.0,0.0005,0.0,0.0071,0.0,0.0008,0.0,0.1696,0.004,0.0009,0.0,0.0025,0.0057,0.0501,0.7941,0.7732,0.0004,0.0,0.3431,0.0003,0.2949,0.0,0.0103,0.0008,0.0,0.0,0.0177,0.0194,0.0007,0.0009,0.0003,0.0,0.0039,0.0,0.007,0.0,0.037,0.0017,0.0004,0.0006,0.0075,0.0214,0.0,0.0,0.0,0.0,0.8243,0.3735,0.0005,0.0004,1.8719,25.7791,0.0,25.7791,25.7791,1.2122,0.0,0.5963,1.1139,0.1425,0.0556,0.0,0.1021,0.0,0.1842,29.5799,0.0,0.175,0.0104,0.05,56.3091,0.0203,0.1943,1.1661,0,0,0,0.0,0.0016,0,0,0,60.1245,0.4071,0.1134,15.0131,0.1147,5.2763,0.0603,4.8144,0.1199,0.0,0.9967,0.0,2.5088,0.0,0.0495,0.0924,0.3954,0.0214,0.0211,0.2335,0.0269,0.0859,0.1132,156.096,11.7313,0.1704,0.1637,17.5482,0.0051,17.4618,0.0,158.8372,0.4533,0.0648,0.0,0.0,0.0
265,"[{""food_id"": 297, ""measure_id"": 3310, ""unit_amount"": 4.0}, {""food_id"": 253, ""measure_id"": 2853, ""unit_amount"": 4.0}, {""food_id"": 218, ""measure_id"": 2451, ""unit_amount"": 1.0}, {""food_id"": 182, ""measure_id"": 2055, ""unit_amount"": 0.5}, {""food_id"": 8, ""measure_id"": 147, ""unit_amount"": 1.0}, {""food_id"": 24, ""measure_id"": 341, ""unit_amount"": 1.0}, {""food_id"": 115, ""measure_id"": 1427, ""unit_amount"": 0.5}, {""food_id"": 298, ""measure_id"": 3318, ""unit_amount"": 3.0}, {""food_id"": 119, ""measure_id"": 1467, ""unit_amount"": 1.0}, {""food_id"": 182, ""measure_id"": 2055, ""unit_amount"": 0.5}]",700.68,183.783,937.1461,2908.6945,137.1823,223.1322,5.923,5.2499,11.2853,1415.8237,769.2092,38.6457,141.0296,0,383.628,0,0,0,0,0,0,0,0,0,0,1.634,10.1378,2.2878,7.3897,3.5805,9.9754,0.0,1.134,6.46,370.1856,9.7166,478.6732,10.11,0.7414,0.4251,12165.7582,0.0,5.6708,14.7947,0.0,20.1375,1.6498,1.6935,0.0,51.1284,3.5743,2.7132,0.5219,1.0271,0.3326,19.615,53.5724,45.7216,4.2665,0.0,11.6035,0.9036,8.763,0.0,0.755,0.6021,0.0156,0.0,0.249,0.3621,0.0472,0.2073,0.0101,0.1972,0.4455,0.0,0.0449,0.0,0.0829,0.0292,0.0543,0.0989,0.0484,0.0501,0.0,3.7225,3.1852,3.5661,59.6,13.3148,4.7884,1.1326,149.8121,126.6731,19.1971,140.136,107.4759,0.0217,0.0119,8.0414,0.589,1.3309,0.9553,0.0113,1.8804,13.9519,3.1845,440.0073,0.0,2.0728,0.0374,0.8375,188.0366,0.0,1.5539,2.8709,0,0,0,0.0014,0.0144,0,0,0,889.0228,4.5262,1.8748,10.206,2.9772,2135.0132,2.0383,68.9434,2.001,34.587,0.207,1.134,40.8264,0.0,0.3649,1.5644,12.369,0.1129,0.0682,1.8944,0.6142,1.537,2.2196,7747.0712,2166.1582,1.8927,0.4645,12.4314,9.7166,16.299,0.067,442.6104,4.586,0.7889,0.0112,0.0889,0.0
270,"[{""food_id"": 299, ""measure_id"": 3326, ""unit_amount"": 6.0}, {""food_id"": 300, ""measure_id"": 3337, ""unit_amount"": 3.0}, {""food_id"": 301, ""measure_id"": 3339, ""unit_amount"": 4.0}, {""food_id"": 162, ""measure_id"": 1871, ""unit_amount"": 12.0}, {""food_id"": 302, ""measure_id"": 3342, ""unit_amount"": 8.0}, {""food_id"": 6, ""measure_id"": 92, ""unit_amount"": 3.0}]",522.402,1120.0252,0.0,4292.2908,1.4188,7.011,0.0037,8.3049,94.0319,4195.6184,85.0527,12.2238,935.8713,0,0.0,0,0,0,0,0,0,0,0,0,0,0.3938,0.0,0.2854,11.8089,2.8891,6.4101,0.0,0.0,27.2675,387.4914,0.0,153.3034,62.627,2.512,0.0584,17954.4815,0.0,0.0021,0.0008,0.0,0.0163,0.0,0.0003,0.0,0.7405,0.0549,0.0004,0.0,0.0077,0.0,0.5645,2.4193,0.0241,0.003,0.0,3.3393,0.0008,0.0369,0.0,0.1044,0.0091,0.0,0.0,0.0028,0.0324,0.0003,0.0001,0.0,0.0001,0.0015,0.0,0.0001,0.0,0.0025,0.0003,0.0008,0.0027,0.0,0.0071,0.0,0.0,0.0001,0.0004,2.5141,3.4422,0.003,0.0006,350.7781,199.3897,0.0,199.3897,199.3897,217.428,0.0022,0.8438,90.3982,0.368,0.0624,0.0,0.3105,0.0,0.5361,1328.0672,0.78,0.4807,0.0,0.0597,265.3499,0.0,4.3288,5.6687,0,0,0,0.0,0.0003,0,0,0,409.2606,1.7242,0.3103,236.6821,0.5989,0.0,0.9678,7.9464,0.4218,0.0,0.0,0.0,627.4987,0.0,0.5092,0.3091,3.5883,0.0,0.0135,1.3594,0.0574,0.0642,0.4793,828.5996,34.2671,0.0,0.985,412.6048,0.0,123.419,0.0,2944.2624,3.2894,0.5443,0.0,0.0,0.0
271,"[{""food_id"": 303, ""measure_id"": 3350, ""unit_amount"": 16.0}, {""food_id"": 114, ""measure_id"": 1407, ""unit_amount"": 0.33}, {""food_id"": 11, ""measure_id"": 180, ""unit_amount"": 1.0}, {""food_id"": 186, ""measure_id"": 2105, ""unit_amount"": 3.0}, {""food_id"": 6, ""measure_id"": 99, ""unit_amount"": 0.25}, {""food_id"": 21, ""measure_id"": 276, ""unit_amount"": 1.5}]",83.7856,9.0299,392.3888,1012.9476,33.5132,60.9004,2.6617,9.23,3.8354,1123.4252,2734.624,111.3618,2.4709,0,0.0,0,0,0,0,0,0,0,0,0,0,6.2933,0.0,6.6115,11.3327,9.1433,1.8988,0.0,0.0,0.0,67.866,0.0,16.0495,32.208,0.587,1.1375,4229.0793,0.0,1.1037,1.1275,0.0049,3.824,0.0,0.0974,0.0,15.1312,0.715,0.4087,0.0,0.5254,0.0,8.8786,19.7103,17.4477,2.2622,0.0,2.33,0.15,1.6094,0.0,0.4699,0.4643,0.0008,0.0,0.0861,0.0433,0.0,0.0,0.0,0.0,0.1961,0.0,0.1003,0.0,0.0,0.0009,0.0,0.114,0.0456,0.0,0.0,1.3726,0.8558,0.5069,20.4691,3.2558,2.2622,0.3949,1.2998,11.9666,0.0,11.9666,11.9666,0.6122,0.0129,14.8666,0.7465,5.8521,2.8958,0.0,4.6296,0.0,7.9241,8.8572,0.0,8.4438,0.0,2.6745,186.384,0.0,0.5471,35.1105,0,0,0,0.0,0.0,0,0,0,724.0233,3.141,4.1343,0.0,4.7578,308.1428,1.8191,62.7321,3.9424,1.701,0.0,0.0,1.0818,0.0,0.6089,4.5202,3.8641,0.0,0.0,0.0707,1.1519,3.4711,4.986,1167.9599,315.3429,5.6811,2.655,11.5575,0.0,9.195,0.0,404.0887,10.518,0.0,0.0,0.0,0.0
272,"[{""food_id"": 303, ""measure_id"": 3350, ""unit_amount"": 32.0}, {""food_id"": 21, ""measure_id"": 276, ""unit_amount"": 2.0}, {""food_id"": 3, ""measure_id"": 33, ""unit_amount"": 1.0}, {""food_id"": 181, ""measure_id"": 2043, ""unit_amount"": 1.0}, {""food_id"": 114, ""measure_id"": 1409, ""unit_amount"": 2.0}, {""food_id"": 6, ""measure_id"": 99, ""unit_amount"": 0.5}, {""food_id"": 304, ""measure_id"": 3356, ""unit_amount"": 2.0}]",102.9024,19.4519,723.825,1825.0438,52.2519,97.0842,4.394,16.2019,1.8967,2043.0113,1021.2969,220.9059,11.4383,0,0.0,0,0,0,0,0,0,0,0,0,0,12.5255,0.0,13.1776,10.3023,18.112,0.2401,0.0,0.0,0.06,90.706,0.0,15.9547,6.74,1.0316,2.2508,7615.8642,0.0,1.4886,1.5215,0.0,5.4597,0.0,0.1917,0.0,24.0306,1.156,0.5449,0.0,0.8921,0.0,14.8933,32.6872,28.998,3.679,0.0,3.5398,0.2244,2.5881,0.0,0.8129,0.8079,0.0,0.0,0.133,0.0567,0.0,0.0,0.0,0.0,0.3922,0.0,0.2006,0.0,0.0,0.0,0.0,0.228,0.0912,0.0,0.0,1.8291,1.138,0.6747,33.8994,5.2646,3.679,0.7059,2.3576,16.69,0.0,16.69,16.69,0.9737,0.0,29.5841,1.4638,11.6192,5.7593,0.0,9.1769,0.0,15.7328,4.991,0.0,16.8096,0.0,5.3211,338.3445,0.0,0.1295,69.6423,0,0,0,0.0,0.0,0,0,0,1403.8205,6.1045,8.2032,12.6,9.3482,426.057,3.6022,120.5104,7.8384,2.268,0.0,0.0,2.7805,0.0,1.1993,9.0013,3.6476,0.0,0.0,0.0,2.2966,6.8913,9.8784,1579.706,433.81,11.314,5.3349,14.3643,0.0,4.2591,0.0,728.6298,20.2694,0.028,0.0,0.0,0.0
