id,name,photo_url
1,tomato juice,https://nix-tag-images.s3.amazonaws.com/1146_thumb.jpg
2,cabbage,https://nix-tag-images.s3.amazonaws.com/447_thumb.jpg
3,onion,https://nix-tag-images.s3.amazonaws.com/717_thumb.jpg
4,carrots,https://nix-tag-images.s3.amazonaws.com/452_thumb.jpg
5,celery,https://d2eawub7utcl6.cloudfront.net/images/nix-apple-grey.png
6,sugar,https://nix-tag-images.s3.amazonaws.com/834_thumb.jpg
7,margarine,https://nix-tag-images.s3.amazonaws.com/328_thumb.jpg
8,egg,https://nix-tag-images.s3.amazonaws.com/542_thumb.jpg
9,egg whites,https://nix-tag-images.s3.amazonaws.com/538_thumb.jpg
10,flour,https://nix-tag-images.s3.amazonaws.com/206_thumb.jpg
11,salt,https://nix-tag-images.s3.amazonaws.com/177_thumb.jpg
12,buttermilk,https://nix-tag-images.s3.amazonaws.com/146_thumb.jpg
13,graham cracker crumbs,https://d2eawub7utcl6.cloudfront.net/images/nix-apple-grey.png
14,gingersnap,https://nix-tag-images.s3.amazonaws.com/2894_thumb.jpg
15,rice vinegar,https://d2eawub7utcl6.cloudfront.net/images/nix-apple-grey.png
16,cucumber,https://nix-tag-images.s3.amazonaws.com/522_thumb.jpg
17,shallot,https://nix-tag-images.s3.amazonaws.com/1990_thumb.jpg
18,palm sugar,https://nix-tag-images.s3.amazonaws.com/5496_thumb.jpg
19,water chestnut,https://nix-tag-images.s3.amazonaws.com/1993_thumb.jpg
20,jalapenos,https://nix-tag-images.s3.amazonaws.com/640_thumb.jpg
21,butter,https://nix-tag-images.s3.amazonaws.com/328_thumb.jpg
22,brown sugar,https://nix-tag-images.s3.amazonaws.com/439_thumb.jpg
23,granulated sugar,https://nix-tag-images.s3.amazonaws.com/876_thumb.jpg
24,egg yolk,https://nix-tag-images.s3.amazonaws.com/1966_thumb.jpg
25,vanilla extract,https://nix-tag-images.s3.amazonaws.com/861_thumb.jpg
26,pecan,https://nix-tag-images.s3.amazonaws.com/729_thumb.jpg
27,cake flour,https://nix-tag-images.s3.amazonaws.com/3249_thumb.jpg
28,baking powder,https://nix-tag-images.s3.amazonaws.com/395_thumb.jpg
29,oil,https://nix-tag-images.s3.amazonaws.com/1031_thumb.jpg
30,vanilla,https://nix-tag-images.s3.amazonaws.com/861_thumb.jpg
31,eggs,https://nix-tag-images.s3.amazonaws.com/542_thumb.jpg
32,milk,https://nix-tag-images.s3.amazonaws.com/377_thumb.jpg
33,cornstarch,https://nix-tag-images.s3.amazonaws.com/509_thumb.jpg
34,whipping cream,https://nix-tag-images.s3.amazonaws.com/273_thumb.jpg
35,unsweetened chocolate,https://nix-tag-images.s3.amazonaws.com/154_thumb.jpg
36,mushrooms,https://nix-tag-images.s3.amazonaws.com/148_thumb.jpg
37,boneless skinless chicken breast,https://nix-tag-images.s3.amazonaws.com/7820_thumb.jpg
38,marsala,https://d2eawub7utcl6.cloudfront.net/images/nix-apple-grey.png
39,chicken broth,https://nix-tag-images.s3.amazonaws.com/3336_thumb.jpg
40,mozzarella cheese,https://nix-tag-images.s3.amazonaws.com/690_thumb.jpg
41,parmesan cheese,https://nix-tag-images.s3.amazonaws.com/594_thumb.jpg
42,green onion,https://nix-tag-images.s3.amazonaws.com/1916_thumb.jpg
43,large eggs,https://nix-tag-images.s3.amazonaws.com/542_thumb.jpg
44,almond extract,https://d2eawub7utcl6.cloudfront.net/images/nix-apple-grey.png
45,almonds,https://nix-tag-images.s3.amazonaws.com/140_thumb.jpg
46,large egg,https://nix-tag-images.s3.amazonaws.com/542_thumb.jpg
47,water,https://nix-tag-images.s3.amazonaws.com/4483_thumb.jpg
48,instant coffee,https://nix-tag-images.s3.amazonaws.com/2631_thumb.jpg
49,nonfat dry milk,https://nix-tag-images.s3.amazonaws.com/2153_thumb.jpg
50,orange rind,https://nix-tag-images.s3.amazonaws.com/2108_thumb.jpg
51,vegetable oil,https://nix-tag-images.s3.amazonaws.com/864_thumb.jpg
52,white sugar,https://nix-tag-images.s3.amazonaws.com/876_thumb.jpg
53,all purpose flour,https://nix-tag-images.s3.amazonaws.com/1381_thumb.jpg
54,baking soda,https://nix-tag-images.s3.amazonaws.com/396_thumb.jpg
55,cinnamon,https://nix-tag-images.s3.amazonaws.com/481_thumb.jpg
56,nutmeg,https://nix-tag-images.s3.amazonaws.com/710_thumb.jpg
57,golden raisin,https://nix-tag-images.s3.amazonaws.com/2793_thumb.jpg
58,confectioners sugar,https://nix-tag-images.s3.amazonaws.com/755_thumb.jpg
59,cream cheese,https://nix-tag-images.s3.amazonaws.com/514_thumb.jpg
60,light corn syrup,https://d2eawub7utcl6.cloudfront.net/images/nix-apple-grey.png
61,avocados,https://nix-tag-images.s3.amazonaws.com/391_thumb.jpg
62,tomatoes,https://nix-tag-images.s3.amazonaws.com/191_thumb.jpg
63,cloves garlic,https://nix-tag-images.s3.amazonaws.com/330_thumb.jpg
64,lime juice,https://nix-tag-images.s3.amazonaws.com/1863_thumb.jpg
65,beef,https://nix-tag-images.s3.amazonaws.com/192_thumb.jpg
66,dried thyme,https://nix-tag-images.s3.amazonaws.com/1936_thumb.jpg
67,pepper,https://nix-tag-images.s3.amazonaws.com/1755_thumb.jpg
68,beef broth,https://nix-tag-images.s3.amazonaws.com/4698_thumb.jpg
69,wine,https://nix-tag-images.s3.amazonaws.com/879_thumb.jpg
70,baby carrots,https://nix-tag-images.s3.amazonaws.com/1748_thumb.jpg
71,pearl onion,https://d2eawub7utcl6.cloudfront.net/images/nix-apple-grey.png
72,sugar snap peas,https://nix-tag-images.s3.amazonaws.com/9114_thumb.jpg
73,fresh lemon juice,https://nix-tag-images.s3.amazonaws.com/14540_thumb.jpg
74,olive oil,https://nix-tag-images.s3.amazonaws.com/42_thumb.jpg
75,can black beans,https://nix-tag-images.s3.amazonaws.com/7473_thumb.jpg
76,corn kernels,https://nix-tag-images.s3.amazonaws.com/294_thumb.jpg
77,plum tomato,https://nix-tag-images.s3.amazonaws.com/3157_thumb.jpg
78,scallion,https://nix-tag-images.s3.amazonaws.com/1916_thumb.jpg
79,fresh parsley,https://nix-tag-images.s3.amazonaws.com/1931_thumb.jpg
80,cayenne,https://nix-tag-images.s3.amazonaws.com/9040_thumb.jpg
81,boston lettuce,https://nix-tag-images.s3.amazonaws.com/1890_thumb.jpg
82,almond paste,https://d2eawub7utcl6.cloudfront.net/images/nix-apple-grey.png
83,ketchup,https://nix-tag-images.s3.amazonaws.com/1013_thumb.jpg
84,red wine vinegar,https://nix-tag-images.s3.amazonaws.com/281_thumb.jpg
85,dark brown sugar,https://nix-tag-images.s3.amazonaws.com/439_thumb.jpg
86,garlic cloves,https://nix-tag-images.s3.amazonaws.com/330_thumb.jpg
87,molasses,https://nix-tag-images.s3.amazonaws.com/686_thumb.jpg
88,worcestershire sauce,https://nix-tag-images.s3.amazonaws.com/881_thumb.jpg
89,cumin,https://nix-tag-images.s3.amazonaws.com/1905_thumb.jpg
90,chili powder,https://nix-tag-images.s3.amazonaws.com/1920_thumb.jpg
91,sour cream,https://nix-tag-images.s3.amazonaws.com/142_thumb.jpg
92,pecans,https://nix-tag-images.s3.amazonaws.com/729_thumb.jpg
93,powdered sugar,https://nix-tag-images.s3.amazonaws.com/755_thumb.jpg
94,corn,https://nix-tag-images.s3.amazonaws.com/294_thumb.jpg
95,dry yeast,https://nix-tag-images.s3.amazonaws.com/1941_thumb.jpg
96,yeast,https://nix-tag-images.s3.amazonaws.com/1941_thumb.jpg
97,buckwheat flour,https://nix-tag-images.s3.amazonaws.com/1276_thumb.jpg
98,light brown sugar,https://nix-tag-images.s3.amazonaws.com/439_thumb.jpg
99,whole wheat flour,https://nix-tag-images.s3.amazonaws.com/872_thumb.jpg
100,caraway seed,https://d2eawub7utcl6.cloudfront.net/images/nix-apple-grey.png
101,cocoa,https://nix-tag-images.s3.amazonaws.com/486_thumb.jpg
102,semi sweet chocolate chips,https://nix-tag-images.s3.amazonaws.com/220_thumb.jpg
103,green pepper,https://nix-tag-images.s3.amazonaws.com/1740_thumb.jpg
104,cider vinegar,https://nix-tag-images.s3.amazonaws.com/479_thumb.jpg
105,green chili pepper,https://nix-tag-images.s3.amazonaws.com/596_thumb.jpg
106,egg yolks,https://nix-tag-images.s3.amazonaws.com/1966_thumb.jpg
107,unsalted butter,https://nix-tag-images.s3.amazonaws.com/2092_thumb.jpg
108,baking potatoes,https://nix-tag-images.s3.amazonaws.com/2750_thumb.jpg
109,heavy cream,https://nix-tag-images.s3.amazonaws.com/273_thumb.jpg
110,bacon,https://nix-tag-images.s3.amazonaws.com/11_thumb.jpg
111,sage,https://nix-tag-images.s3.amazonaws.com/2148_thumb.jpg
112,white pepper,https://nix-tag-images.s3.amazonaws.com/2094_thumb.jpg
113,brussels sprout,https://nix-tag-images.s3.amazonaws.com/440_thumb.jpg
114,lemon juice,https://nix-tag-images.s3.amazonaws.com/1143_thumb.jpg
115,caster sugar,https://nix-tag-images.s3.amazonaws.com/834_thumb.jpg
116,sausage,https://nix-tag-images.s3.amazonaws.com/800_thumb.jpg
117,mexican blend cheese,https://nix-tag-images.s3.amazonaws.com/9022_thumb.jpg
118,flour tortillas,https://nix-tag-images.s3.amazonaws.com/560_thumb.jpg
119,almond,https://nix-tag-images.s3.amazonaws.com/140_thumb.jpg
120,brown rice,https://nix-tag-images.s3.amazonaws.com/37_thumb.jpg
121,oregano,https://nix-tag-images.s3.amazonaws.com/1929_thumb.jpg
122,marjoram,https://d2eawub7utcl6.cloudfront.net/images/nix-apple-grey.png
123,savory,https://d2eawub7utcl6.cloudfront.net/images/nix-apple-grey.png
124,snow pea,https://nix-tag-images.s3.amazonaws.com/813_thumb.jpg
125,broccoli,https://nix-tag-images.s3.amazonaws.com/363_thumb.jpg
126,lemons,https://nix-tag-images.s3.amazonaws.com/653_thumb.jpg
127,coconut,https://nix-tag-images.s3.amazonaws.com/172_thumb.jpg
128,blue cheese,https://nix-tag-images.s3.amazonaws.com/422_thumb.jpg
129,half and half,https://nix-tag-images.s3.amazonaws.com/607_thumb.jpg
130,basil leaves,https://nix-tag-images.s3.amazonaws.com/1885_thumb.jpg
131,corn syrup,https://d2eawub7utcl6.cloudfront.net/images/nix-apple-grey.png
132,blueberries,https://nix-tag-images.s3.amazonaws.com/426_thumb.jpg
133,cumin seeds,https://nix-tag-images.s3.amazonaws.com/2180_thumb.jpg
134,fennel seeds,https://nix-tag-images.s3.amazonaws.com/1969_thumb.jpg
135,garam masala,https://nix-tag-images.s3.amazonaws.com/2226_thumb.jpg
136,mango powder,https://d2eawub7utcl6.cloudfront.net/images/nix-apple-grey.png
137,cayenne pepper,https://nix-tag-images.s3.amazonaws.com/9040_thumb.jpg
138,asafoetida powder,https://d2eawub7utcl6.cloudfront.net/images/nix-apple-grey.png
139,ginger ground,https://nix-tag-images.s3.amazonaws.com/583_thumb.jpg
140,ginger,https://nix-tag-images.s3.amazonaws.com/776_thumb.jpg
141,carrot,https://nix-tag-images.s3.amazonaws.com/452_thumb.jpg
142,plain low fat yogurt,https://nix-tag-images.s3.amazonaws.com/9017_thumb.jpg
143,canola oil,https://nix-tag-images.s3.amazonaws.com/122_thumb.jpg
144,honey,https://nix-tag-images.s3.amazonaws.com/20_thumb.jpg
145,fresh blueberries,https://nix-tag-images.s3.amazonaws.com/426_thumb.jpg
146,lemon zest,https://nix-tag-images.s3.amazonaws.com/1975_thumb.jpg
147,vegetable shortening,https://nix-tag-images.s3.amazonaws.com/1988_thumb.jpg
148,tart apples,https://nix-tag-images.s3.amazonaws.com/2050_thumb.jpg
149,rum,https://d2eawub7utcl6.cloudfront.net/images/nix-apple-grey.png
150,walnuts chopped,https://nix-tag-images.s3.amazonaws.com/4477_thumb.jpg
151,can cannellini beans,https://nix-tag-images.s3.amazonaws.com/1423_thumb.jpg
152,thyme,https://nix-tag-images.s3.amazonaws.com/1937_thumb.jpg
153,lamb chop,https://d2eawub7utcl6.cloudfront.net/images/nix-apple-grey.png
154,pork chop,https://nix-tag-images.s3.amazonaws.com/746_thumb.jpg
155,light cream cheese,https://nix-tag-images.s3.amazonaws.com/668_thumb.jpg
156,maple syrup,https://nix-tag-images.s3.amazonaws.com/196_thumb.jpg
157,black eyed peas,https://nix-tag-images.s3.amazonaws.com/4236_thumb.jpg
158,jalapeno,https://nix-tag-images.s3.amazonaws.com/640_thumb.jpg
159,bay leaf,https://nix-tag-images.s3.amazonaws.com/1899_thumb.jpg
160,long grain rice,https://nix-tag-images.s3.amazonaws.com/784_thumb.jpg
161,vegetable broth,https://nix-tag-images.s3.amazonaws.com/1110_thumb.jpg
162,allspice,https://nix-tag-images.s3.amazonaws.com/1945_thumb.jpg
163,fettuccine,https://d2eawub7utcl6.cloudfront.net/images/nix-apple-grey.png
164,clove garlic,https://nix-tag-images.s3.amazonaws.com/330_thumb.jpg
165,fresh dill,https://nix-tag-images.s3.amazonaws.com/1963_thumb.jpg
166,chives,https://nix-tag-images.s3.amazonaws.com/1953_thumb.jpg
167,asparagus,https://nix-tag-images.s3.amazonaws.com/260_thumb.jpg
168,smoked salmon,https://nix-tag-images.s3.amazonaws.com/2002_thumb.jpg
169,yogurt vanilla,https://nix-tag-images.s3.amazonaws.com/1734_thumb.jpg
170,low fat milk,https://nix-tag-images.s3.amazonaws.com/376_thumb.jpg
171,applesauce,https://nix-tag-images.s3.amazonaws.com/386_thumb.jpg
172,caramel topping,https://nix-tag-images.s3.amazonaws.com/1414_thumb.jpg
173,frozen lemonade concentrate,https://d2eawub7utcl6.cloudfront.net/images/nix-apple-grey.png
174,frozen orange juice concentrate,https://d2eawub7utcl6.cloudfront.net/images/nix-apple-grey.png
175,ginger ale,https://nix-tag-images.s3.amazonaws.com/73_thumb.jpg
176,champagne,https://nix-tag-images.s3.amazonaws.com/1797_thumb.jpg
177,green apples,https://nix-tag-images.s3.amazonaws.com/8158_thumb.jpg
178,self rising flour,https://nix-tag-images.s3.amazonaws.com/5963_thumb.jpg
179,syrup,https://nix-tag-images.s3.amazonaws.com/5835_thumb.jpg
180,sugar cookies,https://nix-tag-images.s3.amazonaws.com/1103_thumb.jpg
181,lemon rind,https://nix-tag-images.s3.amazonaws.com/1975_thumb.jpg
182,cream,https://nix-tag-images.s3.amazonaws.com/273_thumb.jpg
183,pineapple,https://nix-tag-images.s3.amazonaws.com/195_thumb.jpg
184,chicken,https://nix-tag-images.s3.amazonaws.com/9_thumb.jpg
185,spring onions,https://nix-tag-images.s3.amazonaws.com/1916_thumb.jpg
186,curry powder,https://nix-tag-images.s3.amazonaws.com/1961_thumb.jpg
187,5 spice,https://nix-tag-images.s3.amazonaws.com/2186_thumb.jpg
188,garlic clove,https://nix-tag-images.s3.amazonaws.com/330_thumb.jpg
189,fresh ginger,https://nix-tag-images.s3.amazonaws.com/776_thumb.jpg
190,mayonnaise,https://nix-tag-images.s3.amazonaws.com/56_thumb.jpg
191,coconut milk,https://nix-tag-images.s3.amazonaws.com/288_thumb.jpg
192,chicken breasts,https://nix-tag-images.s3.amazonaws.com/7820_thumb.jpg
193,cream of chicken soup,https://nix-tag-images.s3.amazonaws.com/1999_thumb.jpg
194,velveeta cheese,https://nix-tag-images.s3.amazonaws.com/2484_thumb.jpg
195,egg noodles,https://nix-tag-images.s3.amazonaws.com/535_thumb.jpg
196,can corn,https://nix-tag-images.s3.amazonaws.com/1901_thumb.jpg
197,seasoning salt,https://nix-tag-images.s3.amazonaws.com/1195_thumb.jpg
198,parsley,https://nix-tag-images.s3.amazonaws.com/1931_thumb.jpg
199,gingerbread,https://d2eawub7utcl6.cloudfront.net/images/nix-apple-grey.png
200,oranges,https://nix-tag-images.s3.amazonaws.com/719_thumb.jpg
201,anise,https://d2eawub7utcl6.cloudfront.net/images/nix-apple-grey.png
202,angel food cake,https://nix-tag-images.s3.amazonaws.com/2193_thumb.jpg
203,whole eggs,https://nix-tag-images.s3.amazonaws.com/542_thumb.jpg
204,vanilla pudding,https://nix-tag-images.s3.amazonaws.com/1074_thumb.jpg
205,nuts,https://nix-tag-images.s3.amazonaws.com/1066_thumb.jpg
206,soy sauce,https://d2eawub7utcl6.cloudfront.net/images/nix-apple-grey.png
207,sesame oil,https://nix-tag-images.s3.amazonaws.com/806_thumb.jpg
208,red onions,https://nix-tag-images.s3.amazonaws.com/8573_thumb.jpg
209,boneless chicken,https://nix-tag-images.s3.amazonaws.com/7824_thumb.jpg
210,paprika,https://nix-tag-images.s3.amazonaws.com/1978_thumb.jpg
211,tomato paste,https://nix-tag-images.s3.amazonaws.com/306_thumb.jpg
212,red wine,https://nix-tag-images.s3.amazonaws.com/781_thumb.jpg
213,chicken stock,https://nix-tag-images.s3.amazonaws.com/36_thumb.jpg
214,plain yogurt,https://nix-tag-images.s3.amazonaws.com/744_thumb.jpg
215,self raising flour,https://nix-tag-images.s3.amazonaws.com/5963_thumb.jpg
216,parsley chopped,https://nix-tag-images.s3.amazonaws.com/1931_thumb.jpg
217,chicken liver,https://nix-tag-images.s3.amazonaws.com/2759_thumb.jpg
218,brandy,https://nix-tag-images.s3.amazonaws.com/1934_thumb.jpg
219,chicken livers,https://nix-tag-images.s3.amazonaws.com/2759_thumb.jpg
220,peppercorn,https://nix-tag-images.s3.amazonaws.com/1755_thumb.jpg
221,white mushrooms,https://nix-tag-images.s3.amazonaws.com/148_thumb.jpg
222,madeira wine,https://d2eawub7utcl6.cloudfront.net/images/nix-apple-grey.png
223,cognac,https://nix-tag-images.s3.amazonaws.com/1934_thumb.jpg
224,onions,https://nix-tag-images.s3.amazonaws.com/717_thumb.jpg
225,celery chopped,https://nix-tag-images.s3.amazonaws.com/8994_thumb.jpg
226,breadcrumbs,https://nix-tag-images.s3.amazonaws.com/203_thumb.jpg
227,chiles,https://nix-tag-images.s3.amazonaws.com/9158_thumb.jpg
228,black pepper,https://nix-tag-images.s3.amazonaws.com/1755_thumb.jpg
229,chipotle paste,https://d2eawub7utcl6.cloudfront.net/images/nix-apple-grey.png
230,garlic powder,https://nix-tag-images.s3.amazonaws.com/1909_thumb.jpg
231,cola,https://nix-tag-images.s3.amazonaws.com/55_thumb.jpg
232,chili sauce,https://d2eawub7utcl6.cloudfront.net/images/nix-apple-grey.png
233,hot pepper sauce,https://nix-tag-images.s3.amazonaws.com/7945_thumb.jpg
234,coriander,https://d2eawub7utcl6.cloudfront.net/images/nix-apple-grey.png
235,salted peanut,https://nix-tag-images.s3.amazonaws.com/8538_thumb.jpg
236,sesame seeds,https://nix-tag-images.s3.amazonaws.com/1942_thumb.jpg
237,unsweetened coconut,https://nix-tag-images.s3.amazonaws.com/3243_thumb.jpg
238,turmeric,https://nix-tag-images.s3.amazonaws.com/2038_thumb.jpg
239,green beans,https://nix-tag-images.s3.amazonaws.com/189_thumb.jpg
240,sweet red pepper,https://nix-tag-images.s3.amazonaws.com/8707_thumb.jpg
241,sun dried tomatoes,https://nix-tag-images.s3.amazonaws.com/1169_thumb.jpg
242,dried basil,https://nix-tag-images.s3.amazonaws.com/1886_thumb.jpg
243,coca cola,https://nix-tag-images.s3.amazonaws.com/484_thumb.jpg
244,marshmallows,https://nix-tag-images.s3.amazonaws.com/139_thumb.jpg
245,tomato sauce,https://nix-tag-images.s3.amazonaws.com/321_thumb.jpg
246,dry sherry,https://d2eawub7utcl6.cloudfront.net/images/nix-apple-grey.png
247,white vinegar,https://nix-tag-images.s3.amazonaws.com/1187_thumb.jpg
248,raisins,https://nix-tag-images.s3.amazonaws.com/323_thumb.jpg
249,shortening,https://nix-tag-images.s3.amazonaws.com/1988_thumb.jpg
250,orange juice,https://nix-tag-images.s3.amazonaws.com/271_thumb.jpg
251,pork,https://nix-tag-images.s3.amazonaws.com/1085_thumb.jpg
252,shrimp,https://nix-tag-images.s3.amazonaws.com/204_thumb.jpg
253,white wine,https://nix-tag-images.s3.amazonaws.com/1745_thumb.jpg
254,napa cabbage,https://nix-tag-images.s3.amazonaws.com/3986_thumb.jpg
255,chocolate chips,https://nix-tag-images.s3.amazonaws.com/220_thumb.jpg
256,cheddar cheese cubes,https://d2eawub7utcl6.cloudfront.net/images/nix-apple-grey.png
257,cheddar cheese,https://nix-tag-images.s3.amazonaws.com/458_thumb.jpg
258,bread toasted,https://nix-tag-images.s3.amazonaws.com/877_thumb.jpg
259,sherry wine,https://d2eawub7utcl6.cloudfront.net/images/nix-apple-grey.png
260,punch,https://nix-tag-images.s3.amazonaws.com/95_thumb.jpg
261,vanilla ice cream,https://nix-tag-images.s3.amazonaws.com/862_thumb.jpg
262,sprite,https://nix-tag-images.s3.amazonaws.com/9237_thumb.jpg
263,cranberries,https://nix-tag-images.s3.amazonaws.com/512_thumb.jpg
264,apples,https://nix-tag-images.s3.amazonaws.com/384_thumb.jpg
265,seedless grapes,https://nix-tag-images.s3.amazonaws.com/586_thumb.jpg
266,unsweetened cocoa powder,https://nix-tag-images.s3.amazonaws.com/487_thumb.jpg
267,walnuts,https://nix-tag-images.s3.amazonaws.com/301_thumb.jpg
268,chocolate chip,https://nix-tag-images.s3.amazonaws.com/220_thumb.jpg
269,chocolate chip cookie dough,https://nix-tag-images.s3.amazonaws.com/3084_thumb.jpg
270,raspberry preserves,https://nix-tag-images.s3.amazonaws.com/768_thumb.jpg
271,peanuts,https://nix-tag-images.s3.amazonaws.com/8538_thumb.jpg
272,zucchini,https://nix-tag-images.s3.amazonaws.com/884_thumb.jpg
273,banana,https://nix-tag-images.s3.amazonaws.com/399_thumb.jpg
274,maraschino cherries,https://d2eawub7utcl6.cloudfront.net/images/nix-apple-grey.png
275,mini chocolate chips,https://nix-tag-images.s3.amazonaws.com/220_thumb.jpg
276,semisweet chocolate,https://nix-tag-images.s3.amazonaws.com/220_thumb.jpg
277,chocolate pudding mix,https://d2eawub7utcl6.cloudfront.net/images/nix-apple-grey.png
278,baking chocolate,https://nix-tag-images.s3.amazonaws.com/154_thumb.jpg
279,ice cream,https://nix-tag-images.s3.amazonaws.com/39_thumb.jpg
280,chocolate,https://nix-tag-images.s3.amazonaws.com/268_thumb.jpg
281,cool whip,https://nix-tag-images.s3.amazonaws.com/5330_thumb.jpg
282,graham cracker pie crust,https://d2eawub7utcl6.cloudfront.net/images/nix-apple-grey.png
283,boneless skinless chicken breasts,https://nix-tag-images.s3.amazonaws.com/7820_thumb.jpg
284,cooked brown rice,https://nix-tag-images.s3.amazonaws.com/13781_thumb.jpg
285,light soy sauce,https://d2eawub7utcl6.cloudfront.net/images/nix-apple-grey.png
286,rice wine vinegar,https://d2eawub7utcl6.cloudfront.net/images/nix-apple-grey.png
287,frozen peas,https://nix-tag-images.s3.amazonaws.com/3350_thumb.jpg
288,crabmeat,https://nix-tag-images.s3.amazonaws.com/1418_thumb.jpg
289,dry mustard,https://nix-tag-images.s3.amazonaws.com/1967_thumb.jpg
290,garlic salt,https://nix-tag-images.s3.amazonaws.com/3253_thumb.jpg
291,cheddar cheese grated,https://nix-tag-images.s3.amazonaws.com/5311_thumb.jpg
292,spicy brown mustard,https://nix-tag-images.s3.amazonaws.com/438_thumb.jpg
293,potatoes,https://nix-tag-images.s3.amazonaws.com/752_thumb.jpg
294,dried shrimp,https://d2eawub7utcl6.cloudfront.net/images/nix-apple-grey.png
295,fish sauce,https://nix-tag-images.s3.amazonaws.com/1201_thumb.jpg
296,red chili,https://nix-tag-images.s3.amazonaws.com/3411_thumb.jpg
297,macaroons,https://nix-tag-images.s3.amazonaws.com/1271_thumb.jpg
298,raspberry jam,https://nix-tag-images.s3.amazonaws.com/768_thumb.jpg
299,pears,https://nix-tag-images.s3.amazonaws.com/190_thumb.jpg
300,apple juice,https://nix-tag-images.s3.amazonaws.com/385_thumb.jpg
301,cinnamon sticks,https://nix-tag-images.s3.amazonaws.com/4778_thumb.jpg
302,whole cloves,https://d2eawub7utcl6.cloudfront.net/images/nix-apple-grey.png
303,lamb chops,https://d2eawub7utcl6.cloudfront.net/images/nix-apple-grey.png
304,mint,https://nix-tag-images.s3.amazonaws.com/8014_thumb.jpg
305,cheese,https://nix-tag-images.s3.amazonaws.com/1034_thumb.jpg
306,lime rind,https://nix-tag-images.s3.amazonaws.com/1975_thumb.jpg
307,distilled vinegar,https://nix-tag-images.s3.amazonaws.com/1187_thumb.jpg
308,green onions,https://nix-tag-images.s3.amazonaws.com/1916_thumb.jpg
309,lemongrass,https://nix-tag-images.s3.amazonaws.com/2147_thumb.jpg
310,lime juiced,https://nix-tag-images.s3.amazonaws.com/13244_thumb.jpg
311,bananas,https://nix-tag-images.s3.amazonaws.com/399_thumb.jpg
312,romaine lettuce,https://nix-tag-images.s3.amazonaws.com/9045_thumb.jpg
313,red leaf lettuce,https://nix-tag-images.s3.amazonaws.com/3844_thumb.jpg
314,belgian endive,https://nix-tag-images.s3.amazonaws.com/3977_thumb.jpg
315,beef strips,https://nix-tag-images.s3.amazonaws.com/192_thumb.jpg
316,cilantro chopped,https://nix-tag-images.s3.amazonaws.com/480_thumb.jpg
317,vegetable stock,https://nix-tag-images.s3.amazonaws.com/1110_thumb.jpg
318,broccoli florets,https://nix-tag-images.s3.amazonaws.com/363_thumb.jpg
319,tofu,https://nix-tag-images.s3.amazonaws.com/850_thumb.jpg
320,cauliflower,https://nix-tag-images.s3.amazonaws.com/315_thumb.jpg
321,cheddar cheese shredded,https://nix-tag-images.s3.amazonaws.com/5311_thumb.jpg
322,grapefruit,https://nix-tag-images.s3.amazonaws.com/589_thumb.jpg
323,orange,https://nix-tag-images.s3.amazonaws.com/719_thumb.jpg
324,fresh pineapple,https://nix-tag-images.s3.amazonaws.com/195_thumb.jpg
325,soft shelled crabs,https://d2eawub7utcl6.cloudfront.net/images/nix-apple-grey.png
326,celery seed,https://d2eawub7utcl6.cloudfront.net/images/nix-apple-grey.png
327,red pepper,https://nix-tag-images.s3.amazonaws.com/8707_thumb.jpg
328,tarragon,https://d2eawub7utcl6.cloudfront.net/images/nix-apple-grey.png
329,puff pastry,https://d2eawub7utcl6.cloudfront.net/images/nix-apple-grey.png
330,potato chips,https://nix-tag-images.s3.amazonaws.com/120_thumb.jpg
331,heavy whipping cream,https://nix-tag-images.s3.amazonaws.com/273_thumb.jpg
332,ice,https://nix-tag-images.s3.amazonaws.com/1780_thumb.jpg
333,orange zest,https://nix-tag-images.s3.amazonaws.com/2108_thumb.jpg
334,almonds chopped,https://d2eawub7utcl6.cloudfront.net/images/nix-apple-grey.png
335,slivered almonds,https://nix-tag-images.s3.amazonaws.com/5747_thumb.jpg
336,acorn squash,https://nix-tag-images.s3.amazonaws.com/4535_thumb.jpg
337,mushroom,https://nix-tag-images.s3.amazonaws.com/148_thumb.jpg
338,fresh basil chopped,https://nix-tag-images.s3.amazonaws.com/1885_thumb.jpg
339,muenster cheese,https://nix-tag-images.s3.amazonaws.com/692_thumb.jpg
340,great northern beans,https://nix-tag-images.s3.amazonaws.com/7521_thumb.jpg
341,salsa,https://nix-tag-images.s3.amazonaws.com/219_thumb.jpg
342,monterey jack cheese shredded,https://d2eawub7utcl6.cloudfront.net/images/nix-apple-grey.png
343,frozen spinach,https://nix-tag-images.s3.amazonaws.com/3337_thumb.jpg
344,egg white,https://nix-tag-images.s3.amazonaws.com/538_thumb.jpg
345,parmesan,https://nix-tag-images.s3.amazonaws.com/594_thumb.jpg
346,phyllo dough,https://d2eawub7utcl6.cloudfront.net/images/nix-apple-grey.png
347,skim milk,https://nix-tag-images.s3.amazonaws.com/810_thumb.jpg
348,mango,https://nix-tag-images.s3.amazonaws.com/673_thumb.jpg
349,tamarind pulp,https://d2eawub7utcl6.cloudfront.net/images/nix-apple-grey.png
350,white onion,https://nix-tag-images.s3.amazonaws.com/8575_thumb.jpg
351,fresh cilantro,https://nix-tag-images.s3.amazonaws.com/480_thumb.jpg
352,raw red bell pepper,https://nix-tag-images.s3.amazonaws.com/7685_thumb.jpg
353,chilies,https://nix-tag-images.s3.amazonaws.com/596_thumb.jpg
354,white onions,https://nix-tag-images.s3.amazonaws.com/8575_thumb.jpg
355,medium yellow squash,https://nix-tag-images.s3.amazonaws.com/1816_thumb.jpg
356,roma tomatoes,https://nix-tag-images.s3.amazonaws.com/8114_thumb.jpg
357,extra virgin olive oil,https://nix-tag-images.s3.amazonaws.com/9295_thumb.jpg
358,serrano peppers,https://nix-tag-images.s3.amazonaws.com/4965_thumb.jpg
359,cilantro,https://nix-tag-images.s3.amazonaws.com/480_thumb.jpg
360,spearmint,https://nix-tag-images.s3.amazonaws.com/1979_thumb.jpg
361,lime zest,https://nix-tag-images.s3.amazonaws.com/1975_thumb.jpg
362,vodka,https://nix-tag-images.s3.amazonaws.com/868_thumb.jpg
363,dried apricot,https://nix-tag-images.s3.amazonaws.com/1166_thumb.jpg
364,apricot preserves,https://nix-tag-images.s3.amazonaws.com/1818_thumb.jpg
365,red bell pepper,https://nix-tag-images.s3.amazonaws.com/8707_thumb.jpg
366,italian seasoning,https://nix-tag-images.s3.amazonaws.com/3400_thumb.jpg
367,monterey jack cheese,https://nix-tag-images.s3.amazonaws.com/688_thumb.jpg
368,skinless chicken breast,https://nix-tag-images.s3.amazonaws.com/7820_thumb.jpg
369,lemon,https://nix-tag-images.s3.amazonaws.com/653_thumb.jpg
370,smoked ham,https://nix-tag-images.s3.amazonaws.com/2521_thumb.jpg
371,pineapple chunks,https://nix-tag-images.s3.amazonaws.com/2774_thumb.jpg
372,celery ribs,https://nix-tag-images.s3.amazonaws.com/8993_thumb.jpg
373,black olives,https://nix-tag-images.s3.amazonaws.com/367_thumb.jpg
374,low fat mayonnaise,https://nix-tag-images.s3.amazonaws.com/1781_thumb.jpg
375,canned mandarin oranges drained,https://d2eawub7utcl6.cloudfront.net/images/nix-apple-grey.png
376,turkey,https://nix-tag-images.s3.amazonaws.com/1636_thumb.jpg
377,apple,https://nix-tag-images.s3.amazonaws.com/384_thumb.jpg
378,grapes,https://nix-tag-images.s3.amazonaws.com/586_thumb.jpg
379,canned pineapple,https://nix-tag-images.s3.amazonaws.com/2774_thumb.jpg
380,green olives,https://nix-tag-images.s3.amazonaws.com/1101_thumb.jpg
381,italian salad dressing,https://nix-tag-images.s3.amazonaws.com/58_thumb.jpg
382,sourdough bread,https://nix-tag-images.s3.amazonaws.com/349_thumb.jpg
383,ham,https://nix-tag-images.s3.amazonaws.com/217_thumb.jpg
384,salami,https://nix-tag-images.s3.amazonaws.com/282_thumb.jpg
385,hazelnuts,https://nix-tag-images.s3.amazonaws.com/1326_thumb.jpg
386,ladyfingers,https://nix-tag-images.s3.amazonaws.com/2150_thumb.jpg
387,mascarpone,https://nix-tag-images.s3.amazonaws.com/1628_thumb.jpg
388,marsala wine,https://d2eawub7utcl6.cloudfront.net/images/nix-apple-grey.png
389,triple sec,https://nix-tag-images.s3.amazonaws.com/9505_thumb.jpg
390,orange extract,https://d2eawub7utcl6.cloudfront.net/images/nix-apple-grey.png
391,bittersweet chocolate,https://nix-tag-images.s3.amazonaws.com/154_thumb.jpg
392,sun dried tomato,https://nix-tag-images.s3.amazonaws.com/1169_thumb.jpg
393,pine nuts,https://nix-tag-images.s3.amazonaws.com/735_thumb.jpg
394,raw sweet potato,https://d2eawub7utcl6.cloudfront.net/images/nix-apple-grey.png
395,frozen raspberries,https://nix-tag-images.s3.amazonaws.com/2907_thumb.jpg
396,coffee,https://nix-tag-images.s3.amazonaws.com/1718_thumb.jpg
397,raspberries,https://nix-tag-images.s3.amazonaws.com/767_thumb.jpg
398,strawberry,https://nix-tag-images.s3.amazonaws.com/831_thumb.jpg
399,balsamic vinegar,https://nix-tag-images.s3.amazonaws.com/398_thumb.jpg
400,sweet potatoes,https://nix-tag-images.s3.amazonaws.com/208_thumb.jpg
401,sultana,https://nix-tag-images.s3.amazonaws.com/2793_thumb.jpg
402,icing sugar,https://nix-tag-images.s3.amazonaws.com/755_thumb.jpg
403,hamburger,https://nix-tag-images.s3.amazonaws.com/608_thumb.jpg
404,refried beans,https://nix-tag-images.s3.amazonaws.com/198_thumb.jpg
405,light cream,https://nix-tag-images.s3.amazonaws.com/4018_thumb.jpg
406,brewed coffee,https://nix-tag-images.s3.amazonaws.com/1718_thumb.jpg
407,chicken breast,https://nix-tag-images.s3.amazonaws.com/7820_thumb.jpg
408,italian sausage,https://nix-tag-images.s3.amazonaws.com/639_thumb.jpg
409,can tomato soup,https://nix-tag-images.s3.amazonaws.com/249_thumb.jpg
410,m and m,https://nix-tag-images.s3.amazonaws.com/1677_thumb.jpg
411,vanilla bean,https://d2eawub7utcl6.cloudfront.net/images/nix-apple-grey.png
412,manicotti,https://d2eawub7utcl6.cloudfront.net/images/nix-apple-grey.png
413,fat free cream cheese,https://nix-tag-images.s3.amazonaws.com/2734_thumb.jpg
414,ricotta cheese,https://nix-tag-images.s3.amazonaws.com/787_thumb.jpg
415,fat free mozzarella cheese,https://d2eawub7utcl6.cloudfront.net/images/nix-apple-grey.png
416,egg substitute,https://nix-tag-images.s3.amazonaws.com/537_thumb.jpg
417,spaghetti sauce,https://nix-tag-images.s3.amazonaws.com/8550_thumb.jpg
418,macadamia nuts,https://nix-tag-images.s3.amazonaws.com/1163_thumb.jpg
419,lime peel,https://nix-tag-images.s3.amazonaws.com/1975_thumb.jpg
420,tart cherry,https://d2eawub7utcl6.cloudfront.net/images/nix-apple-grey.png
421,pistachio nuts,https://nix-tag-images.s3.amazonaws.com/737_thumb.jpg
422,hazelnuts chopped,https://nix-tag-images.s3.amazonaws.com/1326_thumb.jpg
423,unsweetened applesauce,https://nix-tag-images.s3.amazonaws.com/2890_thumb.jpg
424,ground cloves,https://nix-tag-images.s3.amazonaws.com/1956_thumb.jpg
425,ground nutmeg,https://nix-tag-images.s3.amazonaws.com/710_thumb.jpg
426,cereal,https://nix-tag-images.s3.amazonaws.com/113_thumb.jpg
427,coffee granules,https://d2eawub7utcl6.cloudfront.net/images/nix-apple-grey.png
428,orange peel,https://nix-tag-images.s3.amazonaws.com/2108_thumb.jpg
429,coffee creamer,https://nix-tag-images.s3.amazonaws.com/9320_thumb.jpg
430,espresso,https://nix-tag-images.s3.amazonaws.com/547_thumb.jpg
431,condensed milk,https://nix-tag-images.s3.amazonaws.com/164_thumb.jpg
432,sponge cake,https://nix-tag-images.s3.amazonaws.com/3474_thumb.jpg
433,sliced almonds,https://nix-tag-images.s3.amazonaws.com/8934_thumb.jpg
434,frozen strawberries,https://nix-tag-images.s3.amazonaws.com/2904_thumb.jpg
435,ground beef,https://nix-tag-images.s3.amazonaws.com/47_thumb.jpg
436,canned tomatoes,https://nix-tag-images.s3.amazonaws.com/1902_thumb.jpg
437,red kidney beans,https://nix-tag-images.s3.amazonaws.com/2179_thumb.jpg
438,white kidney beans,https://nix-tag-images.s3.amazonaws.com/1127_thumb.jpg
439,beef stock,https://nix-tag-images.s3.amazonaws.com/69_thumb.jpg
440,tabasco sauce,https://d2eawub7utcl6.cloudfront.net/images/nix-apple-grey.png
441,roma tomato,https://nix-tag-images.s3.amazonaws.com/8114_thumb.jpg
442,fresh mint,https://nix-tag-images.s3.amazonaws.com/1979_thumb.jpg
443,plain nonfat yogurt,https://nix-tag-images.s3.amazonaws.com/3113_thumb.jpg
444,green olive,https://nix-tag-images.s3.amazonaws.com/1101_thumb.jpg
445,couscous,https://nix-tag-images.s3.amazonaws.com/33_thumb.jpg
446,orange marmalade,https://nix-tag-images.s3.amazonaws.com/2739_thumb.jpg
447,creamy peanut butter,https://nix-tag-images.s3.amazonaws.com/199_thumb.jpg
448,dijon mustard,https://nix-tag-images.s3.amazonaws.com/526_thumb.jpg
449,leek,https://nix-tag-images.s3.amazonaws.com/1922_thumb.jpg
450,green peas,https://nix-tag-images.s3.amazonaws.com/728_thumb.jpg
451,kielbasa,https://nix-tag-images.s3.amazonaws.com/646_thumb.jpg
452,peanut butter,https://nix-tag-images.s3.amazonaws.com/199_thumb.jpg
453,fresh coriander,https://nix-tag-images.s3.amazonaws.com/480_thumb.jpg
454,garlic,https://nix-tag-images.s3.amazonaws.com/330_thumb.jpg
455,apricot jam,https://nix-tag-images.s3.amazonaws.com/1818_thumb.jpg
456,red onion,https://nix-tag-images.s3.amazonaws.com/8573_thumb.jpg
457,green bell pepper,https://nix-tag-images.s3.amazonaws.com/1740_thumb.jpg
458,scallions,https://nix-tag-images.s3.amazonaws.com/1916_thumb.jpg
459,basmati rice cooked,https://nix-tag-images.s3.amazonaws.com/1242_thumb.jpg
460,vinaigrette dressing,https://nix-tag-images.s3.amazonaws.com/22_thumb.jpg
461,pectin,https://d2eawub7utcl6.cloudfront.net/images/nix-apple-grey.png
462,bean sprouts,https://nix-tag-images.s3.amazonaws.com/407_thumb.jpg
463,low sodium soy sauce,https://nix-tag-images.s3.amazonaws.com/5456_thumb.jpg
464,green bell peppers,https://nix-tag-images.s3.amazonaws.com/1740_thumb.jpg
465,lettuce shredded,https://nix-tag-images.s3.amazonaws.com/5725_thumb.jpg
466,watercress,https://nix-tag-images.s3.amazonaws.com/1939_thumb.jpg
467,avocado,https://nix-tag-images.s3.amazonaws.com/391_thumb.jpg
468,feta cheese,https://nix-tag-images.s3.amazonaws.com/551_thumb.jpg
469,beets,https://nix-tag-images.s3.amazonaws.com/9323_thumb.jpg
470,jumbo shrimp,https://d2eawub7utcl6.cloudfront.net/images/nix-apple-grey.png
471,anchovy,https://d2eawub7utcl6.cloudfront.net/images/nix-apple-grey.png
472,greek olives,https://nix-tag-images.s3.amazonaws.com/643_thumb.jpg
473,peppers,https://d2eawub7utcl6.cloudfront.net/images/nix-apple-grey.png
474,radishes,https://nix-tag-images.s3.amazonaws.com/763_thumb.jpg
475,pineapple juice,https://nix-tag-images.s3.amazonaws.com/3425_thumb.jpg
476,salmon fillet,https://nix-tag-images.s3.amazonaws.com/375_thumb.jpg
477,boneless skinless chicken,https://nix-tag-images.s3.amazonaws.com/7824_thumb.jpg
478,pizza dough,https://d2eawub7utcl6.cloudfront.net/images/nix-apple-grey.png
479,chicken soup,https://nix-tag-images.s3.amazonaws.com/1644_thumb.jpg
480,processed cheese,https://nix-tag-images.s3.amazonaws.com/382_thumb.jpg
481,swiss cheese,https://nix-tag-images.s3.amazonaws.com/837_thumb.jpg
482,potato,https://nix-tag-images.s3.amazonaws.com/752_thumb.jpg
483,whole chickens,https://nix-tag-images.s3.amazonaws.com/4025_thumb.jpg
484,ritz crackers,https://nix-tag-images.s3.amazonaws.com/2867_thumb.jpg
485,can cream of mushroom soup,https://nix-tag-images.s3.amazonaws.com/515_thumb.jpg
486,pimento pepper,https://d2eawub7utcl6.cloudfront.net/images/nix-apple-grey.png
487,dark corn syrup,https://d2eawub7utcl6.cloudfront.net/images/nix-apple-grey.png
488,red peppers,https://nix-tag-images.s3.amazonaws.com/8707_thumb.jpg
489,horseradish,https://d2eawub7utcl6.cloudfront.net/images/nix-apple-grey.png
490,mixed salad greens,https://nix-tag-images.s3.amazonaws.com/8737_thumb.jpg
491,self rising cornmeal,https://d2eawub7utcl6.cloudfront.net/images/nix-apple-grey.png
492,green tomatoes,https://d2eawub7utcl6.cloudfront.net/images/nix-apple-grey.png
493,whole cardamom pod,https://d2eawub7utcl6.cloudfront.net/images/nix-apple-grey.png
494,cumin seed,https://nix-tag-images.s3.amazonaws.com/2180_thumb.jpg
495,coriander seed,https://nix-tag-images.s3.amazonaws.com/2093_thumb.jpg
496,button mushrooms,https://nix-tag-images.s3.amazonaws.com/148_thumb.jpg
497,yellow cornmeal,https://nix-tag-images.s3.amazonaws.com/1205_thumb.jpg
498,nonfat cottage cheese,https://nix-tag-images.s3.amazonaws.com/2762_thumb.jpg
499,corn flakes,https://nix-tag-images.s3.amazonaws.com/504_thumb.jpg
500,sunflower seeds,https://nix-tag-images.s3.amazonaws.com/41_thumb.jpg
501,dates,https://nix-tag-images.s3.amazonaws.com/1165_thumb.jpg
502,water chestnuts,https://nix-tag-images.s3.amazonaws.com/1993_thumb.jpg
503,mustard,https://nix-tag-images.s3.amazonaws.com/289_thumb.jpg
504,pea pods,https://nix-tag-images.s3.amazonaws.com/2054_thumb.jpg
505,eggplant,https://nix-tag-images.s3.amazonaws.com/540_thumb.jpg
506,dried rosemary,https://nix-tag-images.s3.amazonaws.com/1983_thumb.jpg
507,italian bread,https://nix-tag-images.s3.amazonaws.com/1782_thumb.jpg
508,nonfat plain yogurt,https://nix-tag-images.s3.amazonaws.com/3113_thumb.jpg
509,spinach leaves,https://nix-tag-images.s3.amazonaws.com/263_thumb.jpg
510,jalapeno peppers,https://nix-tag-images.s3.amazonaws.com/640_thumb.jpg
511,peaches,https://nix-tag-images.s3.amazonaws.com/225_thumb.jpg
512,raisin,https://nix-tag-images.s3.amazonaws.com/323_thumb.jpg
513,wild rice,https://nix-tag-images.s3.amazonaws.com/1192_thumb.jpg
514,jasmine rice,https://nix-tag-images.s3.amazonaws.com/2295_thumb.jpg
515,rosemary,https://nix-tag-images.s3.amazonaws.com/1983_thumb.jpg
516,cream of tartar,https://d2eawub7utcl6.cloudfront.net/images/nix-apple-grey.png
517,apricots,https://nix-tag-images.s3.amazonaws.com/388_thumb.jpg
518,blueberry,https://nix-tag-images.s3.amazonaws.com/426_thumb.jpg
519,dried onion,https://d2eawub7utcl6.cloudfront.net/images/nix-apple-grey.png
520,beef ground,https://nix-tag-images.s3.amazonaws.com/47_thumb.jpg
521,herb,https://nix-tag-images.s3.amazonaws.com/1056_thumb.jpg
522,seasoned salt,https://nix-tag-images.s3.amazonaws.com/1195_thumb.jpg
523,whole egg,https://nix-tag-images.s3.amazonaws.com/542_thumb.jpg
524,hard boiled eggs,https://nix-tag-images.s3.amazonaws.com/611_thumb.jpg
525,wheat flour,https://nix-tag-images.s3.amazonaws.com/206_thumb.jpg
526,barley flour,https://nix-tag-images.s3.amazonaws.com/1378_thumb.jpg
527,soybean flour,https://nix-tag-images.s3.amazonaws.com/4628_thumb.jpg
528,lentils cooked,https://nix-tag-images.s3.amazonaws.com/230_thumb.jpg
529,millet flour,https://nix-tag-images.s3.amazonaws.com/4968_thumb.jpg
530,rye flour,https://nix-tag-images.s3.amazonaws.com/1664_thumb.jpg
531,hash brown potatoes,https://nix-tag-images.s3.amazonaws.com/614_thumb.jpg
532,dill,https://nix-tag-images.s3.amazonaws.com/1963_thumb.jpg
533,cottage cheese,https://nix-tag-images.s3.amazonaws.com/510_thumb.jpg
534,dried dill,https://d2eawub7utcl6.cloudfront.net/images/nix-apple-grey.png
535,yellow onion,https://nix-tag-images.s3.amazonaws.com/717_thumb.jpg
536,white mushroom,https://nix-tag-images.s3.amazonaws.com/148_thumb.jpg
537,linguine,https://nix-tag-images.s3.amazonaws.com/1188_thumb.jpg
538,white wine vinegar,https://d2eawub7utcl6.cloudfront.net/images/nix-apple-grey.png
539,salad oil,https://nix-tag-images.s3.amazonaws.com/42_thumb.jpg
540,chicken thigh fillets,https://nix-tag-images.s3.amazonaws.com/1743_thumb.jpg
541,yoghurt,https://nix-tag-images.s3.amazonaws.com/186_thumb.jpg
542,bing cherries,https://nix-tag-images.s3.amazonaws.com/465_thumb.jpg
543,nectarines,https://nix-tag-images.s3.amazonaws.com/703_thumb.jpg
544,plums,https://nix-tag-images.s3.amazonaws.com/745_thumb.jpg
545,lasagna noodles,https://d2eawub7utcl6.cloudfront.net/images/nix-apple-grey.png
546,lean ground beef,https://nix-tag-images.s3.amazonaws.com/1869_thumb.jpg
547,dried oregano,https://nix-tag-images.s3.amazonaws.com/1929_thumb.jpg
548,croissants,https://nix-tag-images.s3.amazonaws.com/520_thumb.jpg
549,cinnamon sugar,https://d2eawub7utcl6.cloudfront.net/images/nix-apple-grey.png
550,compressed yeast,https://d2eawub7utcl6.cloudfront.net/images/nix-apple-grey.png
551,low fat sour cream,https://nix-tag-images.s3.amazonaws.com/8939_thumb.jpg
552,cucumbers,https://nix-tag-images.s3.amazonaws.com/522_thumb.jpg
553,red bell peppers,https://nix-tag-images.s3.amazonaws.com/8707_thumb.jpg
554,vinegar,https://nix-tag-images.s3.amazonaws.com/867_thumb.jpg
555,mustard seeds,https://d2eawub7utcl6.cloudfront.net/images/nix-apple-grey.png
556,celery seeds,https://d2eawub7utcl6.cloudfront.net/images/nix-apple-grey.png
557,cottage cheese low fat,https://nix-tag-images.s3.amazonaws.com/667_thumb.jpg
558,cream of mushroom soup,https://nix-tag-images.s3.amazonaws.com/515_thumb.jpg
559,milk skim,https://nix-tag-images.s3.amazonaws.com/810_thumb.jpg
560,poultry seasoning,https://d2eawub7utcl6.cloudfront.net/images/nix-apple-grey.png
561,olives,https://nix-tag-images.s3.amazonaws.com/94_thumb.jpg
562,butterscotch chips,https://d2eawub7utcl6.cloudfront.net/images/nix-apple-grey.png
563,corn cereal,https://d2eawub7utcl6.cloudfront.net/images/nix-apple-grey.png
564,pretzel,https://nix-tag-images.s3.amazonaws.com/60_thumb.jpg
565,chickens,https://nix-tag-images.s3.amazonaws.com/9_thumb.jpg
566,chicken bouillon granules,https://d2eawub7utcl6.cloudfront.net/images/nix-apple-grey.png
567,can tuna,https://nix-tag-images.s3.amazonaws.com/188_thumb.jpg
568,pimientos,https://d2eawub7utcl6.cloudfront.net/images/nix-apple-grey.png
569,smoked fish,https://d2eawub7utcl6.cloudfront.net/images/nix-apple-grey.png
570,sweet corn,https://nix-tag-images.s3.amazonaws.com/9326_thumb.jpg
571,wheat germ,https://d2eawub7utcl6.cloudfront.net/images/nix-apple-grey.png
572,silken tofu,https://d2eawub7utcl6.cloudfront.net/images/nix-apple-grey.png
573,apple cider vinegar,https://nix-tag-images.s3.amazonaws.com/479_thumb.jpg
574,habaneros,https://nix-tag-images.s3.amazonaws.com/2478_thumb.jpg
575,chicken bouillon,https://d2eawub7utcl6.cloudfront.net/images/nix-apple-grey.png
576,beef liver,https://d2eawub7utcl6.cloudfront.net/images/nix-apple-grey.png
577,apple cider,https://d2eawub7utcl6.cloudfront.net/images/nix-apple-grey.png
578,barbecue sauce,https://nix-tag-images.s3.amazonaws.com/402_thumb.jpg
579,canned black beans,https://nix-tag-images.s3.amazonaws.com/7473_thumb.jpg
580,fat free ranch dressing,https://nix-tag-images.s3.amazonaws.com/2293_thumb.jpg
581,oat bran,https://d2eawub7utcl6.cloudfront.net/images/nix-apple-grey.png
582,cocoa powder,https://nix-tag-images.s3.amazonaws.com/487_thumb.jpg
583,sweet potato,https://nix-tag-images.s3.amazonaws.com/208_thumb.jpg
584,skinless chicken breasts,https://nix-tag-images.s3.amazonaws.com/7820_thumb.jpg
585,lemon cake mix,https://d2eawub7utcl6.cloudfront.net/images/nix-apple-grey.png
586,folgers,https://d2eawub7utcl6.cloudfront.net/images/nix-apple-grey.png
587,cake mix,https://d2eawub7utcl6.cloudfront.net/images/nix-apple-grey.png
588,blueberries frozen,https://nix-tag-images.s3.amazonaws.com/2252_thumb.jpg
589,neufchatel cheese,https://d2eawub7utcl6.cloudfront.net/images/nix-apple-grey.png
590,fish fillet,https://nix-tag-images.s3.amazonaws.com/2347_thumb.jpg
591,pastry,https://nix-tag-images.s3.amazonaws.com/1351_thumb.jpg
592,evaporated milk,https://d2eawub7utcl6.cloudfront.net/images/nix-apple-grey.png
593,ground round,https://nix-tag-images.s3.amazonaws.com/4874_thumb.jpg
594,nutmeats,https://nix-tag-images.s3.amazonaws.com/4046_thumb.jpg
595,dry milk,https://nix-tag-images.s3.amazonaws.com/2153_thumb.jpg
596,can peaches,https://nix-tag-images.s3.amazonaws.com/2896_thumb.jpg
597,cherries,https://nix-tag-images.s3.amazonaws.com/465_thumb.jpg
598,lentils,https://nix-tag-images.s3.amazonaws.com/230_thumb.jpg
599,bulgar wheat,https://d2eawub7utcl6.cloudfront.net/images/nix-apple-grey.png
600,walnut,https://nix-tag-images.s3.amazonaws.com/301_thumb.jpg
601,navy beans,https://d2eawub7utcl6.cloudfront.net/images/nix-apple-grey.png
602,salt pork,https://d2eawub7utcl6.cloudfront.net/images/nix-apple-grey.png
603,taco seasoning,https://nix-tag-images.s3.amazonaws.com/842_thumb.jpg
604,can green chilies,https://d2eawub7utcl6.cloudfront.net/images/nix-apple-grey.png
605,chicken pieces,https://d2eawub7utcl6.cloudfront.net/images/nix-apple-grey.png
606,cardamom pods,https://d2eawub7utcl6.cloudfront.net/images/nix-apple-grey.png
607,food coloring,https://d2eawub7utcl6.cloudfront.net/images/nix-apple-grey.png
608,saltine crackers,https://nix-tag-images.s3.amazonaws.com/799_thumb.jpg
609,pie crust,https://d2eawub7utcl6.cloudfront.net/images/nix-apple-grey.png
610,catsup,https://nix-tag-images.s3.amazonaws.com/1013_thumb.jpg
611,sweet basil,https://nix-tag-images.s3.amazonaws.com/1885_thumb.jpg
612,onion powder,https://nix-tag-images.s3.amazonaws.com/1928_thumb.jpg
613,elbow macaroni,https://nix-tag-images.s3.amazonaws.com/9318_thumb.jpg
614,turkey ground,https://nix-tag-images.s3.amazonaws.com/1742_thumb.jpg
615,tomato paste no salt added,https://nix-tag-images.s3.amazonaws.com/306_thumb.jpg
616,sandwich rolls,https://d2eawub7utcl6.cloudfront.net/images/nix-apple-grey.png
617,oysters,https://nix-tag-images.s3.amazonaws.com/1421_thumb.jpg
618,horseradish cream,https://d2eawub7utcl6.cloudfront.net/images/nix-apple-grey.png
619,chicken breast fillets,https://nix-tag-images.s3.amazonaws.com/7825_thumb.jpg
620,italian tomatoes,https://nix-tag-images.s3.amazonaws.com/8114_thumb.jpg
621,basil,https://nix-tag-images.s3.amazonaws.com/1885_thumb.jpg
622,farina,https://d2eawub7utcl6.cloudfront.net/images/nix-apple-grey.png
623,sugar cubes,https://nix-tag-images.s3.amazonaws.com/3538_thumb.jpg
624,breadcrumb,https://nix-tag-images.s3.amazonaws.com/203_thumb.jpg
625,pumpkin,https://d2eawub7utcl6.cloudfront.net/images/nix-apple-grey.png
626,low sodium chicken broth,https://nix-tag-images.s3.amazonaws.com/5267_thumb.jpg
627,cornmeal,https://nix-tag-images.s3.amazonaws.com/1205_thumb.jpg
628,rice cooked,https://nix-tag-images.s3.amazonaws.com/85_thumb.jpg
629,capsicum,https://nix-tag-images.s3.amazonaws.com/596_thumb.jpg
630,french dressing,https://nix-tag-images.s3.amazonaws.com/205_thumb.jpg
631,spaghetti,https://nix-tag-images.s3.amazonaws.com/816_thumb.jpg
632,extra lean beef,https://nix-tag-images.s3.amazonaws.com/1870_thumb.jpg
633,fennel seed,https://nix-tag-images.s3.amazonaws.com/1969_thumb.jpg
634,low fat cottage cheese,https://nix-tag-images.s3.amazonaws.com/667_thumb.jpg
635,fresh spinach,https://nix-tag-images.s3.amazonaws.com/779_thumb.jpg
636,lettuce,https://nix-tag-images.s3.amazonaws.com/657_thumb.jpg
637,catalina dressing,https://d2eawub7utcl6.cloudfront.net/images/nix-apple-grey.png
638,frito corn chips,https://nix-tag-images.s3.amazonaws.com/9121_thumb.jpg
639,beer,https://nix-tag-images.s3.amazonaws.com/412_thumb.jpg
640,red curry paste,https://nix-tag-images.s3.amazonaws.com/3817_thumb.jpg
641,sirloin steaks,https://nix-tag-images.s3.amazonaws.com/9033_thumb.jpg
642,fresh basil,https://nix-tag-images.s3.amazonaws.com/1885_thumb.jpg
643,rolled oats,https://nix-tag-images.s3.amazonaws.com/712_thumb.jpg
644,rice,https://nix-tag-images.s3.amazonaws.com/784_thumb.jpg
645,spinach,https://nix-tag-images.s3.amazonaws.com/263_thumb.jpg
646,can artichoke hearts,https://d2eawub7utcl6.cloudfront.net/images/nix-apple-grey.png
647,rice noodles,https://nix-tag-images.s3.amazonaws.com/1197_thumb.jpg
648,peanut oil,https://d2eawub7utcl6.cloudfront.net/images/nix-apple-grey.png
649,snow peas,https://nix-tag-images.s3.amazonaws.com/813_thumb.jpg
650,reduced sodium soy sauce,https://nix-tag-images.s3.amazonaws.com/5456_thumb.jpg
651,cashews,https://nix-tag-images.s3.amazonaws.com/116_thumb.jpg
652,sharp cheddar cheese,https://nix-tag-images.s3.amazonaws.com/2203_thumb.jpg
653,reduced sodium chicken broth,https://d2eawub7utcl6.cloudfront.net/images/nix-apple-grey.png
654,instant chocolate pudding,https://d2eawub7utcl6.cloudfront.net/images/nix-apple-grey.png
655,yellow bell pepper,https://nix-tag-images.s3.amazonaws.com/882_thumb.jpg
656,granny smith apples,https://nix-tag-images.s3.amazonaws.com/2050_thumb.jpg
657,superfine sugar,https://nix-tag-images.s3.amazonaws.com/834_thumb.jpg
658,baking mix,https://d2eawub7utcl6.cloudfront.net/images/nix-apple-grey.png
659,yellow cake mix,https://d2eawub7utcl6.cloudfront.net/images/nix-apple-grey.png
660,chocolate bar,https://nix-tag-images.s3.amazonaws.com/76_thumb.jpg
661,pearl barley,https://nix-tag-images.s3.amazonaws.com/1796_thumb.jpg
662,bell peppers,https://d2eawub7utcl6.cloudfront.net/images/nix-apple-grey.png
663,marinara sauce,https://nix-tag-images.s3.amazonaws.com/1121_thumb.jpg
664,green peppers,https://nix-tag-images.s3.amazonaws.com/1740_thumb.jpg
665,can tomatoes,https://nix-tag-images.s3.amazonaws.com/1902_thumb.jpg
666,crab meat,https://nix-tag-images.s3.amazonaws.com/1418_thumb.jpg
667,bread crumbs,https://nix-tag-images.s3.amazonaws.com/203_thumb.jpg
668,peach,https://nix-tag-images.s3.amazonaws.com/225_thumb.jpg
669,kosher salt,https://d2eawub7utcl6.cloudfront.net/images/nix-apple-grey.png
670,gorgonzola,https://nix-tag-images.s3.amazonaws.com/422_thumb.jpg
671,bulgur,https://d2eawub7utcl6.cloudfront.net/images/nix-apple-grey.png
672,pork butt,https://d2eawub7utcl6.cloudfront.net/images/nix-apple-grey.png
673,hoisin sauce,https://d2eawub7utcl6.cloudfront.net/images/nix-apple-grey.png
674,beef short ribs,https://nix-tag-images.s3.amazonaws.com/4032_thumb.jpg
675,oatmeal,https://nix-tag-images.s3.amazonaws.com/87_thumb.jpg
676,lemon extract,https://d2eawub7utcl6.cloudfront.net/images/nix-apple-grey.png
677,oatmeal cookie,https://nix-tag-images.s3.amazonaws.com/82_thumb.jpg
678,caramels,https://nix-tag-images.s3.amazonaws.com/1821_thumb.jpg
679,ribs,https://nix-tag-images.s3.amazonaws.com/1799_thumb.jpg
680,cheddar cheese soup,https://d2eawub7utcl6.cloudfront.net/images/nix-apple-grey.png
681,yellow squash,https://nix-tag-images.s3.amazonaws.com/1816_thumb.jpg
682,pie,https://nix-tag-images.s3.amazonaws.com/1291_thumb.jpg
683,stuffing,https://nix-tag-images.s3.amazonaws.com/833_thumb.jpg
684,picante sauce,https://d2eawub7utcl6.cloudfront.net/images/nix-apple-grey.png
685,peppercorns,https://nix-tag-images.s3.amazonaws.com/1755_thumb.jpg
686,tomatillos,https://nix-tag-images.s3.amazonaws.com/2098_thumb.jpg
687,corn tortillas,https://nix-tag-images.s3.amazonaws.com/1753_thumb.jpg
688,lard,https://nix-tag-images.s3.amazonaws.com/1252_thumb.jpg
689,red chili peppers,https://nix-tag-images.s3.amazonaws.com/3411_thumb.jpg
690,red chilies,https://nix-tag-images.s3.amazonaws.com/3411_thumb.jpg
691,roast pork,https://nix-tag-images.s3.amazonaws.com/2669_thumb.jpg
692,ice water,https://nix-tag-images.s3.amazonaws.com/4483_thumb.jpg
693,instant rice,https://d2eawub7utcl6.cloudfront.net/images/nix-apple-grey.png
694,lemon pepper,https://d2eawub7utcl6.cloudfront.net/images/nix-apple-grey.png
695,mace,https://d2eawub7utcl6.cloudfront.net/images/nix-apple-grey.png
696,lemon peel,https://nix-tag-images.s3.amazonaws.com/1975_thumb.jpg
697,coriander seeds,https://nix-tag-images.s3.amazonaws.com/2093_thumb.jpg
698,lemon pepper seasoning,https://d2eawub7utcl6.cloudfront.net/images/nix-apple-grey.png
699,chicken cutlets,https://nix-tag-images.s3.amazonaws.com/8870_thumb.jpg
700,whole chicken,https://nix-tag-images.s3.amazonaws.com/4025_thumb.jpg
701,crushed pineapple,https://d2eawub7utcl6.cloudfront.net/images/nix-apple-grey.png
702,potatoes mashed,https://nix-tag-images.s3.amazonaws.com/677_thumb.jpg
703,biscuit mix,https://d2eawub7utcl6.cloudfront.net/images/nix-apple-grey.png
704,ramen noodles,https://nix-tag-images.s3.amazonaws.com/764_thumb.jpg
705,seasoning,https://nix-tag-images.s3.amazonaws.com/1195_thumb.jpg
706,liquid smoke,https://d2eawub7utcl6.cloudfront.net/images/nix-apple-grey.png
707,oats,https://nix-tag-images.s3.amazonaws.com/712_thumb.jpg
708,cinnamon stick,https://nix-tag-images.s3.amazonaws.com/4778_thumb.jpg
709,new potato,https://nix-tag-images.s3.amazonaws.com/752_thumb.jpg
710,green chilies,https://nix-tag-images.s3.amazonaws.com/596_thumb.jpg
711,chicken thighs,https://nix-tag-images.s3.amazonaws.com/1743_thumb.jpg
712,fresh rosemary,https://nix-tag-images.s3.amazonaws.com/1984_thumb.jpg
713,duck,https://nix-tag-images.s3.amazonaws.com/1968_thumb.jpg
714,poppy seeds,https://nix-tag-images.s3.amazonaws.com/2638_thumb.jpg
715,white rice,https://nix-tag-images.s3.amazonaws.com/85_thumb.jpg
716,frozen pizza,https://nix-tag-images.s3.amazonaws.com/68_thumb.jpg
717,romano cheese,https://nix-tag-images.s3.amazonaws.com/791_thumb.jpg
718,plum tomatoes,https://nix-tag-images.s3.amazonaws.com/3157_thumb.jpg
719,tomato puree,https://nix-tag-images.s3.amazonaws.com/1938_thumb.jpg
720,celery salt,https://d2eawub7utcl6.cloudfront.net/images/nix-apple-grey.png
721,raw peanuts,https://nix-tag-images.s3.amazonaws.com/3716_thumb.jpg
722,red apples,https://nix-tag-images.s3.amazonaws.com/384_thumb.jpg
723,pumpkin pie spice,https://d2eawub7utcl6.cloudfront.net/images/nix-apple-grey.png
724,chicken fillets,https://nix-tag-images.s3.amazonaws.com/7825_thumb.jpg
725,pie crusts,https://d2eawub7utcl6.cloudfront.net/images/nix-apple-grey.png
726,rhubarb,https://nix-tag-images.s3.amazonaws.com/1997_thumb.jpg
727,butterscotch pudding,https://d2eawub7utcl6.cloudfront.net/images/nix-apple-grey.png
728,onion soup mix,https://d2eawub7utcl6.cloudfront.net/images/nix-apple-grey.png
729,currants,https://d2eawub7utcl6.cloudfront.net/images/nix-apple-grey.png
730,grits uncooked,https://d2eawub7utcl6.cloudfront.net/images/nix-apple-grey.png
731,apricot nectar,https://d2eawub7utcl6.cloudfront.net/images/nix-apple-grey.png
732,poppy seed,https://nix-tag-images.s3.amazonaws.com/2638_thumb.jpg
733,sweetened condensed milk,https://nix-tag-images.s3.amazonaws.com/164_thumb.jpg
734,key lime juice,https://nix-tag-images.s3.amazonaws.com/1863_thumb.jpg
735,chopped walnuts,https://nix-tag-images.s3.amazonaws.com/4477_thumb.jpg
736,blackberries,https://nix-tag-images.s3.amazonaws.com/421_thumb.jpg
737,quick oats,https://nix-tag-images.s3.amazonaws.com/638_thumb.jpg
738,english muffins,https://nix-tag-images.s3.amazonaws.com/545_thumb.jpg
739,tapioca,https://d2eawub7utcl6.cloudfront.net/images/nix-apple-grey.png
740,radish,https://nix-tag-images.s3.amazonaws.com/763_thumb.jpg
741,cherry tomatoes,https://nix-tag-images.s3.amazonaws.com/4275_thumb.jpg
742,lemonade,https://nix-tag-images.s3.amazonaws.com/71_thumb.jpg
743,chocolate wafer,https://d2eawub7utcl6.cloudfront.net/images/nix-apple-grey.png
744,gelatin,https://d2eawub7utcl6.cloudfront.net/images/nix-apple-grey.png
745,dried currant,https://d2eawub7utcl6.cloudfront.net/images/nix-apple-grey.png
746,ground cinnamon,https://nix-tag-images.s3.amazonaws.com/481_thumb.jpg
747,whole milk,https://nix-tag-images.s3.amazonaws.com/878_thumb.jpg
748,tuna in water,https://nix-tag-images.s3.amazonaws.com/188_thumb.jpg
749,milk chocolate,https://nix-tag-images.s3.amazonaws.com/76_thumb.jpg
750,masa harina,https://d2eawub7utcl6.cloudfront.net/images/nix-apple-grey.png
751,light margarine,https://d2eawub7utcl6.cloudfront.net/images/nix-apple-grey.png
752,chocolate cake mix,https://d2eawub7utcl6.cloudfront.net/images/nix-apple-grey.png
753,cherry pie filling,https://d2eawub7utcl6.cloudfront.net/images/nix-apple-grey.png
754,mandarin oranges,https://nix-tag-images.s3.amazonaws.com/221_thumb.jpg
755,mini marshmallows,https://nix-tag-images.s3.amazonaws.com/139_thumb.jpg
756,bread flour,https://nix-tag-images.s3.amazonaws.com/1950_thumb.jpg
757,red bean paste,https://d2eawub7utcl6.cloudfront.net/images/nix-apple-grey.png
758,sugar syrup,https://d2eawub7utcl6.cloudfront.net/images/nix-apple-grey.png
759,condensed chicken noodle soup,https://d2eawub7utcl6.cloudfront.net/images/nix-apple-grey.png
760,vegetables,https://nix-tag-images.s3.amazonaws.com/318_thumb.jpg
761,can chicken,https://nix-tag-images.s3.amazonaws.com/2467_thumb.jpg
762,canned pumpkin,https://nix-tag-images.s3.amazonaws.com/1982_thumb.jpg
763,beef bouillon,https://d2eawub7utcl6.cloudfront.net/images/nix-apple-grey.png
764,cheez whiz,https://d2eawub7utcl6.cloudfront.net/images/nix-apple-grey.png
765,fajita seasoning,https://nix-tag-images.s3.amazonaws.com/842_thumb.jpg
766,ground cumin,https://nix-tag-images.s3.amazonaws.com/1905_thumb.jpg
767,diced tomatoes with green chilies,https://d2eawub7utcl6.cloudfront.net/images/nix-apple-grey.png
768,ground coriander,https://nix-tag-images.s3.amazonaws.com/2093_thumb.jpg
769,chipotle pepper,https://d2eawub7utcl6.cloudfront.net/images/nix-apple-grey.png
770,adobo sauce,https://d2eawub7utcl6.cloudfront.net/images/nix-apple-grey.png
771,biscuits,https://nix-tag-images.s3.amazonaws.com/2462_thumb.jpg
772,steak,https://nix-tag-images.s3.amazonaws.com/827_thumb.jpg
773,rotini pasta,https://nix-tag-images.s3.amazonaws.com/1311_thumb.jpg
774,tomato,https://nix-tag-images.s3.amazonaws.com/191_thumb.jpg
775,hamburger buns,https://nix-tag-images.s3.amazonaws.com/226_thumb.jpg
776,spaghetti squash,https://nix-tag-images.s3.amazonaws.com/4534_thumb.jpg
777,flaked coconut,https://nix-tag-images.s3.amazonaws.com/172_thumb.jpg
778,salted peanuts,https://nix-tag-images.s3.amazonaws.com/8538_thumb.jpg
779,suet,https://d2eawub7utcl6.cloudfront.net/images/nix-apple-grey.png
780,thin spaghetti,https://d2eawub7utcl6.cloudfront.net/images/nix-apple-grey.png
781,tangerine,https://nix-tag-images.s3.amazonaws.com/845_thumb.jpg
782,dried mint,https://d2eawub7utcl6.cloudfront.net/images/nix-apple-grey.png
783,roast beef,https://nix-tag-images.s3.amazonaws.com/788_thumb.jpg
784,ground pepper,https://nix-tag-images.s3.amazonaws.com/1755_thumb.jpg
785,cantaloupe,https://nix-tag-images.s3.amazonaws.com/451_thumb.jpg
786,tortillas,https://nix-tag-images.s3.amazonaws.com/852_thumb.jpg
787,fat free sour cream,https://nix-tag-images.s3.amazonaws.com/2263_thumb.jpg
788,low fat cheddar cheese shredded,https://d2eawub7utcl6.cloudfront.net/images/nix-apple-grey.png
789,twinkies,https://d2eawub7utcl6.cloudfront.net/images/nix-apple-grey.png
790,asparagus spears,https://nix-tag-images.s3.amazonaws.com/9321_thumb.jpg
791,courgettes,https://nix-tag-images.s3.amazonaws.com/884_thumb.jpg
792,dry roasted peanuts,https://nix-tag-images.s3.amazonaws.com/5296_thumb.jpg
793,dried chives,https://d2eawub7utcl6.cloudfront.net/images/nix-apple-grey.png
794,french bread,https://nix-tag-images.s3.amazonaws.com/563_thumb.jpg
795,frozen corn,https://nix-tag-images.s3.amazonaws.com/2016_thumb.jpg
796,jalapeno pepper,https://nix-tag-images.s3.amazonaws.com/640_thumb.jpg
797,cranberry juice cocktail,https://d2eawub7utcl6.cloudfront.net/images/nix-apple-grey.png
798,creme fraiche,https://d2eawub7utcl6.cloudfront.net/images/nix-apple-grey.png
799,peach preserves,https://nix-tag-images.s3.amazonaws.com/1030_thumb.jpg
800,peach nectar,https://d2eawub7utcl6.cloudfront.net/images/nix-apple-grey.png
801,dehydrated onion,https://d2eawub7utcl6.cloudfront.net/images/nix-apple-grey.png
802,lemonade cake,https://d2eawub7utcl6.cloudfront.net/images/nix-apple-grey.png
803,lemon pudding,https://d2eawub7utcl6.cloudfront.net/images/nix-apple-grey.png
804,frozen blueberries,https://nix-tag-images.s3.amazonaws.com/2252_thumb.jpg
805,macaroni and cheese,https://nix-tag-images.s3.amazonaws.com/35_thumb.jpg
806,chicken a la king,https://d2eawub7utcl6.cloudfront.net/images/nix-apple-grey.png
807,sesame paste,https://nix-tag-images.s3.amazonaws.com/844_thumb.jpg
808,hot chili sauce,https://d2eawub7utcl6.cloudfront.net/images/nix-apple-grey.png
809,marshmallow creme,https://d2eawub7utcl6.cloudfront.net/images/nix-apple-grey.png
810,mulberries,https://d2eawub7utcl6.cloudfront.net/images/nix-apple-grey.png
811,boneless skinless chicken thighs,https://nix-tag-images.s3.amazonaws.com/4863_thumb.jpg
812,mango chutney,https://d2eawub7utcl6.cloudfront.net/images/nix-apple-grey.png
813,salt and pepper,https://nix-tag-images.s3.amazonaws.com/12822_thumb.jpg
814,powdered milk,https://nix-tag-images.s3.amazonaws.com/2153_thumb.jpg
815,dried cranberries,https://nix-tag-images.s3.amazonaws.com/1701_thumb.jpg
816,pasta,https://nix-tag-images.s3.amazonaws.com/1012_thumb.jpg
817,pizza sauce,https://nix-tag-images.s3.amazonaws.com/1236_thumb.jpg
818,potato boiled,https://nix-tag-images.s3.amazonaws.com/2198_thumb.jpg
819,pound cake,https://nix-tag-images.s3.amazonaws.com/250_thumb.jpg
820,blueberry pie,https://nix-tag-images.s3.amazonaws.com/2023_thumb.jpg
821,chili,https://nix-tag-images.s3.amazonaws.com/243_thumb.jpg
822,stock,https://nix-tag-images.s3.amazonaws.com/1089_thumb.jpg
823,dried parsley,https://nix-tag-images.s3.amazonaws.com/1930_thumb.jpg
824,onion salt,https://d2eawub7utcl6.cloudfront.net/images/nix-apple-grey.png
825,pickle relish,https://nix-tag-images.s3.amazonaws.com/734_thumb.jpg
826,root beer,https://nix-tag-images.s3.amazonaws.com/127_thumb.jpg
827,spareribs,https://nix-tag-images.s3.amazonaws.com/9028_thumb.jpg
828,broth,https://nix-tag-images.s3.amazonaws.com/1089_thumb.jpg
829,chocolate syrup,https://nix-tag-images.s3.amazonaws.com/1206_thumb.jpg
830,whiskey,https://nix-tag-images.s3.amazonaws.com/1746_thumb.jpg
831,mint leaves,https://nix-tag-images.s3.amazonaws.com/1979_thumb.jpg
832,fresh tarragon,https://nix-tag-images.s3.amazonaws.com/1937_thumb.jpg
833,pasta shells,https://nix-tag-images.s3.amazonaws.com/1125_thumb.jpg
834,green grape,https://nix-tag-images.s3.amazonaws.com/7936_thumb.jpg
835,red grapes,https://nix-tag-images.s3.amazonaws.com/7938_thumb.jpg
836,orange juice concentrate,https://d2eawub7utcl6.cloudfront.net/images/nix-apple-grey.png
837,strawberries,https://nix-tag-images.s3.amazonaws.com/831_thumb.jpg
838,vanilla yogurt,https://nix-tag-images.s3.amazonaws.com/1734_thumb.jpg
839,rice bran,https://d2eawub7utcl6.cloudfront.net/images/nix-apple-grey.png
840,fresh strawberries,https://nix-tag-images.s3.amazonaws.com/831_thumb.jpg
841,low fat plain yogurt,https://nix-tag-images.s3.amazonaws.com/9017_thumb.jpg
842,orange roughy,https://d2eawub7utcl6.cloudfront.net/images/nix-apple-grey.png
843,stewed tomatoes,https://nix-tag-images.s3.amazonaws.com/5389_thumb.jpg
844,bell pepper,https://d2eawub7utcl6.cloudfront.net/images/nix-apple-grey.png
845,hot pepper,https://nix-tag-images.s3.amazonaws.com/3411_thumb.jpg
846,ground red pepper,https://nix-tag-images.s3.amazonaws.com/780_thumb.jpg
847,fat free mayonnaise,https://d2eawub7utcl6.cloudfront.net/images/nix-apple-grey.png
848,chili paste,https://d2eawub7utcl6.cloudfront.net/images/nix-apple-grey.png
849,wonton wrapper,https://d2eawub7utcl6.cloudfront.net/images/nix-apple-grey.png
850,tamari,https://nix-tag-images.s3.amazonaws.com/7255_thumb.jpg
851,flank steaks,https://nix-tag-images.s3.amazonaws.com/1986_thumb.jpg
852,sea salt,https://d2eawub7utcl6.cloudfront.net/images/nix-apple-grey.png
853,red chili pepper,https://nix-tag-images.s3.amazonaws.com/3411_thumb.jpg
854,salmon,https://nix-tag-images.s3.amazonaws.com/375_thumb.jpg
855,pork skin,https://nix-tag-images.s3.amazonaws.com/1288_thumb.jpg
856,bread thin,https://nix-tag-images.s3.amazonaws.com/1407_thumb.jpg
857,sultanas,https://nix-tag-images.s3.amazonaws.com/2793_thumb.jpg
858,raspberry sherbet,https://nix-tag-images.s3.amazonaws.com/3487_thumb.jpg
859,cinnamon raisin bread,https://nix-tag-images.s3.amazonaws.com/314_thumb.jpg
860,granny smith apple,https://nix-tag-images.s3.amazonaws.com/2050_thumb.jpg
861,2% milk,https://nix-tag-images.s3.amazonaws.com/377_thumb.jpg
862,watermelon,https://nix-tag-images.s3.amazonaws.com/869_thumb.jpg
863,cloves,https://nix-tag-images.s3.amazonaws.com/1956_thumb.jpg
864,american cheese,https://nix-tag-images.s3.amazonaws.com/382_thumb.jpg
865,buttered bread,https://d2eawub7utcl6.cloudfront.net/images/nix-apple-grey.png
866,creole seasoning,https://nix-tag-images.s3.amazonaws.com/3278_thumb.jpg
867,nori,https://d2eawub7utcl6.cloudfront.net/images/nix-apple-grey.png
868,raspberry vinegar,https://d2eawub7utcl6.cloudfront.net/images/nix-apple-grey.png
869,shallots,https://nix-tag-images.s3.amazonaws.com/1990_thumb.jpg
870,large yellow squash,https://nix-tag-images.s3.amazonaws.com/1816_thumb.jpg
871,raw rice,https://nix-tag-images.s3.amazonaws.com/2969_thumb.jpg
872,onion soup,https://d2eawub7utcl6.cloudfront.net/images/nix-apple-grey.png
873,kidney beans undrained,https://d2eawub7utcl6.cloudfront.net/images/nix-apple-grey.png
874,vegetable juice,https://nix-tag-images.s3.amazonaws.com/1193_thumb.jpg
875,spring greens,https://d2eawub7utcl6.cloudfront.net/images/nix-apple-grey.png
876,anise seed,https://d2eawub7utcl6.cloudfront.net/images/nix-apple-grey.png
877,peppermint extract,https://d2eawub7utcl6.cloudfront.net/images/nix-apple-grey.png
878,frozen broccoli,https://nix-tag-images.s3.amazonaws.com/2921_thumb.jpg
879,condensed cream of chicken soup,https://nix-tag-images.s3.amazonaws.com/1999_thumb.jpg
880,pimiento,https://d2eawub7utcl6.cloudfront.net/images/nix-apple-grey.png
881,sweet potatoes baked,https://nix-tag-images.s3.amazonaws.com/3729_thumb.jpg
882,italian sausages,https://nix-tag-images.s3.amazonaws.com/639_thumb.jpg
883,can chickpeas,https://nix-tag-images.s3.amazonaws.com/7680_thumb.jpg
884,kidney beans drained,https://nix-tag-images.s3.amazonaws.com/7475_thumb.jpg
885,relish,https://nix-tag-images.s3.amazonaws.com/783_thumb.jpg
886,sweet relish,https://nix-tag-images.s3.amazonaws.com/734_thumb.jpg
887,boneless chicken breasts,https://nix-tag-images.s3.amazonaws.com/7820_thumb.jpg
888,raw carrots,https://nix-tag-images.s3.amazonaws.com/7677_thumb.jpg
889,low fat yogurt,https://nix-tag-images.s3.amazonaws.com/9017_thumb.jpg
890,sweet n low,https://d2eawub7utcl6.cloudfront.net/images/nix-apple-grey.png
891,condensed cheddar cheese soup,https://d2eawub7utcl6.cloudfront.net/images/nix-apple-grey.png
892,mashed potatoes,https://nix-tag-images.s3.amazonaws.com/677_thumb.jpg
893,frozen mixed vegetables,https://nix-tag-images.s3.amazonaws.com/7874_thumb.jpg
894,strawberry puree,https://d2eawub7utcl6.cloudfront.net/images/nix-apple-grey.png
895,coconut unsweetened,https://nix-tag-images.s3.amazonaws.com/3243_thumb.jpg
896,hot sauce,https://d2eawub7utcl6.cloudfront.net/images/nix-apple-grey.png
897,frozen pineapple,https://nix-tag-images.s3.amazonaws.com/3775_thumb.jpg
898,limeade,https://nix-tag-images.s3.amazonaws.com/1181_thumb.jpg
899,cashew nuts,https://nix-tag-images.s3.amazonaws.com/116_thumb.jpg
900,sauce,https://d2eawub7utcl6.cloudfront.net/images/nix-apple-grey.png
901,shrimp paste,https://d2eawub7utcl6.cloudfront.net/images/nix-apple-grey.png
902,chicken drumsticks,https://nix-tag-images.s3.amazonaws.com/8049_thumb.jpg
903,oyster sauce,https://d2eawub7utcl6.cloudfront.net/images/nix-apple-grey.png
904,ground ginger,https://nix-tag-images.s3.amazonaws.com/583_thumb.jpg
905,bay leaves,https://nix-tag-images.s3.amazonaws.com/1899_thumb.jpg
906,scallop,https://nix-tag-images.s3.amazonaws.com/801_thumb.jpg
907,gingersnaps,https://nix-tag-images.s3.amazonaws.com/2894_thumb.jpg
908,cheese spread,https://nix-tag-images.s3.amazonaws.com/342_thumb.jpg
909,cardamom,https://d2eawub7utcl6.cloudfront.net/images/nix-apple-grey.png
910,dried fruit,https://nix-tag-images.s3.amazonaws.com/210_thumb.jpg
911,hot tea,https://nix-tag-images.s3.amazonaws.com/304_thumb.jpg
912,rose,https://nix-tag-images.s3.amazonaws.com/3124_thumb.jpg
913,fudge brownie,https://nix-tag-images.s3.amazonaws.com/1295_thumb.jpg
914,almond joy,https://d2eawub7utcl6.cloudfront.net/images/nix-apple-grey.png
915,rice krispies,https://nix-tag-images.s3.amazonaws.com/2162_thumb.jpg
916,chopped pecans,https://nix-tag-images.s3.amazonaws.com/7336_thumb.jpg
917,brown mustard,https://nix-tag-images.s3.amazonaws.com/438_thumb.jpg
918,salmon fillets,https://nix-tag-images.s3.amazonaws.com/375_thumb.jpg
919,iceberg lettuce,https://nix-tag-images.s3.amazonaws.com/1921_thumb.jpg
920,sweet onion,https://nix-tag-images.s3.amazonaws.com/2346_thumb.jpg
921,peas,https://nix-tag-images.s3.amazonaws.com/728_thumb.jpg
922,italian dressing,https://nix-tag-images.s3.amazonaws.com/58_thumb.jpg
923,light sour cream,https://nix-tag-images.s3.amazonaws.com/8938_thumb.jpg
924,alfalfa sprouts,https://nix-tag-images.s3.amazonaws.com/1637_thumb.jpg
925,swiss cheese shredded,https://d2eawub7utcl6.cloudfront.net/images/nix-apple-grey.png
926,jicama,https://nix-tag-images.s3.amazonaws.com/2201_thumb.jpg
927,gingersnap cookies,https://nix-tag-images.s3.amazonaws.com/2894_thumb.jpg
928,shortbread,https://nix-tag-images.s3.amazonaws.com/51_thumb.jpg
929,reduced fat margarine,https://d2eawub7utcl6.cloudfront.net/images/nix-apple-grey.png
930,tea bags,https://d2eawub7utcl6.cloudfront.net/images/nix-apple-grey.png
931,prosciutto,https://nix-tag-images.s3.amazonaws.com/757_thumb.jpg
932,cracker,https://nix-tag-images.s3.amazonaws.com/62_thumb.jpg
933,gummy worms,https://d2eawub7utcl6.cloudfront.net/images/nix-apple-grey.png
934,parmigiano reggiano cheese,https://nix-tag-images.s3.amazonaws.com/594_thumb.jpg
935,pears cooked,https://nix-tag-images.s3.amazonaws.com/4647_thumb.jpg
936,pear,https://nix-tag-images.s3.amazonaws.com/190_thumb.jpg
937,gravy,https://nix-tag-images.s3.amazonaws.com/96_thumb.jpg
938,beet,https://nix-tag-images.s3.amazonaws.com/9323_thumb.jpg
939,spices,https://nix-tag-images.s3.amazonaws.com/3400_thumb.jpg
940,red pepper flakes,https://nix-tag-images.s3.amazonaws.com/780_thumb.jpg
941,white flour,https://nix-tag-images.s3.amazonaws.com/875_thumb.jpg
942,apple butter,https://nix-tag-images.s3.amazonaws.com/312_thumb.jpg
943,candied cherry,https://d2eawub7utcl6.cloudfront.net/images/nix-apple-grey.png
944,dry vermouth,https://d2eawub7utcl6.cloudfront.net/images/nix-apple-grey.png
945,juniper berries,https://d2eawub7utcl6.cloudfront.net/images/nix-apple-grey.png
946,pumpkin puree,https://nix-tag-images.s3.amazonaws.com/1982_thumb.jpg
947,miso,https://nix-tag-images.s3.amazonaws.com/1980_thumb.jpg
948,toasted sesame seeds,https://nix-tag-images.s3.amazonaws.com/1942_thumb.jpg
949,cilantro leaves,https://nix-tag-images.s3.amazonaws.com/480_thumb.jpg
950,sirloin,https://nix-tag-images.s3.amazonaws.com/9033_thumb.jpg
951,steak seasoning,https://d2eawub7utcl6.cloudfront.net/images/nix-apple-grey.png
952,scalloped potatoes,https://nix-tag-images.s3.amazonaws.com/2230_thumb.jpg
953,stuffing mix,https://d2eawub7utcl6.cloudfront.net/images/nix-apple-grey.png
954,dried beef,https://d2eawub7utcl6.cloudfront.net/images/nix-apple-grey.png
955,standing rib roast,https://nix-tag-images.s3.amazonaws.com/3554_thumb.jpg
956,bread,https://nix-tag-images.s3.amazonaws.com/8_thumb.jpg
957,tender,https://nix-tag-images.s3.amazonaws.com/8237_thumb.jpg
958,garbanzo beans,https://nix-tag-images.s3.amazonaws.com/577_thumb.jpg
959,dried savory,https://d2eawub7utcl6.cloudfront.net/images/nix-apple-grey.png
960,meat,https://nix-tag-images.s3.amazonaws.com/2972_thumb.jpg
961,turnip,https://nix-tag-images.s3.amazonaws.com/3356_thumb.jpg
962,popcorn,https://d2eawub7utcl6.cloudfront.net/images/nix-apple-grey.png
963,marshmallow,https://nix-tag-images.s3.amazonaws.com/139_thumb.jpg
964,gumdrop,https://d2eawub7utcl6.cloudfront.net/images/nix-apple-grey.png
965,tea,https://nix-tag-images.s3.amazonaws.com/304_thumb.jpg
966,pearl onions,https://d2eawub7utcl6.cloudfront.net/images/nix-apple-grey.png
967,wonton wrappers,https://d2eawub7utcl6.cloudfront.net/images/nix-apple-grey.png
968,vanilla wafers,https://nix-tag-images.s3.amazonaws.com/1299_thumb.jpg
969,bran,https://d2eawub7utcl6.cloudfront.net/images/nix-apple-grey.png
970,cajun seasoning,https://nix-tag-images.s3.amazonaws.com/3278_thumb.jpg
971,ranch dressing,https://nix-tag-images.s3.amazonaws.com/54_thumb.jpg
972,sweet and sour sauce,https://d2eawub7utcl6.cloudfront.net/images/nix-apple-grey.png
973,chocolate drink,https://nix-tag-images.s3.amazonaws.com/1382_thumb.jpg
974,tomato sauce no added salt,https://d2eawub7utcl6.cloudfront.net/images/nix-apple-grey.png
975,worcestershire sauce low sodium,https://d2eawub7utcl6.cloudfront.net/images/nix-apple-grey.png
976,whole wheat hamburger buns,https://d2eawub7utcl6.cloudfront.net/images/nix-apple-grey.png
977,hazelnut,https://nix-tag-images.s3.amazonaws.com/1326_thumb.jpg
978,butterfinger,https://nix-tag-images.s3.amazonaws.com/2060_thumb.jpg
979,dried apple,https://d2eawub7utcl6.cloudfront.net/images/nix-apple-grey.png
980,dried fig,https://nix-tag-images.s3.amazonaws.com/1629_thumb.jpg
981,crispy rice cereal,https://d2eawub7utcl6.cloudfront.net/images/nix-apple-grey.png
982,sweet cream,https://d2eawub7utcl6.cloudfront.net/images/nix-apple-grey.png
983,sole,https://d2eawub7utcl6.cloudfront.net/images/nix-apple-grey.png
984,ritz cracker,https://nix-tag-images.s3.amazonaws.com/2867_thumb.jpg
985,wonton,https://d2eawub7utcl6.cloudfront.net/images/nix-apple-grey.png
986,frankfurter,https://nix-tag-images.s3.amazonaws.com/632_thumb.jpg
987,pearl tapioca,https://d2eawub7utcl6.cloudfront.net/images/nix-apple-grey.png
988,chocolate candy bars,https://nix-tag-images.s3.amazonaws.com/76_thumb.jpg
989,shortbread cookie,https://nix-tag-images.s3.amazonaws.com/51_thumb.jpg
990,milk chocolate chips,https://nix-tag-images.s3.amazonaws.com/13330_thumb.jpg
991,cane juice,https://d2eawub7utcl6.cloudfront.net/images/nix-apple-grey.png
992,cream style corn,https://nix-tag-images.s3.amazonaws.com/1959_thumb.jpg
993,smoked sausage,https://nix-tag-images.s3.amazonaws.com/800_thumb.jpg
994,can cream style corn,https://nix-tag-images.s3.amazonaws.com/1959_thumb.jpg
995,prune,https://nix-tag-images.s3.amazonaws.com/760_thumb.jpg
996,coconut meat,https://d2eawub7utcl6.cloudfront.net/images/nix-apple-grey.png
997,chicken thigh,https://nix-tag-images.s3.amazonaws.com/1743_thumb.jpg
998,peach juice,https://d2eawub7utcl6.cloudfront.net/images/nix-apple-grey.png
999,fruit cocktail,https://nix-tag-images.s3.amazonaws.com/3806_thumb.jpg
1000,pinto beans,https://nix-tag-images.s3.amazonaws.com/231_thumb.jpg
1001,corn oil,https://d2eawub7utcl6.cloudfront.net/images/nix-apple-grey.png
1002,olive,https://nix-tag-images.s3.amazonaws.com/94_thumb.jpg
1003,cherry tomato,https://nix-tag-images.s3.amazonaws.com/4275_thumb.jpg
1004,butter cake,https://nix-tag-images.s3.amazonaws.com/320_thumb.jpg
1005,frozen lemonade,https://d2eawub7utcl6.cloudfront.net/images/nix-apple-grey.png
1006,soda water,https://nix-tag-images.s3.amazonaws.com/341_thumb.jpg
1007,lime sherbet,https://nix-tag-images.s3.amazonaws.com/3487_thumb.jpg
1008,kiwi,https://nix-tag-images.s3.amazonaws.com/647_thumb.jpg
1009,mixed fruit,https://nix-tag-images.s3.amazonaws.com/287_thumb.jpg
1010,cream half and half,https://nix-tag-images.s3.amazonaws.com/607_thumb.jpg
1011,yogurt,https://nix-tag-images.s3.amazonaws.com/186_thumb.jpg
1012,sake,https://nix-tag-images.s3.amazonaws.com/2140_thumb.jpg
1013,browning sauce,https://d2eawub7utcl6.cloudfront.net/images/nix-apple-grey.png
1014,graham crackers,https://nix-tag-images.s3.amazonaws.com/285_thumb.jpg
1015,barley,https://nix-tag-images.s3.amazonaws.com/1796_thumb.jpg
1016,frozen peas and carrots,https://nix-tag-images.s3.amazonaws.com/3085_thumb.jpg
1017,yellow sweet pepper,https://nix-tag-images.s3.amazonaws.com/882_thumb.jpg
1018,old bay seasoning,https://nix-tag-images.s3.amazonaws.com/5212_thumb.jpg
1019,chocolate bars,https://nix-tag-images.s3.amazonaws.com/76_thumb.jpg
1020,whipped topping,https://nix-tag-images.s3.amazonaws.com/5330_thumb.jpg
1021,dried mustard,https://nix-tag-images.s3.amazonaws.com/1967_thumb.jpg
1022,lean beef,https://nix-tag-images.s3.amazonaws.com/9085_thumb.jpg
1023,dark beer,https://nix-tag-images.s3.amazonaws.com/7710_thumb.jpg
1024,hot sausage,https://nix-tag-images.s3.amazonaws.com/639_thumb.jpg
1025,artichoke hearts,https://nix-tag-images.s3.amazonaws.com/253_thumb.jpg
1026,cauliflower florets,https://nix-tag-images.s3.amazonaws.com/315_thumb.jpg
1027,green pea,https://d2eawub7utcl6.cloudfront.net/images/nix-apple-grey.png
1028,low fat cheddar cheese,https://nix-tag-images.s3.amazonaws.com/1926_thumb.jpg
1029,ground black pepper,https://nix-tag-images.s3.amazonaws.com/1755_thumb.jpg
1030,seasoned bread crumbs,https://d2eawub7utcl6.cloudfront.net/images/nix-apple-grey.png
1031,kalamata olive,https://nix-tag-images.s3.amazonaws.com/643_thumb.jpg
1032,pasta cooked,https://nix-tag-images.s3.amazonaws.com/1012_thumb.jpg
1033,pork liver,https://d2eawub7utcl6.cloudfront.net/images/nix-apple-grey.png
1034,veal,https://d2eawub7utcl6.cloudfront.net/images/nix-apple-grey.png
1035,pork belly,https://d2eawub7utcl6.cloudfront.net/images/nix-apple-grey.png
1036,anchovies,https://d2eawub7utcl6.cloudfront.net/images/nix-apple-grey.png
1037,tomato salsa,https://nix-tag-images.s3.amazonaws.com/219_thumb.jpg
1038,red potatoes,https://nix-tag-images.s3.amazonaws.com/2051_thumb.jpg
1039,idaho potatoes,https://nix-tag-images.s3.amazonaws.com/2750_thumb.jpg
1040,unsalted peanuts,https://nix-tag-images.s3.amazonaws.com/5296_thumb.jpg
1041,ricotta cheese part skim,https://d2eawub7utcl6.cloudfront.net/images/nix-apple-grey.png
1042,rabbit,https://d2eawub7utcl6.cloudfront.net/images/nix-apple-grey.png
1043,semolina,https://d2eawub7utcl6.cloudfront.net/images/nix-apple-grey.png
1044,pork fillets,https://nix-tag-images.s3.amazonaws.com/1868_thumb.jpg
1045,pork spareribs,https://nix-tag-images.s3.amazonaws.com/1799_thumb.jpg
1046,bouillon cubes,https://d2eawub7utcl6.cloudfront.net/images/nix-apple-grey.png
1047,okra,https://nix-tag-images.s3.amazonaws.com/715_thumb.jpg
1048,carrot cooked,https://nix-tag-images.s3.amazonaws.com/2289_thumb.jpg
1049,carrot juice,https://nix-tag-images.s3.amazonaws.com/1380_thumb.jpg
1050,horseradish mustard,https://nix-tag-images.s3.amazonaws.com/526_thumb.jpg
1051,beef top round steak,https://nix-tag-images.s3.amazonaws.com/3114_thumb.jpg
1052,noodles cooked,https://nix-tag-images.s3.amazonaws.com/1012_thumb.jpg
1053,port wine,https://d2eawub7utcl6.cloudfront.net/images/nix-apple-grey.png
1054,kelp,https://d2eawub7utcl6.cloudfront.net/images/nix-apple-grey.png
1055,mandarin orange,https://nix-tag-images.s3.amazonaws.com/221_thumb.jpg
1056,rump roast,https://d2eawub7utcl6.cloudfront.net/images/nix-apple-grey.png
1057,fresh coconut,https://d2eawub7utcl6.cloudfront.net/images/nix-apple-grey.png
1058,eggplants,https://nix-tag-images.s3.amazonaws.com/540_thumb.jpg
1059,figs,https://nix-tag-images.s3.amazonaws.com/2157_thumb.jpg
1060,yams,https://nix-tag-images.s3.amazonaws.com/4484_thumb.jpg
1061,candied ginger,https://d2eawub7utcl6.cloudfront.net/images/nix-apple-grey.png
1062,cranberry juice,https://nix-tag-images.s3.amazonaws.com/1078_thumb.jpg
1063,sweet green pepper,https://nix-tag-images.s3.amazonaws.com/1740_thumb.jpg
1064,non fat vanilla yogurt,https://d2eawub7utcl6.cloudfront.net/images/nix-apple-grey.png
1065,golden raisins,https://nix-tag-images.s3.amazonaws.com/2793_thumb.jpg
1066,fresh peaches,https://nix-tag-images.s3.amazonaws.com/225_thumb.jpg
1067,shell steaks,https://nix-tag-images.s3.amazonaws.com/2287_thumb.jpg
1068,frozen hash browns,https://d2eawub7utcl6.cloudfront.net/images/nix-apple-grey.png
1069,fat free cheddar cheese,https://nix-tag-images.s3.amazonaws.com/3670_thumb.jpg
1070,roquefort cheese,https://d2eawub7utcl6.cloudfront.net/images/nix-apple-grey.png
1071,ground chicken,https://nix-tag-images.s3.amazonaws.com/1973_thumb.jpg
1072,canned stewed tomatoes,https://nix-tag-images.s3.amazonaws.com/5389_thumb.jpg
1073,grated parmesan cheese,https://nix-tag-images.s3.amazonaws.com/594_thumb.jpg
1074,uncooked pasta,https://nix-tag-images.s3.amazonaws.com/7854_thumb.jpg
1075,pumpkin seeds,https://nix-tag-images.s3.amazonaws.com/1168_thumb.jpg
1076,apple pie filling,https://d2eawub7utcl6.cloudfront.net/images/nix-apple-grey.png
1077,crunchy peanut butter,https://nix-tag-images.s3.amazonaws.com/2523_thumb.jpg
1078,chunky peanut butter,https://nix-tag-images.s3.amazonaws.com/2523_thumb.jpg
1079,crouton,https://nix-tag-images.s3.amazonaws.com/521_thumb.jpg
1080,artichokes,https://nix-tag-images.s3.amazonaws.com/224_thumb.jpg
1081,white sauce,https://d2eawub7utcl6.cloudfront.net/images/nix-apple-grey.png
1082,sauerkraut,https://nix-tag-images.s3.amazonaws.com/1186_thumb.jpg
1083,rye bread,https://nix-tag-images.s3.amazonaws.com/796_thumb.jpg
1084,thousand island dressing,https://nix-tag-images.s3.amazonaws.com/201_thumb.jpg
1085,corned beef,https://nix-tag-images.s3.amazonaws.com/508_thumb.jpg
1086,crawfish,https://nix-tag-images.s3.amazonaws.com/2136_thumb.jpg
1087,graham cracker,https://nix-tag-images.s3.amazonaws.com/285_thumb.jpg
1088,dried apples,https://d2eawub7utcl6.cloudfront.net/images/nix-apple-grey.png
1089,honey roasted peanuts,https://nix-tag-images.s3.amazonaws.com/6006_thumb.jpg
1090,prepared horseradish,https://d2eawub7utcl6.cloudfront.net/images/nix-apple-grey.png
1091,horseradish sauce,https://d2eawub7utcl6.cloudfront.net/images/nix-apple-grey.png
1092,herbs,https://nix-tag-images.s3.amazonaws.com/1056_thumb.jpg
1093,bacon bits,https://nix-tag-images.s3.amazonaws.com/3011_thumb.jpg
1094,toast,https://nix-tag-images.s3.amazonaws.com/877_thumb.jpg
1095,baguette,https://nix-tag-images.s3.amazonaws.com/393_thumb.jpg
1096,crystallized ginger,https://d2eawub7utcl6.cloudfront.net/images/nix-apple-grey.png
1097,whipped butter,https://d2eawub7utcl6.cloudfront.net/images/nix-apple-grey.png
1098,white chocolate,https://nix-tag-images.s3.amazonaws.com/1994_thumb.jpg
1099,pumpkin spice,https://nix-tag-images.s3.amazonaws.com/1945_thumb.jpg
1100,boneless chicken breast,https://nix-tag-images.s3.amazonaws.com/7820_thumb.jpg
1101,butterscotch,https://nix-tag-images.s3.amazonaws.com/4112_thumb.jpg
1102,white bread,https://nix-tag-images.s3.amazonaws.com/227_thumb.jpg
1103,salmon steaks,https://d2eawub7utcl6.cloudfront.net/images/nix-apple-grey.png
1104,teriyaki sauce,https://nix-tag-images.s3.amazonaws.com/1139_thumb.jpg
1105,truffle oil,https://nix-tag-images.s3.amazonaws.com/42_thumb.jpg
1106,graham cracker crust,https://d2eawub7utcl6.cloudfront.net/images/nix-apple-grey.png
1107,cool whip free,https://d2eawub7utcl6.cloudfront.net/images/nix-apple-grey.png
1108,shiitake mushrooms,https://nix-tag-images.s3.amazonaws.com/3904_thumb.jpg
1109,canned tomato,https://nix-tag-images.s3.amazonaws.com/1902_thumb.jpg
1110,chicken legs,https://nix-tag-images.s3.amazonaws.com/469_thumb.jpg
1111,dried marjoram,https://d2eawub7utcl6.cloudfront.net/images/nix-apple-grey.png
1112,light mayonnaise,https://nix-tag-images.s3.amazonaws.com/1781_thumb.jpg
1113,white candy coating,https://d2eawub7utcl6.cloudfront.net/images/nix-apple-grey.png
1114,porridge oats,https://nix-tag-images.s3.amazonaws.com/2044_thumb.jpg
1115,bicarbonate of soda,https://nix-tag-images.s3.amazonaws.com/396_thumb.jpg
1116,marshmallow cream,https://d2eawub7utcl6.cloudfront.net/images/nix-apple-grey.png
1117,beef bouillon cube,https://d2eawub7utcl6.cloudfront.net/images/nix-apple-grey.png
1118,lasagna noodle,https://d2eawub7utcl6.cloudfront.net/images/nix-apple-grey.png
1119,wheat bran,https://d2eawub7utcl6.cloudfront.net/images/nix-apple-grey.png
1120,butternut squash,https://nix-tag-images.s3.amazonaws.com/168_thumb.jpg
1121,amaretto,https://d2eawub7utcl6.cloudfront.net/images/nix-apple-grey.png
1122,pork chops,https://nix-tag-images.s3.amazonaws.com/746_thumb.jpg
1123,can mandarin oranges drained,https://d2eawub7utcl6.cloudfront.net/images/nix-apple-grey.png
1124,cherry preserves,https://nix-tag-images.s3.amazonaws.com/1030_thumb.jpg
1125,sliced mushrooms,https://nix-tag-images.s3.amazonaws.com/148_thumb.jpg
1126,french fried onion,https://nix-tag-images.s3.amazonaws.com/2035_thumb.jpg
1127,adzuki beans,https://d2eawub7utcl6.cloudfront.net/images/nix-apple-grey.png
1128,cream of celery soup,https://nix-tag-images.s3.amazonaws.com/6009_thumb.jpg
1129,cheese shredded,https://nix-tag-images.s3.amazonaws.com/5311_thumb.jpg
1130,cranberry sauce,https://nix-tag-images.s3.amazonaws.com/2282_thumb.jpg
1131,ground turkey,https://nix-tag-images.s3.amazonaws.com/1742_thumb.jpg
1132,m and ms,https://nix-tag-images.s3.amazonaws.com/1677_thumb.jpg
1133,cornbread mix,https://d2eawub7utcl6.cloudfront.net/images/nix-apple-grey.png
1134,crushed pineapple with juice,https://d2eawub7utcl6.cloudfront.net/images/nix-apple-grey.png
1135,strawberry pie,https://nix-tag-images.s3.amazonaws.com/2875_thumb.jpg
1136,chipped beef,https://d2eawub7utcl6.cloudfront.net/images/nix-apple-grey.png
1137,fish fillets,https://nix-tag-images.s3.amazonaws.com/2347_thumb.jpg
1138,stout,https://nix-tag-images.s3.amazonaws.com/7710_thumb.jpg
1139,pork fat,https://nix-tag-images.s3.amazonaws.com/1252_thumb.jpg
1140,chili oil,https://d2eawub7utcl6.cloudfront.net/images/nix-apple-grey.png
1141,lime,https://nix-tag-images.s3.amazonaws.com/662_thumb.jpg
1142,grape juice,https://nix-tag-images.s3.amazonaws.com/223_thumb.jpg
1143,chicken broth reduced sodium,https://d2eawub7utcl6.cloudfront.net/images/nix-apple-grey.png
1144,orzo pasta,https://nix-tag-images.s3.amazonaws.com/3468_thumb.jpg
1145,dry lentils,https://nix-tag-images.s3.amazonaws.com/6184_thumb.jpg
1146,soymilk,https://nix-tag-images.s3.amazonaws.com/814_thumb.jpg
1147,pecorino romano cheese,https://nix-tag-images.s3.amazonaws.com/791_thumb.jpg
1148,black walnut,https://d2eawub7utcl6.cloudfront.net/images/nix-apple-grey.png
1149,oyster,https://nix-tag-images.s3.amazonaws.com/1421_thumb.jpg
1150,oyster crackers,https://nix-tag-images.s3.amazonaws.com/1106_thumb.jpg
1151,fig,https://nix-tag-images.s3.amazonaws.com/2157_thumb.jpg
1152,brown gravy mix,https://d2eawub7utcl6.cloudfront.net/images/nix-apple-grey.png
1153,artichoke hearts marinated,https://d2eawub7utcl6.cloudfront.net/images/nix-apple-grey.png
1154,sage leaves,https://nix-tag-images.s3.amazonaws.com/13273_thumb.jpg
1155,pork shoulder,https://nix-tag-images.s3.amazonaws.com/1932_thumb.jpg
1156,almonds slivered,https://nix-tag-images.s3.amazonaws.com/5747_thumb.jpg
1157,sage leaf,https://nix-tag-images.s3.amazonaws.com/13273_thumb.jpg
1158,hard boiled egg,https://nix-tag-images.s3.amazonaws.com/611_thumb.jpg
1159,leek soup,https://d2eawub7utcl6.cloudfront.net/images/nix-apple-grey.png
1160,crab,https://nix-tag-images.s3.amazonaws.com/1418_thumb.jpg
1161,pork sausage,https://nix-tag-images.s3.amazonaws.com/1362_thumb.jpg
1162,cooked shrimp,https://nix-tag-images.s3.amazonaws.com/3123_thumb.jpg
1163,beef base,https://d2eawub7utcl6.cloudfront.net/images/nix-apple-grey.png
1164,macaroni,https://nix-tag-images.s3.amazonaws.com/9317_thumb.jpg
1165,raw cashews,https://nix-tag-images.s3.amazonaws.com/5158_thumb.jpg
1166,corn muffin,https://nix-tag-images.s3.amazonaws.com/3200_thumb.jpg
1167,creamed corn,https://nix-tag-images.s3.amazonaws.com/1959_thumb.jpg
1168,green chili,https://nix-tag-images.s3.amazonaws.com/596_thumb.jpg
1169,parmesan cheese shredded,https://nix-tag-images.s3.amazonaws.com/5149_thumb.jpg
1170,can artichoke heart,https://d2eawub7utcl6.cloudfront.net/images/nix-apple-grey.png
1171,maraschino cherry,https://d2eawub7utcl6.cloudfront.net/images/nix-apple-grey.png
1172,chocolate ice cream,https://nix-tag-images.s3.amazonaws.com/475_thumb.jpg
1173,coffee liqueur,https://d2eawub7utcl6.cloudfront.net/images/nix-apple-grey.png
1174,chicken bouillon cube,https://d2eawub7utcl6.cloudfront.net/images/nix-apple-grey.png
1175,round steaks,https://nix-tag-images.s3.amazonaws.com/3114_thumb.jpg
1176,coco,https://nix-tag-images.s3.amazonaws.com/486_thumb.jpg
1177,chicken meat,https://nix-tag-images.s3.amazonaws.com/7824_thumb.jpg
1178,hot chili peppers,https://nix-tag-images.s3.amazonaws.com/3411_thumb.jpg
1179,mixed nuts,https://nix-tag-images.s3.amazonaws.com/124_thumb.jpg
1180,white cornmeal,https://d2eawub7utcl6.cloudfront.net/images/nix-apple-grey.png
1181,black bean,https://nix-tag-images.s3.amazonaws.com/245_thumb.jpg
1182,low fat sharp cheddar cheese,https://d2eawub7utcl6.cloudfront.net/images/nix-apple-grey.png
1183,dried shiitake mushroom,https://d2eawub7utcl6.cloudfront.net/images/nix-apple-grey.png
1184,angel hair pasta,https://nix-tag-images.s3.amazonaws.com/383_thumb.jpg
1185,date,https://nix-tag-images.s3.amazonaws.com/2242_thumb.jpg
1186,cake yeast,https://d2eawub7utcl6.cloudfront.net/images/nix-apple-grey.png
1187,bibb lettuce,https://nix-tag-images.s3.amazonaws.com/1890_thumb.jpg
1188,whole wheat pita bread,https://nix-tag-images.s3.amazonaws.com/4622_thumb.jpg
1189,bean sprout,https://nix-tag-images.s3.amazonaws.com/407_thumb.jpg
1190,coconut flakes,https://nix-tag-images.s3.amazonaws.com/1957_thumb.jpg
1191,bacon raw,https://nix-tag-images.s3.amazonaws.com/6413_thumb.jpg
1192,fruit punch,https://nix-tag-images.s3.amazonaws.com/95_thumb.jpg
1193,cherry,https://nix-tag-images.s3.amazonaws.com/465_thumb.jpg
1194,juice,https://nix-tag-images.s3.amazonaws.com/17_thumb.jpg
1195,hominy,https://d2eawub7utcl6.cloudfront.net/images/nix-apple-grey.png
1196,lemon yogurt,https://d2eawub7utcl6.cloudfront.net/images/nix-apple-grey.png
1197,lingonberries,https://d2eawub7utcl6.cloudfront.net/images/nix-apple-grey.png
1198,tater tots,https://nix-tag-images.s3.amazonaws.com/846_thumb.jpg
1199,raisin bread,https://nix-tag-images.s3.amazonaws.com/314_thumb.jpg
1200,nonfat yogurt,https://nix-tag-images.s3.amazonaws.com/3113_thumb.jpg
1201,skim mozzarella cheese,https://d2eawub7utcl6.cloudfront.net/images/nix-apple-grey.png
1202,pinto bean,https://nix-tag-images.s3.amazonaws.com/231_thumb.jpg
1203,dried black eyed peas,https://d2eawub7utcl6.cloudfront.net/images/nix-apple-grey.png
1204,baby lima beans,https://d2eawub7utcl6.cloudfront.net/images/nix-apple-grey.png
1205,lima beans,https://nix-tag-images.s3.amazonaws.com/254_thumb.jpg
1206,dried black beans,https://nix-tag-images.s3.amazonaws.com/4374_thumb.jpg
1207,red beans,https://nix-tag-images.s3.amazonaws.com/2179_thumb.jpg
1208,soybeans,https://nix-tag-images.s3.amazonaws.com/2769_thumb.jpg
1209,ground pork,https://nix-tag-images.s3.amazonaws.com/1918_thumb.jpg
1210,wontons,https://d2eawub7utcl6.cloudfront.net/images/nix-apple-grey.png
1211,straw mushrooms,https://d2eawub7utcl6.cloudfront.net/images/nix-apple-grey.png
1212,bamboo shoot,https://d2eawub7utcl6.cloudfront.net/images/nix-apple-grey.png
1213,amaretto liqueur,https://d2eawub7utcl6.cloudfront.net/images/nix-apple-grey.png
1214,pimento,https://d2eawub7utcl6.cloudfront.net/images/nix-apple-grey.png
1215,potato flour,https://nix-tag-images.s3.amazonaws.com/2106_thumb.jpg
1216,potato cooked,https://nix-tag-images.s3.amazonaws.com/2198_thumb.jpg
1217,chocolate milk,https://nix-tag-images.s3.amazonaws.com/1382_thumb.jpg
1218,tomato soup,https://nix-tag-images.s3.amazonaws.com/249_thumb.jpg
1219,lamb,https://nix-tag-images.s3.amazonaws.com/651_thumb.jpg
1220,roasted red pepper,https://nix-tag-images.s3.amazonaws.com/2492_thumb.jpg
1221,whole wheat bread,https://nix-tag-images.s3.amazonaws.com/1862_thumb.jpg
1222,fresh sage,https://nix-tag-images.s3.amazonaws.com/13273_thumb.jpg
1223,fresh thyme,https://nix-tag-images.s3.amazonaws.com/1937_thumb.jpg
1224,chestnuts,https://nix-tag-images.s3.amazonaws.com/4312_thumb.jpg
1225,chorizo sausage,https://nix-tag-images.s3.amazonaws.com/270_thumb.jpg
1226,enchilada sauce,https://d2eawub7utcl6.cloudfront.net/images/nix-apple-grey.png
1227,grapefruit juice,https://nix-tag-images.s3.amazonaws.com/590_thumb.jpg
1228,turkey steaks,https://d2eawub7utcl6.cloudfront.net/images/nix-apple-grey.png
1229,grapefruits,https://nix-tag-images.s3.amazonaws.com/589_thumb.jpg
1230,beef roast,https://nix-tag-images.s3.amazonaws.com/409_thumb.jpg
1231,beef brisket,https://nix-tag-images.s3.amazonaws.com/1802_thumb.jpg
1232,crackers,https://nix-tag-images.s3.amazonaws.com/62_thumb.jpg
1233,pizza crust,https://nix-tag-images.s3.amazonaws.com/2416_thumb.jpg
1234,stilton cheese,https://nix-tag-images.s3.amazonaws.com/422_thumb.jpg
1235,stout beer,https://nix-tag-images.s3.amazonaws.com/7710_thumb.jpg
1236,medium rye flour,https://nix-tag-images.s3.amazonaws.com/5013_thumb.jpg
1237,low fat ricotta,https://d2eawub7utcl6.cloudfront.net/images/nix-apple-grey.png
1238,no salt added tomato sauce,https://d2eawub7utcl6.cloudfront.net/images/nix-apple-grey.png
1239,tomato bisque,https://nix-tag-images.s3.amazonaws.com/2862_thumb.jpg
1240,egg hard boiled,https://nix-tag-images.s3.amazonaws.com/611_thumb.jpg
1241,dried cherries,https://d2eawub7utcl6.cloudfront.net/images/nix-apple-grey.png
1242,turkey tenderloins,https://nix-tag-images.s3.amazonaws.com/3037_thumb.jpg
1243,french fried onions,https://nix-tag-images.s3.amazonaws.com/2035_thumb.jpg
1244,low fat margarine,https://d2eawub7utcl6.cloudfront.net/images/nix-apple-grey.png
1245,vermicelli,https://d2eawub7utcl6.cloudfront.net/images/nix-apple-grey.png
1246,avocado dip,https://nix-tag-images.s3.amazonaws.com/364_thumb.jpg
1247,salad dressing,https://nix-tag-images.s3.amazonaws.com/24_thumb.jpg
1248,fresh oregano,https://nix-tag-images.s3.amazonaws.com/1937_thumb.jpg
1249,cacao,https://nix-tag-images.s3.amazonaws.com/6076_thumb.jpg
1250,lean ground turkey,https://nix-tag-images.s3.amazonaws.com/5396_thumb.jpg
1251,parsnip,https://nix-tag-images.s3.amazonaws.com/2034_thumb.jpg
1252,old bay,https://nix-tag-images.s3.amazonaws.com/5212_thumb.jpg
1253,crescent rolls,https://nix-tag-images.s3.amazonaws.com/519_thumb.jpg
1254,dark chocolate,https://nix-tag-images.s3.amazonaws.com/269_thumb.jpg
1255,can mushrooms,https://d2eawub7utcl6.cloudfront.net/images/nix-apple-grey.png
1256,chinese vegetables,https://nix-tag-images.s3.amazonaws.com/3879_thumb.jpg
1257,round steak,https://nix-tag-images.s3.amazonaws.com/3114_thumb.jpg
1258,chili beans,https://nix-tag-images.s3.amazonaws.com/4029_thumb.jpg
1259,hot peppers,https://nix-tag-images.s3.amazonaws.com/3411_thumb.jpg
1260,canned mushrooms,https://d2eawub7utcl6.cloudfront.net/images/nix-apple-grey.png
1261,all bran cereal,https://nix-tag-images.s3.amazonaws.com/4270_thumb.jpg
1262,digestive biscuits,https://nix-tag-images.s3.amazonaws.com/3593_thumb.jpg
1263,custard,https://d2eawub7utcl6.cloudfront.net/images/nix-apple-grey.png
1264,ground lamb,https://nix-tag-images.s3.amazonaws.com/1083_thumb.jpg
1265,pita breads,https://nix-tag-images.s3.amazonaws.com/739_thumb.jpg
1266,diced tomatoes,https://nix-tag-images.s3.amazonaws.com/1902_thumb.jpg
1267,pickled jalapeno peppers,https://d2eawub7utcl6.cloudfront.net/images/nix-apple-grey.png
1268,pita bread,https://nix-tag-images.s3.amazonaws.com/739_thumb.jpg
1269,flour self rising,https://nix-tag-images.s3.amazonaws.com/5963_thumb.jpg
1270,mint leaf,https://nix-tag-images.s3.amazonaws.com/1979_thumb.jpg
1271,chicken wings,https://nix-tag-images.s3.amazonaws.com/1830_thumb.jpg
1272,can corned beef,https://d2eawub7utcl6.cloudfront.net/images/nix-apple-grey.png
1273,cream of asparagus soup,https://d2eawub7utcl6.cloudfront.net/images/nix-apple-grey.png
1274,sherry,https://d2eawub7utcl6.cloudfront.net/images/nix-apple-grey.png
1275,orange cake,https://d2eawub7utcl6.cloudfront.net/images/nix-apple-grey.png
1276,white bread flour,https://nix-tag-images.s3.amazonaws.com/1950_thumb.jpg
1277,pepperoni,https://nix-tag-images.s3.amazonaws.com/731_thumb.jpg
1278,canned mushroom,https://d2eawub7utcl6.cloudfront.net/images/nix-apple-grey.png
1279,nonfat milk,https://nix-tag-images.s3.amazonaws.com/810_thumb.jpg
1280,medium bananas,https://nix-tag-images.s3.amazonaws.com/399_thumb.jpg
1281,brown rice cooked,https://nix-tag-images.s3.amazonaws.com/13781_thumb.jpg
1282,white beans,https://nix-tag-images.s3.amazonaws.com/193_thumb.jpg
1283,roll,https://nix-tag-images.s3.amazonaws.com/299_thumb.jpg
1284,sweetener,https://nix-tag-images.s3.amazonaws.com/200_thumb.jpg
1285,yellow onions,https://nix-tag-images.s3.amazonaws.com/717_thumb.jpg
1286,chervil,https://d2eawub7utcl6.cloudfront.net/images/nix-apple-grey.png
1287,pancake mix,https://d2eawub7utcl6.cloudfront.net/images/nix-apple-grey.png
1288,eggnog,https://nix-tag-images.s3.amazonaws.com/1377_thumb.jpg
1289,creamer,https://nix-tag-images.s3.amazonaws.com/9320_thumb.jpg
1290,cake,https://nix-tag-images.s3.amazonaws.com/320_thumb.jpg
1291,oreo cookies,https://nix-tag-images.s3.amazonaws.com/7935_thumb.jpg
1292,chocolate fudge topping,https://d2eawub7utcl6.cloudfront.net/images/nix-apple-grey.png
1293,chickpeas,https://nix-tag-images.s3.amazonaws.com/577_thumb.jpg
1294,soda cracker,https://nix-tag-images.s3.amazonaws.com/9211_thumb.jpg
1295,swiss chard,https://nix-tag-images.s3.amazonaws.com/2099_thumb.jpg
1296,colby cheese,https://nix-tag-images.s3.amazonaws.com/492_thumb.jpg
1297,beef bouillon powder,https://d2eawub7utcl6.cloudfront.net/images/nix-apple-grey.png
1298,rice flour,https://nix-tag-images.s3.amazonaws.com/1344_thumb.jpg
1299,raspberry,https://nix-tag-images.s3.amazonaws.com/767_thumb.jpg
1300,black beans,https://nix-tag-images.s3.amazonaws.com/245_thumb.jpg
1301,low fat cheese,https://nix-tag-images.s3.amazonaws.com/8377_thumb.jpg
1302,strawberry jam,https://nix-tag-images.s3.amazonaws.com/832_thumb.jpg
1303,pork tenderloin,https://nix-tag-images.s3.amazonaws.com/1868_thumb.jpg
1304,ground turmeric,https://nix-tag-images.s3.amazonaws.com/2038_thumb.jpg
1305,lobsters,https://d2eawub7utcl6.cloudfront.net/images/nix-apple-grey.png
1306,orange liqueur,https://d2eawub7utcl6.cloudfront.net/images/nix-apple-grey.png
1307,tuna,https://nix-tag-images.s3.amazonaws.com/2992_thumb.jpg
1308,tuna fish,https://nix-tag-images.s3.amazonaws.com/188_thumb.jpg
1309,basil dried,https://nix-tag-images.s3.amazonaws.com/1886_thumb.jpg
1310,chicken gravy,https://d2eawub7utcl6.cloudfront.net/images/nix-apple-grey.png
1311,ice cream vanilla,https://nix-tag-images.s3.amazonaws.com/862_thumb.jpg
1312,lemon juiced,https://nix-tag-images.s3.amazonaws.com/12942_thumb.jpg
1313,fruit,https://d2eawub7utcl6.cloudfront.net/images/nix-apple-grey.png
1314,capers,https://nix-tag-images.s3.amazonaws.com/334_thumb.jpg
1315,oats old fashioned,https://nix-tag-images.s3.amazonaws.com/712_thumb.jpg
1316,noodles,https://nix-tag-images.s3.amazonaws.com/1012_thumb.jpg
1317,chablis,https://nix-tag-images.s3.amazonaws.com/1745_thumb.jpg
1318,dill pickles,https://nix-tag-images.s3.amazonaws.com/527_thumb.jpg
1319,eggs hard boiled,https://nix-tag-images.s3.amazonaws.com/611_thumb.jpg
1320,dill relish,https://d2eawub7utcl6.cloudfront.net/images/nix-apple-grey.png
1321,grey poupon,https://nix-tag-images.s3.amazonaws.com/526_thumb.jpg
1322,chow chow,https://d2eawub7utcl6.cloudfront.net/images/nix-apple-grey.png
1323,sweet pepper,https://nix-tag-images.s3.amazonaws.com/1740_thumb.jpg
1324,mint dried,https://d2eawub7utcl6.cloudfront.net/images/nix-apple-grey.png
1325,sweet peppers,https://nix-tag-images.s3.amazonaws.com/8708_thumb.jpg
1326,steak sauce,https://d2eawub7utcl6.cloudfront.net/images/nix-apple-grey.png
1327,creme de menthe,https://d2eawub7utcl6.cloudfront.net/images/nix-apple-grey.png
1328,pork ribs,https://nix-tag-images.s3.amazonaws.com/1799_thumb.jpg
1329,trout,https://nix-tag-images.s3.amazonaws.com/2341_thumb.jpg
1330,cajun spices,https://nix-tag-images.s3.amazonaws.com/3278_thumb.jpg
1331,chile,https://nix-tag-images.s3.amazonaws.com/9158_thumb.jpg
1332,blue crabs,https://nix-tag-images.s3.amazonaws.com/1418_thumb.jpg
1333,ears corn,https://nix-tag-images.s3.amazonaws.com/2630_thumb.jpg
1334,new potatoes,https://nix-tag-images.s3.amazonaws.com/752_thumb.jpg
1335,redfish,https://nix-tag-images.s3.amazonaws.com/9331_thumb.jpg
1336,beef sirloin,https://nix-tag-images.s3.amazonaws.com/9032_thumb.jpg
1337,prime rib roast,https://nix-tag-images.s3.amazonaws.com/3554_thumb.jpg
1338,fenugreek seeds,https://d2eawub7utcl6.cloudfront.net/images/nix-apple-grey.png
1339,fresh green beans,https://nix-tag-images.s3.amazonaws.com/3169_thumb.jpg
1340,basmati rice,https://nix-tag-images.s3.amazonaws.com/1242_thumb.jpg
1341,salt and freshly ground black pepper,https://nix-tag-images.s3.amazonaws.com/12822_thumb.jpg
1342,saffron,https://d2eawub7utcl6.cloudfront.net/images/nix-apple-grey.png
1343,caraway seeds,https://d2eawub7utcl6.cloudfront.net/images/nix-apple-grey.png
1344,ghee,https://nix-tag-images.s3.amazonaws.com/2640_thumb.jpg
1345,ground red chili pepper,https://nix-tag-images.s3.amazonaws.com/780_thumb.jpg
1346,unsalted almonds,https://nix-tag-images.s3.amazonaws.com/2863_thumb.jpg
1347,lollipop,https://d2eawub7utcl6.cloudfront.net/images/nix-apple-grey.png
1348,scallops,https://nix-tag-images.s3.amazonaws.com/801_thumb.jpg
1349,chutney,https://d2eawub7utcl6.cloudfront.net/images/nix-apple-grey.png
1350,split peas,https://d2eawub7utcl6.cloudfront.net/images/nix-apple-grey.png
1351,sirloin steak,https://nix-tag-images.s3.amazonaws.com/9033_thumb.jpg
1352,mushroom soup,https://nix-tag-images.s3.amazonaws.com/515_thumb.jpg
1353,dry active yeast,https://nix-tag-images.s3.amazonaws.com/1941_thumb.jpg
1354,sourdough starter,https://d2eawub7utcl6.cloudfront.net/images/nix-apple-grey.png
1355,black coffee,https://nix-tag-images.s3.amazonaws.com/1718_thumb.jpg
1356,raw zucchini,https://nix-tag-images.s3.amazonaws.com/884_thumb.jpg
1357,frankfurters,https://nix-tag-images.s3.amazonaws.com/632_thumb.jpg
1358,sharp cheddar,https://nix-tag-images.s3.amazonaws.com/2203_thumb.jpg
1359,hot dog buns,https://nix-tag-images.s3.amazonaws.com/9314_thumb.jpg
1360,green chili peppers,https://nix-tag-images.s3.amazonaws.com/596_thumb.jpg
1361,candied cherries,https://d2eawub7utcl6.cloudfront.net/images/nix-apple-grey.png
1362,canned pears,https://d2eawub7utcl6.cloudfront.net/images/nix-apple-grey.png
1363,strawberry preserves,https://nix-tag-images.s3.amazonaws.com/832_thumb.jpg
1364,bean curd,https://d2eawub7utcl6.cloudfront.net/images/nix-apple-grey.png
1365,dark soy sauce,https://nix-tag-images.s3.amazonaws.com/9306_thumb.jpg
1366,flank steak,https://nix-tag-images.s3.amazonaws.com/1986_thumb.jpg
1367,old fashioned oats,https://nix-tag-images.s3.amazonaws.com/712_thumb.jpg
1368,chocolate wafers,https://d2eawub7utcl6.cloudfront.net/images/nix-apple-grey.png
1369,vanilla wafer,https://nix-tag-images.s3.amazonaws.com/1299_thumb.jpg
1370,peppermint candy,https://nix-tag-images.s3.amazonaws.com/8014_thumb.jpg
1371,liqueur,https://d2eawub7utcl6.cloudfront.net/images/nix-apple-grey.png
1372,basil chopped,https://nix-tag-images.s3.amazonaws.com/1885_thumb.jpg
1373,parmesan cheese shaved,https://d2eawub7utcl6.cloudfront.net/images/nix-apple-grey.png
1374,clarified butter,https://nix-tag-images.s3.amazonaws.com/2640_thumb.jpg
1375,stew meat,https://nix-tag-images.s3.amazonaws.com/8941_thumb.jpg
1376,semi sweet chocolate,https://nix-tag-images.s3.amazonaws.com/220_thumb.jpg
1377,strawberry ice cream,https://d2eawub7utcl6.cloudfront.net/images/nix-apple-grey.png
1378,tahini,https://nix-tag-images.s3.amazonaws.com/844_thumb.jpg
1379,safflower oil,https://d2eawub7utcl6.cloudfront.net/images/nix-apple-grey.png
1380,canned chili peppers,https://d2eawub7utcl6.cloudfront.net/images/nix-apple-grey.png
1381,taco chips,https://nix-tag-images.s3.amazonaws.com/135_thumb.jpg
1382,cardamom pod,https://d2eawub7utcl6.cloudfront.net/images/nix-apple-grey.png
1383,sweet red wine,https://d2eawub7utcl6.cloudfront.net/images/nix-apple-grey.png
1384,cheesecloth,https://d2eawub7utcl6.cloudfront.net/images/nix-apple-grey.png
1385,beef shank,https://d2eawub7utcl6.cloudfront.net/images/nix-apple-grey.png
1386,chopped celery,https://nix-tag-images.s3.amazonaws.com/8994_thumb.jpg
1387,butter beans,https://nix-tag-images.s3.amazonaws.com/254_thumb.jpg
1388,pot roast,https://nix-tag-images.s3.amazonaws.com/409_thumb.jpg
1389,dried lima beans,https://d2eawub7utcl6.cloudfront.net/images/nix-apple-grey.png
1390,canned clams,https://d2eawub7utcl6.cloudfront.net/images/nix-apple-grey.png
1391,gherkins,https://d2eawub7utcl6.cloudfront.net/images/nix-apple-grey.png
1392,hard roll,https://d2eawub7utcl6.cloudfront.net/images/nix-apple-grey.png
1393,corn chips,https://nix-tag-images.s3.amazonaws.com/1675_thumb.jpg
1394,chopped parsley,https://nix-tag-images.s3.amazonaws.com/1931_thumb.jpg
1395,buttermilk pancake,https://nix-tag-images.s3.amazonaws.com/2864_thumb.jpg
1396,taco sauce,https://d2eawub7utcl6.cloudfront.net/images/nix-apple-grey.png
1397,raw cauliflower,https://nix-tag-images.s3.amazonaws.com/3763_thumb.jpg
1398,raw mushrooms,https://nix-tag-images.s3.amazonaws.com/8110_thumb.jpg
1399,beef rump roast,https://nix-tag-images.s3.amazonaws.com/409_thumb.jpg
1400,pepper red,https://nix-tag-images.s3.amazonaws.com/8707_thumb.jpg
1401,tomatoes cherry,https://nix-tag-images.s3.amazonaws.com/4275_thumb.jpg
1402,cucumber chopped,https://nix-tag-images.s3.amazonaws.com/5146_thumb.jpg
1403,apricot,https://nix-tag-images.s3.amazonaws.com/388_thumb.jpg
1404,peach yogurt,https://nix-tag-images.s3.amazonaws.com/1678_thumb.jpg
1405,clams,https://nix-tag-images.s3.amazonaws.com/1419_thumb.jpg
1406,pork loin chops,https://nix-tag-images.s3.amazonaws.com/746_thumb.jpg
1407,ice cube,https://nix-tag-images.s3.amazonaws.com/1780_thumb.jpg
1408,crackers soda,https://nix-tag-images.s3.amazonaws.com/9211_thumb.jpg
1409,pistachio pudding,https://d2eawub7utcl6.cloudfront.net/images/nix-apple-grey.png
1410,candy bars,https://nix-tag-images.s3.amazonaws.com/8945_thumb.jpg
1411,wax beans,https://d2eawub7utcl6.cloudfront.net/images/nix-apple-grey.png
1412,onion dressing,https://d2eawub7utcl6.cloudfront.net/images/nix-apple-grey.png
1413,port,https://d2eawub7utcl6.cloudfront.net/images/nix-apple-grey.png
1414,dried figs,https://nix-tag-images.s3.amazonaws.com/1629_thumb.jpg
1415,tamales,https://nix-tag-images.s3.amazonaws.com/109_thumb.jpg
1416,canned corn,https://nix-tag-images.s3.amazonaws.com/1901_thumb.jpg
1417,beef chuck,https://nix-tag-images.s3.amazonaws.com/2072_thumb.jpg
1418,vermouth,https://d2eawub7utcl6.cloudfront.net/images/nix-apple-grey.png
1419,chow mein noodles,https://d2eawub7utcl6.cloudfront.net/images/nix-apple-grey.png
1420,canned peas,https://d2eawub7utcl6.cloudfront.net/images/nix-apple-grey.png
1421,green grapes,https://nix-tag-images.s3.amazonaws.com/7936_thumb.jpg
1422,frozen whipped topping,https://nix-tag-images.s3.amazonaws.com/5330_thumb.jpg
1423,cabbage raw,https://nix-tag-images.s3.amazonaws.com/8083_thumb.jpg
1424,rice blend,https://nix-tag-images.s3.amazonaws.com/4074_thumb.jpg
1425,boneless pork loin,https://nix-tag-images.s3.amazonaws.com/4592_thumb.jpg
1426,chocolate frosting,https://d2eawub7utcl6.cloudfront.net/images/nix-apple-grey.png
1427,chili pepper,https://nix-tag-images.s3.amazonaws.com/3411_thumb.jpg
1428,chocolate cake,https://nix-tag-images.s3.amazonaws.com/1640_thumb.jpg
1429,raw beet,https://d2eawub7utcl6.cloudfront.net/images/nix-apple-grey.png
1430,fondant,https://d2eawub7utcl6.cloudfront.net/images/nix-apple-grey.png
1431,cheddar cheese cube,https://d2eawub7utcl6.cloudfront.net/images/nix-apple-grey.png
1432,brie,https://nix-tag-images.s3.amazonaws.com/434_thumb.jpg
1433,goose,https://d2eawub7utcl6.cloudfront.net/images/nix-apple-grey.png
1434,fresh marjoram,https://nix-tag-images.s3.amazonaws.com/1937_thumb.jpg
1435,cracklings,https://nix-tag-images.s3.amazonaws.com/1288_thumb.jpg
1436,knockwurst,https://d2eawub7utcl6.cloudfront.net/images/nix-apple-grey.png
1437,pickles,https://nix-tag-images.s3.amazonaws.com/132_thumb.jpg
1438,herring,https://d2eawub7utcl6.cloudfront.net/images/nix-apple-grey.png
1439,dill fresh,https://nix-tag-images.s3.amazonaws.com/1963_thumb.jpg
1440,buckwheat groats,https://nix-tag-images.s3.amazonaws.com/1795_thumb.jpg
1441,sunflower oil,https://nix-tag-images.s3.amazonaws.com/72_thumb.jpg
1442,croutons,https://nix-tag-images.s3.amazonaws.com/521_thumb.jpg
1443,snails,https://d2eawub7utcl6.cloudfront.net/images/nix-apple-grey.png
1444,pickled herring,https://d2eawub7utcl6.cloudfront.net/images/nix-apple-grey.png
1445,mussels,https://nix-tag-images.s3.amazonaws.com/699_thumb.jpg
1446,pork leg,https://d2eawub7utcl6.cloudfront.net/images/nix-apple-grey.png
1447,quatre epices,https://d2eawub7utcl6.cloudfront.net/images/nix-apple-grey.png
1448,whipped cream,https://nix-tag-images.s3.amazonaws.com/9319_thumb.jpg
1449,shredded cheddar cheese,https://nix-tag-images.s3.amazonaws.com/5311_thumb.jpg
1450,tortilla chips,https://nix-tag-images.s3.amazonaws.com/135_thumb.jpg
1451,chili peppers,https://nix-tag-images.s3.amazonaws.com/3411_thumb.jpg
1452,rose wine,https://nix-tag-images.s3.amazonaws.com/3124_thumb.jpg
1453,catfish fillets,https://nix-tag-images.s3.amazonaws.com/4640_thumb.jpg
1454,chicken fat,https://d2eawub7utcl6.cloudfront.net/images/nix-apple-grey.png
1455,chicken gizzard,https://d2eawub7utcl6.cloudfront.net/images/nix-apple-grey.png
1456,pork stock,https://d2eawub7utcl6.cloudfront.net/images/nix-apple-grey.png
1457,yellow mustard,https://nix-tag-images.s3.amazonaws.com/1198_thumb.jpg
1458,yogurt low fat,https://nix-tag-images.s3.amazonaws.com/9017_thumb.jpg
1459,bow tie pasta,https://d2eawub7utcl6.cloudfront.net/images/nix-apple-grey.png
1460,cooked spaghetti,https://nix-tag-images.s3.amazonaws.com/816_thumb.jpg
1461,fresh yeast,https://d2eawub7utcl6.cloudfront.net/images/nix-apple-grey.png
1462,tomato ketchup,https://nix-tag-images.s3.amazonaws.com/1013_thumb.jpg
1463,bechamel sauce,https://d2eawub7utcl6.cloudfront.net/images/nix-apple-grey.png
1464,bay leaf ground,https://nix-tag-images.s3.amazonaws.com/1899_thumb.jpg
1465,prawns,https://nix-tag-images.s3.amazonaws.com/204_thumb.jpg
1466,mustard powder,https://nix-tag-images.s3.amazonaws.com/1967_thumb.jpg
1467,fruit preserves,https://d2eawub7utcl6.cloudfront.net/images/nix-apple-grey.png
1468,poundcake,https://nix-tag-images.s3.amazonaws.com/250_thumb.jpg
1469,instant butterscotch pudding,https://d2eawub7utcl6.cloudfront.net/images/nix-apple-grey.png
1470,chocolate cookie pie crust,https://d2eawub7utcl6.cloudfront.net/images/nix-apple-grey.png
1471,cookies and cream ice cream,https://nix-tag-images.s3.amazonaws.com/4277_thumb.jpg
1472,spearmint leaves,https://nix-tag-images.s3.amazonaws.com/1979_thumb.jpg
1473,turnips,https://nix-tag-images.s3.amazonaws.com/3356_thumb.jpg
1474,leeks,https://nix-tag-images.s3.amazonaws.com/1922_thumb.jpg
1475,pesto sauce,https://nix-tag-images.s3.amazonaws.com/1122_thumb.jpg
1476,pork and beans,https://d2eawub7utcl6.cloudfront.net/images/nix-apple-grey.png
1477,sweetened coconut,https://nix-tag-images.s3.amazonaws.com/172_thumb.jpg
1478,rolls,https://nix-tag-images.s3.amazonaws.com/299_thumb.jpg
1479,beef cooked,https://nix-tag-images.s3.amazonaws.com/192_thumb.jpg
1480,red pepper sauce,https://d2eawub7utcl6.cloudfront.net/images/nix-apple-grey.png
1481,mustard dijon,https://nix-tag-images.s3.amazonaws.com/526_thumb.jpg
1482,garlic oil,https://nix-tag-images.s3.amazonaws.com/14243_thumb.jpg
1483,cloves whole,https://d2eawub7utcl6.cloudfront.net/images/nix-apple-grey.png
1484,turkey breast,https://nix-tag-images.s3.amazonaws.com/4149_thumb.jpg
1485,tequila,https://nix-tag-images.s3.amazonaws.com/847_thumb.jpg
1486,cooked chicken,https://nix-tag-images.s3.amazonaws.com/9_thumb.jpg
1487,skinless chicken,https://nix-tag-images.s3.amazonaws.com/7824_thumb.jpg
1488,cooked boneless skinless chicken breast,https://nix-tag-images.s3.amazonaws.com/7820_thumb.jpg
1489,can crushed tomatoes,https://nix-tag-images.s3.amazonaws.com/3283_thumb.jpg
1490,hot dogs,https://nix-tag-images.s3.amazonaws.com/632_thumb.jpg
1491,rice vermicelli,https://nix-tag-images.s3.amazonaws.com/1197_thumb.jpg
1492,english cucumber,https://nix-tag-images.s3.amazonaws.com/522_thumb.jpg
1493,crayfish,https://nix-tag-images.s3.amazonaws.com/2136_thumb.jpg
1494,corn flake crumbs,https://d2eawub7utcl6.cloudfront.net/images/nix-apple-grey.png
1495,condensed cream of celery soup,https://d2eawub7utcl6.cloudfront.net/images/nix-apple-grey.png
1496,minced garlic,https://nix-tag-images.s3.amazonaws.com/174_thumb.jpg
1497,red snapper,https://nix-tag-images.s3.amazonaws.com/9331_thumb.jpg
1498,french onion soup,https://nix-tag-images.s3.amazonaws.com/3374_thumb.jpg
1499,pork loin roast,https://nix-tag-images.s3.amazonaws.com/4592_thumb.jpg
1500,rack of lamb,https://d2eawub7utcl6.cloudfront.net/images/nix-apple-grey.png
1501,fresh fruit,https://nix-tag-images.s3.amazonaws.com/287_thumb.jpg
1502,swordfish,https://d2eawub7utcl6.cloudfront.net/images/nix-apple-grey.png
1503,grouper,https://nix-tag-images.s3.amazonaws.com/3925_thumb.jpg
1504,small apple,https://nix-tag-images.s3.amazonaws.com/384_thumb.jpg
1505,can garbanzo beans,https://nix-tag-images.s3.amazonaws.com/7680_thumb.jpg
1506,baking potato,https://nix-tag-images.s3.amazonaws.com/2750_thumb.jpg
1507,unsweetened apple juice,https://nix-tag-images.s3.amazonaws.com/385_thumb.jpg
1508,can pinto beans,https://nix-tag-images.s3.amazonaws.com/7601_thumb.jpg
1509,dried mushrooms,https://d2eawub7utcl6.cloudfront.net/images/nix-apple-grey.png
1510,polish sausage,https://nix-tag-images.s3.amazonaws.com/1301_thumb.jpg
1511,soup mix,https://d2eawub7utcl6.cloudfront.net/images/nix-apple-grey.png
1512,kale,https://nix-tag-images.s3.amazonaws.com/644_thumb.jpg
1513,garlic sausage,https://d2eawub7utcl6.cloudfront.net/images/nix-apple-grey.png
1514,creme de cacao,https://d2eawub7utcl6.cloudfront.net/images/nix-apple-grey.png
1515,worcestershire,https://nix-tag-images.s3.amazonaws.com/881_thumb.jpg
1516,bitters,https://d2eawub7utcl6.cloudfront.net/images/nix-apple-grey.png
1517,bread sliced,https://nix-tag-images.s3.amazonaws.com/8235_thumb.jpg
1518,black forest ham,https://nix-tag-images.s3.amazonaws.com/2521_thumb.jpg
1519,toasted sesame oil,https://nix-tag-images.s3.amazonaws.com/806_thumb.jpg
1520,chinese cabbage,https://d2eawub7utcl6.cloudfront.net/images/nix-apple-grey.png
1521,cooked rice,https://nix-tag-images.s3.amazonaws.com/85_thumb.jpg
1522,kiwi fruits,https://nix-tag-images.s3.amazonaws.com/647_thumb.jpg
1523,pork broth,https://d2eawub7utcl6.cloudfront.net/images/nix-apple-grey.png
1524,red cabbage,https://nix-tag-images.s3.amazonaws.com/2470_thumb.jpg
1525,fresh coriander leaves,https://nix-tag-images.s3.amazonaws.com/480_thumb.jpg
1526,roasted unsalted peanuts,https://nix-tag-images.s3.amazonaws.com/5296_thumb.jpg
1527,hollandaise sauce,https://nix-tag-images.s3.amazonaws.com/2747_thumb.jpg
1528,canadian bacon,https://nix-tag-images.s3.amazonaws.com/1361_thumb.jpg
1529,brie cheese,https://nix-tag-images.s3.amazonaws.com/434_thumb.jpg
1530,liver,https://nix-tag-images.s3.amazonaws.com/2759_thumb.jpg
1531,mangoes,https://nix-tag-images.s3.amazonaws.com/673_thumb.jpg
1532,boneless pork chops,https://nix-tag-images.s3.amazonaws.com/746_thumb.jpg
1533,kidney beans,https://nix-tag-images.s3.amazonaws.com/2179_thumb.jpg
1534,herring in sour cream,https://d2eawub7utcl6.cloudfront.net/images/nix-apple-grey.png
1535,apple tart,https://d2eawub7utcl6.cloudfront.net/images/nix-apple-grey.png
1536,sardine,https://nix-tag-images.s3.amazonaws.com/238_thumb.jpg
1537,fresh tomatoes,https://nix-tag-images.s3.amazonaws.com/191_thumb.jpg
1538,fresh tomato,https://nix-tag-images.s3.amazonaws.com/191_thumb.jpg
1539,chopped fresh basil,https://nix-tag-images.s3.amazonaws.com/1885_thumb.jpg
1540,cucumber diced,https://nix-tag-images.s3.amazonaws.com/5146_thumb.jpg
1541,cans black beans,https://nix-tag-images.s3.amazonaws.com/7473_thumb.jpg
1542,green chilies canned,https://d2eawub7utcl6.cloudfront.net/images/nix-apple-grey.png
1543,sausages,https://nix-tag-images.s3.amazonaws.com/800_thumb.jpg
1544,meatballs,https://nix-tag-images.s3.amazonaws.com/1212_thumb.jpg
1545,bamboo shoots,https://d2eawub7utcl6.cloudfront.net/images/nix-apple-grey.png
1546,wheat,https://nix-tag-images.s3.amazonaws.com/3608_thumb.jpg
1547,seafood seasoning,https://nix-tag-images.s3.amazonaws.com/5212_thumb.jpg
1548,lentils uncooked,https://nix-tag-images.s3.amazonaws.com/6184_thumb.jpg
1549,meatloaf,https://nix-tag-images.s3.amazonaws.com/681_thumb.jpg
1550,unbaked pie crusts,https://nix-tag-images.s3.amazonaws.com/1263_thumb.jpg
1551,cranberry beans,https://d2eawub7utcl6.cloudfront.net/images/nix-apple-grey.png
1552,poblano pepper,https://nix-tag-images.s3.amazonaws.com/6578_thumb.jpg
1553,dried tarragon,https://d2eawub7utcl6.cloudfront.net/images/nix-apple-grey.png
1554,liverwurst,https://d2eawub7utcl6.cloudfront.net/images/nix-apple-grey.png
1555,dill pickle relish,https://d2eawub7utcl6.cloudfront.net/images/nix-apple-grey.png
1556,brownie mix,https://d2eawub7utcl6.cloudfront.net/images/nix-apple-grey.png
1557,chocolate cookie crumbs,https://d2eawub7utcl6.cloudfront.net/images/nix-apple-grey.png
1558,oil olive,https://nix-tag-images.s3.amazonaws.com/42_thumb.jpg
1559,mirin,https://d2eawub7utcl6.cloudfront.net/images/nix-apple-grey.png
1560,eggs fried,https://nix-tag-images.s3.amazonaws.com/1741_thumb.jpg
1561,graham cracker pie crusts,https://d2eawub7utcl6.cloudfront.net/images/nix-apple-grey.png
1562,lemonade concentrate,https://d2eawub7utcl6.cloudfront.net/images/nix-apple-grey.png
1563,sambal oelek,https://d2eawub7utcl6.cloudfront.net/images/nix-apple-grey.png
1564,flour tortilla,https://nix-tag-images.s3.amazonaws.com/560_thumb.jpg
1565,feta,https://nix-tag-images.s3.amazonaws.com/551_thumb.jpg
1566,beef chunks,https://nix-tag-images.s3.amazonaws.com/2072_thumb.jpg
1567,ginger root,https://nix-tag-images.s3.amazonaws.com/776_thumb.jpg
1568,butter unsalted,https://nix-tag-images.s3.amazonaws.com/2092_thumb.jpg
1569,sour cherries canned,https://d2eawub7utcl6.cloudfront.net/images/nix-apple-grey.png
1570,italian breadcrumbs,https://d2eawub7utcl6.cloudfront.net/images/nix-apple-grey.png
1571,soup stock,https://nix-tag-images.s3.amazonaws.com/1089_thumb.jpg
1572,wood ear mushrooms,https://d2eawub7utcl6.cloudfront.net/images/nix-apple-grey.png
1573,red beets,https://nix-tag-images.s3.amazonaws.com/9324_thumb.jpg
1574,rice wine,https://nix-tag-images.s3.amazonaws.com/2140_thumb.jpg
1575,papaya,https://nix-tag-images.s3.amazonaws.com/724_thumb.jpg
1576,pecan nuts,https://nix-tag-images.s3.amazonaws.com/729_thumb.jpg
1577,cherry juice,https://d2eawub7utcl6.cloudfront.net/images/nix-apple-grey.png
1578,shiitake mushroom,https://nix-tag-images.s3.amazonaws.com/3904_thumb.jpg
1579,gin,https://nix-tag-images.s3.amazonaws.com/582_thumb.jpg
1580,french vanilla ice cream,https://nix-tag-images.s3.amazonaws.com/862_thumb.jpg
1581,wine red,https://nix-tag-images.s3.amazonaws.com/781_thumb.jpg
1582,almond meal,https://nix-tag-images.s3.amazonaws.com/1379_thumb.jpg
1583,banana chips,https://nix-tag-images.s3.amazonaws.com/2004_thumb.jpg
1584,ground veal,https://d2eawub7utcl6.cloudfront.net/images/nix-apple-grey.png
1585,fresh figs,https://nix-tag-images.s3.amazonaws.com/2157_thumb.jpg
1586,cabrales cheese,https://nix-tag-images.s3.amazonaws.com/14216_thumb.jpg
1587,lavender,https://nix-tag-images.s3.amazonaws.com/1056_thumb.jpg
1588,white chocolate chips,https://d2eawub7utcl6.cloudfront.net/images/nix-apple-grey.png
1589,pistachios,https://nix-tag-images.s3.amazonaws.com/737_thumb.jpg
1590,grated parmigiano,https://nix-tag-images.s3.amazonaws.com/594_thumb.jpg
1591,french baguettes,https://nix-tag-images.s3.amazonaws.com/393_thumb.jpg
1592,pheasant,https://d2eawub7utcl6.cloudfront.net/images/nix-apple-grey.png
1593,cranberry apple juice,https://d2eawub7utcl6.cloudfront.net/images/nix-apple-grey.png
1594,microwave popcorn,https://nix-tag-images.s3.amazonaws.com/2751_thumb.jpg
1595,can kidney beans,https://nix-tag-images.s3.amazonaws.com/7475_thumb.jpg
1596,shredded cheese,https://nix-tag-images.s3.amazonaws.com/5311_thumb.jpg
1597,beef stew meat,https://nix-tag-images.s3.amazonaws.com/8941_thumb.jpg
1598,brussels sprouts,https://nix-tag-images.s3.amazonaws.com/440_thumb.jpg
1599,lamb shoulder,https://d2eawub7utcl6.cloudfront.net/images/nix-apple-grey.png
1600,crushed tomatoes,https://nix-tag-images.s3.amazonaws.com/3283_thumb.jpg
1601,cinnamon candies,https://d2eawub7utcl6.cloudfront.net/images/nix-apple-grey.png
1602,shredded mozzarella cheese,https://nix-tag-images.s3.amazonaws.com/1744_thumb.jpg
1603,shell pasta,https://nix-tag-images.s3.amazonaws.com/1125_thumb.jpg
1604,russet potatoes,https://nix-tag-images.s3.amazonaws.com/2750_thumb.jpg
1605,instant pudding,https://d2eawub7utcl6.cloudfront.net/images/nix-apple-grey.png
1606,orange flower water,https://d2eawub7utcl6.cloudfront.net/images/nix-apple-grey.png
1607,butter spread,https://d2eawub7utcl6.cloudfront.net/images/nix-apple-grey.png
1608,grated carrots,https://nix-tag-images.s3.amazonaws.com/4446_thumb.jpg
1609,hot chili pepper,https://nix-tag-images.s3.amazonaws.com/3411_thumb.jpg
1610,graham cracker crusts,https://d2eawub7utcl6.cloudfront.net/images/nix-apple-grey.png
1611,zinfandel,https://d2eawub7utcl6.cloudfront.net/images/nix-apple-grey.png
1612,coleslaw,https://nix-tag-images.s3.amazonaws.com/1762_thumb.jpg
1613,lobster tail,https://nix-tag-images.s3.amazonaws.com/2116_thumb.jpg
1614,tuna steaks,https://nix-tag-images.s3.amazonaws.com/9184_thumb.jpg
1615,shredded carrots,https://nix-tag-images.s3.amazonaws.com/4446_thumb.jpg
1616,mashed banana,https://d2eawub7utcl6.cloudfront.net/images/nix-apple-grey.png
1617,raisin bran cereal,https://nix-tag-images.s3.amazonaws.com/160_thumb.jpg
1618,olive juice,https://d2eawub7utcl6.cloudfront.net/images/nix-apple-grey.png
1619,uncooked rice,https://nix-tag-images.s3.amazonaws.com/2969_thumb.jpg
1620,limes,https://nix-tag-images.s3.amazonaws.com/662_thumb.jpg
1621,ground allspice,https://nix-tag-images.s3.amazonaws.com/1945_thumb.jpg
1622,arborio rice,https://nix-tag-images.s3.amazonaws.com/85_thumb.jpg
1623,hersheys chocolate syrup,https://d2eawub7utcl6.cloudfront.net/images/nix-apple-grey.png
1624,hot chocolate,https://nix-tag-images.s3.amazonaws.com/631_thumb.jpg
1625,soda,https://nix-tag-images.s3.amazonaws.com/49_thumb.jpg
1626,seltzer water,https://d2eawub7utcl6.cloudfront.net/images/nix-apple-grey.png
1627,balsamic vinaigrette,https://nix-tag-images.s3.amazonaws.com/1124_thumb.jpg
1628,goat cheese,https://nix-tag-images.s3.amazonaws.com/584_thumb.jpg
1629,roasting chicken,https://nix-tag-images.s3.amazonaws.com/4025_thumb.jpg
1630,pork breakfast sausage,https://nix-tag-images.s3.amazonaws.com/431_thumb.jpg
1631,turkey bacon,https://nix-tag-images.s3.amazonaws.com/292_thumb.jpg
1632,coconut cream,https://nix-tag-images.s3.amazonaws.com/4986_thumb.jpg
1633,sweet vermouth,https://d2eawub7utcl6.cloudfront.net/images/nix-apple-grey.png
1634,rye whiskey,https://nix-tag-images.s3.amazonaws.com/1746_thumb.jpg
1635,cointreau liqueur,https://d2eawub7utcl6.cloudfront.net/images/nix-apple-grey.png
1636,apricot brandy,https://d2eawub7utcl6.cloudfront.net/images/nix-apple-grey.png
1637,shredded carrot,https://nix-tag-images.s3.amazonaws.com/4446_thumb.jpg
1638,rose syrup,https://d2eawub7utcl6.cloudfront.net/images/nix-apple-grey.png
1639,martini,https://d2eawub7utcl6.cloudfront.net/images/nix-apple-grey.png
1640,campari,https://d2eawub7utcl6.cloudfront.net/images/nix-apple-grey.png
1641,quinoa,https://nix-tag-images.s3.amazonaws.com/762_thumb.jpg
1642,fontina,https://d2eawub7utcl6.cloudfront.net/images/nix-apple-grey.png
1643,green cardamoms,https://d2eawub7utcl6.cloudfront.net/images/nix-apple-grey.png
1644,beetroots,https://nix-tag-images.s3.amazonaws.com/9323_thumb.jpg
1645,pomegranates,https://nix-tag-images.s3.amazonaws.com/1981_thumb.jpg
1646,peas and carrots,https://nix-tag-images.s3.amazonaws.com/3085_thumb.jpg
1647,full cream milk,https://nix-tag-images.s3.amazonaws.com/878_thumb.jpg
1648,candies,https://d2eawub7utcl6.cloudfront.net/images/nix-apple-grey.png
1649,coriander leaves,https://nix-tag-images.s3.amazonaws.com/480_thumb.jpg
1650,shredded monterey jack cheese,https://d2eawub7utcl6.cloudfront.net/images/nix-apple-grey.png
1651,buttermilk biscuits,https://nix-tag-images.s3.amazonaws.com/2462_thumb.jpg
1652,tilapia fillets,https://nix-tag-images.s3.amazonaws.com/8972_thumb.jpg
1653,condensed tomato soup,https://d2eawub7utcl6.cloudfront.net/images/nix-apple-grey.png
1654,hash browns,https://nix-tag-images.s3.amazonaws.com/614_thumb.jpg
1655,saltine,https://nix-tag-images.s3.amazonaws.com/799_thumb.jpg
1656,fresh mango,https://nix-tag-images.s3.amazonaws.com/673_thumb.jpg
1657,penne,https://nix-tag-images.s3.amazonaws.com/1105_thumb.jpg
1658,kiwi fruit,https://nix-tag-images.s3.amazonaws.com/647_thumb.jpg
1659,provolone cheese,https://nix-tag-images.s3.amazonaws.com/758_thumb.jpg
1660,fat free cool whip,https://d2eawub7utcl6.cloudfront.net/images/nix-apple-grey.png
1661,raw potatoes,https://nix-tag-images.s3.amazonaws.com/14830_thumb.jpg
1662,turkey chili,https://nix-tag-images.s3.amazonaws.com/2362_thumb.jpg
1663,fresh bread,https://nix-tag-images.s3.amazonaws.com/7165_thumb.jpg
1664,black grapes,https://nix-tag-images.s3.amazonaws.com/2356_thumb.jpg
1665,creamed spinach,https://nix-tag-images.s3.amazonaws.com/1346_thumb.jpg
1666,anchovy paste,https://d2eawub7utcl6.cloudfront.net/images/nix-apple-grey.png
1667,banana liqueur,https://d2eawub7utcl6.cloudfront.net/images/nix-apple-grey.png
1668,pickled jalapeno pepper,https://d2eawub7utcl6.cloudfront.net/images/nix-apple-grey.png
1669,shredded coconut,https://nix-tag-images.s3.amazonaws.com/172_thumb.jpg
1670,pasta sauce,https://nix-tag-images.s3.amazonaws.com/239_thumb.jpg
1671,chopped basil,https://nix-tag-images.s3.amazonaws.com/1885_thumb.jpg
1672,fat free refried beans,https://nix-tag-images.s3.amazonaws.com/3048_thumb.jpg
1673,colby monterey jack cheese,https://nix-tag-images.s3.amazonaws.com/3496_thumb.jpg
1674,plain fat free yogurt,https://nix-tag-images.s3.amazonaws.com/3113_thumb.jpg
1675,chopped ham,https://d2eawub7utcl6.cloudfront.net/images/nix-apple-grey.png
1676,top sirloin steak,https://nix-tag-images.s3.amazonaws.com/2259_thumb.jpg
1677,instant ramen noodles,https://nix-tag-images.s3.amazonaws.com/764_thumb.jpg
1678,sliced red bell pepper,https://d2eawub7utcl6.cloudfront.net/images/nix-apple-grey.png
1679,uncooked white rice,https://nix-tag-images.s3.amazonaws.com/2969_thumb.jpg
1680,crushed red pepper,https://nix-tag-images.s3.amazonaws.com/9041_thumb.jpg
1681,vanilla pudding mix,https://d2eawub7utcl6.cloudfront.net/images/nix-apple-grey.png
1682,mashed bananas,https://d2eawub7utcl6.cloudfront.net/images/nix-apple-grey.png
1683,ground chuck,https://nix-tag-images.s3.amazonaws.com/47_thumb.jpg
1684,cloves minced garlic,https://nix-tag-images.s3.amazonaws.com/330_thumb.jpg
1685,strawberry jelly,https://nix-tag-images.s3.amazonaws.com/14949_thumb.jpg
1686,arrowroot,https://d2eawub7utcl6.cloudfront.net/images/nix-apple-grey.png
1687,miniature semisweet chocolate chips,https://nix-tag-images.s3.amazonaws.com/220_thumb.jpg
1688,gram flour,https://nix-tag-images.s3.amazonaws.com/3422_thumb.jpg
