id,food_id,serving_weight,measure
1,1,15.19,tbsp
2,1,100,g
3,1,243,cup
4,1,5.06,tsp
5,1,182,fl oz
6,1,30.3333,ounce
7,2,89,"cup, chopped"
8,2,70,"cup, shredded"
9,2,640.5,large
10,2,33,"leaf, large"
11,2,100,g
12,2,714,"head, small (about 4-1/2"" dia)"
13,2,79.5,cup
14,2,956.66,head
15,2,908,"head, medium (about 5-3/4"" dia)"
16,2,28.3495,wt. oz
17,2,1248,"head, large (about 7"" dia)"
18,2,453.59,lb
19,2,23,"leaf, medium"
20,2,453.6,lb
21,2,453.592,lb
22,2,956.67,head
23,2,465.5,medium
24,2,15,leaf
25,3,60,ring
26,3,137.5152,cup
27,3,9.0633,tablespoon
28,3,10,tbsp chopped
29,3,38,"slice, large (1/4"" thick)"
30,3,9.065,tablespoon
31,3,100,g
32,3,14,"slice, medium (1/8"" thick)"
33,3,70,small
34,3,28.3495,wt. oz
35,3,160,"cup, chopped"
36,3,137.5075,cup
37,3,115,"cup, sliced"
38,3,9.06,tablespoon
39,3,150,large
40,3,453.59,lb
41,3,137.5067,cup
42,3,27.5,"medium (2-1/2"" dia)"
43,3,9,"slice, thin"
44,3,110,"medium (2-1/2"" dia)"
45,3,3.0267,teaspoon
46,3,137.52,cup
47,3,137.5,cup
48,3,110.0,medium
49,3,3.02,teaspoon
50,3,580.0,quart
51,4,39.5,large
52,4,4,strip medium
53,4,100,g
54,4,72,"large (7-1/4"" to 8-/1/2"" long)"
55,4,122,cup strips or slice
56,4,110,cup grated
57,4,61,medium
58,4,50,"small (5-1/2"" long)"
59,4,3,slice
60,4,28.3495,wt. oz
61,4,453.59,lb
62,4,28.35,ounce
63,4,128,cup chopped
64,4,120.0,cup
65,4,50.0,small
66,4,7.5,tablespoon
67,4,7,"strip large (3"" long)"
68,5,101,cup chopped
69,5,40.3325,stalk
70,5,7.5,tbsp
71,5,100,g
72,5,2.5,tsp
73,5,28.3495,wt. oz
74,5,40.33,stalk
75,5,120,cup
76,5,4,"strip (4"" long)"
77,5,17,"stalk, small (5"" long)"
78,5,101.0,cup
79,5,28.35,ounce
80,5,453.59,lb
81,5,2.3,teaspoon
82,5,40,"stalk, medium (7-1/2"" - 8"" long)"
83,5,6.905,tablespoon
84,5,110,nlea serving
85,5,40.3333,stalk
86,5,40,rib
87,5,40.335,stalk
88,5,64,"stalk, large (11""-12"" long)"
89,5,40.0,"stalk, medium"
90,6,453.5914,lb
91,6,1.0,gram
92,6,200.0,cup
93,6,453.5933,lb
94,6,1000.0,kg
95,6,100,g
96,6,28.3495,wt. oz
97,6,2.3,serving 1 cube
98,6,12.55,tbsp
99,6,4.1825,teaspoon
100,6,4.2,tsp
101,6,4.18,teaspoon
102,6,4.1667,teaspoon
103,6,12.5533,tablespoon
104,6,4.2,teaspoon
105,6,4.1867,teaspoon
106,6,0.26,pinch
107,6,453.59,lb
108,6,28.35,ounce
109,6,12.56,tablespoon
110,6,4.1833,teaspoon
111,6,2.8,serving packet
112,6,4.1839,teaspoon
113,6,4.185,teaspoon
114,6,1.0,g
115,6,4.1818,teaspoon
116,6,12.552,tablespoon
117,6,453.6,lb
118,6,12.6,tbsp
119,6,12.55,tablespoon
120,7,5,"pat (1"" sq, 1/3"" high)"
121,7,4.73,tsp
122,7,227,cup
123,7,100,g
124,7,14.2,tablespoon
125,7,28.3495,wt. oz
126,7,14.1925,tablespoon
127,7,4.73,teaspoon
128,7,14.1933,tablespoon
129,7,14.19,tablespoon
130,7,28.35,ounce
131,7,453.59,lb
132,7,113,stick
133,7,14.195,tablespoon
134,7,4.7325,teaspoon
135,7,1.0,g
136,7,14.2,tbsp
137,7,28.35,oz
138,7,453.6,lb
139,7,4.7333,teaspoon
140,7,0.14,calorie
141,8,56,extra large
142,8,243,cup (4.86 large eggs)
143,8,100,g
144,8,38,small
145,8,28.3495,wt. oz
146,8,63,jumbo
147,8,50.0,large
148,8,44,medium
149,9,42,jumbo
150,9,33.0,large
151,9,46,tbsp
152,9,100,g
153,9,243,cup
154,9,5.06,tsp
155,9,25,small
156,9,29,medium
157,9,28.3495,wt. oz
158,9,37,extra large
159,10,1000.0,kg
160,10,2.6033,teaspoon
161,10,125,cup
162,10,7.81,tbsp
163,10,1.0,g
164,10,100,g
165,10,7.8133,tablespoon
166,10,2.6,teaspoon
167,10,7.81,tablespoon
168,10,7.8125,tablespoon
169,10,28.3495,wt. oz
170,10,7.815,tablespoon
171,10,7.812,tablespoon
172,10,28.35,ounce
173,10,453.59,lb
174,10,2.6067,teaspoon
175,10,2.605,teaspoon
176,10,2.6,tsp
177,11,292,cup
178,11,6,tsp
179,11,16.37,tablespoon
180,11,5.4167,teaspoon
181,11,16.3636,tablespoon
182,11,453.5933,lb
183,11,16.368,tablespoon
184,11,1.108,ml
185,11,100,g
186,11,28.3495,wt. oz
187,11,0.4,dash
188,11,5.4578,teaspoon
189,11,18,tbsp
190,11,16.3667,tablespoon
191,11,5.44,teaspoon
192,11,5.4474,teaspoon
193,11,0.34,pinche
194,11,5.455,teaspoon
195,11,453.59,lb
196,11,28.35,ounce
197,11,5.4586,teaspoon
198,11,5.4567,teaspoon
199,11,0.34,pinch
200,11,1.5,tsp
201,11,5.456,teaspoon
202,11,16.3713,tablespoon
203,11,1.0,g
204,11,5.4533,teaspoon
205,11,5.4545,teaspoon
206,11,5.4575,teaspoon
207,11,16.36,tablespoon
208,11,5.46,teaspoon
209,11,1.5,to taste
210,11,28.36,ounce
211,12,15.306,tablespoon
212,12,100,g
213,12,980,quart
214,12,30.6,fl oz
215,12,15.31,tbsp
216,12,5.1,tsp
217,12,245.0,cup
218,13,100,g
219,13,28.3495,wt. oz
220,13,1.75,tsp
221,13,5.72,tablespoon
222,13,84.0,cup
223,13,31,tbsp
224,14,100,g
225,14,32,"large (approx 3-1/2"" to 4"" dia)"
226,14,28.35,oz
227,14,226.8,cup
228,14,7,cookie
229,15,14.9,tbsp
230,15,14.925,tablespoon
231,15,14.9233,tablespoon
232,15,100,g
233,15,4.975,teaspoon
234,15,28.3495,wt. oz
235,15,5,tsp
236,15,14.92,tablespoon
237,15,238.0,cup
238,16,7,slice
239,16,158,small
240,16,280,large
241,16,100,g
242,16,52,cup slice
243,16,104.0,cup
244,16,28.3495,wt. oz
245,16,453.59,lb
246,16,201.0,medium
247,16,301,"cucumber (8-1/4"")"
248,17,3.33,teaspoon
249,17,160.0,cup
250,17,100,g
251,17,42.53,shallot
252,17,28.3495,wt. oz
253,17,10.0,tablespoon
254,17,10,tbsp chopped
255,18,4.6,tsp
256,18,202,cup
257,18,13.21,tablespoon
258,18,100,g
259,18,13.8,tbsp
260,18,28.3495,wt. oz
261,19,100,g
262,19,36,waterchestnut
263,19,62,cup slice
264,19,7.75,tablespoon
265,19,124.0,cup
266,19,28.3495,wt. oz
267,20,100,g
268,20,90,"cup, sliced"
269,20,28.3495,wt. oz
270,20,5.63,tablespoon
271,20,14,pepper
272,21,4.732,teaspoon
273,21,14.1937,tablespoon
274,21,14.1943,tablespoon
275,21,5,"pat (1"" sq, 1/3"" high)"
276,21,28.3533,ounce
277,21,4.73,tsp
278,21,0.9599,ml
279,21,14.194,tablespoon
280,21,227.0,cup
281,21,100,g
282,21,14.2,tablespoon
283,21,28.3495,wt. oz
284,21,14.1925,tablespoon
285,21,4.73,teaspoon
286,21,0.9598,ml
287,21,14.1933,tablespoon
288,21,14.19,tablespoon
289,21,28.35,ounce
290,21,453.59,lb
291,21,113,stick
292,21,14.195,tablespoon
293,21,4.7325,teaspoon
294,21,1.0,g
295,21,453.5867,lb
296,21,14.2,tbsp
297,21,28.35,oz
298,21,453.6,lb
299,21,4.7333,teaspoon
300,21,14.192,tablespoon
301,22,182.52,cup
302,22,182.5,cup
303,22,3.68,teaspoon
304,22,182.504,cup
305,22,11.0433,tablespoon
306,22,11.04,tablespoon
307,22,220,cup packed
308,22,11.045,tablespoon
309,22,453.5933,lb
310,22,100,g
311,22,182.5152,cup
312,22,28.3495,wt. oz
313,22,0.7468,ml
314,22,4.6,tsp packed
315,22,182.5022,cup
316,22,0.7467,ml
317,22,453.59,lb
318,22,28.35,ounce
319,22,11.0417,tablespoon
320,22,11.0422,tablespoon
321,22,3.2,tsp brownulated
322,22,182.5075,cup
323,22,1.0,g
324,22,145,cup unpacked
325,22,3,tsp unpacked
326,22,11.0425,tablespoon
327,22,182.5067,cup
328,23,2.8,serving packet
329,23,4.185,teaspoon
330,23,100,g
331,23,0.26,pinch
332,23,28.3495,wt. oz
333,23,2.3,serving 1 cube
334,23,453.5933,lb
335,23,453.59,lb
336,23,200,cup
337,23,4.2,tsp
338,23,4.18,teaspoon
339,23,12.55,tablespoon
340,23,12.6,tbsp
341,24,17.0,large
342,24,15.19,tbsp
343,24,13,small
344,24,19,extra large
345,24,100,g
346,24,243,cup
347,24,5.06,tsp
348,24,28.3495,wt. oz
349,24,21,jumbo
350,24,15,medium
351,25,208,cup
352,25,4.2883,teaspoon
353,25,100,g
354,25,13,tbsp
355,25,4.2867,teaspoon
356,25,12.87,tablespoon
357,25,4.29,teaspoon
358,25,12.8675,tablespoon
359,25,12.8667,tablespoon
360,25,28.3495,wt. oz
361,25,4.28,teaspoon
362,25,28.35,ounce
363,25,4.2,tsp
364,25,0.54,dash
365,26,100,g
366,26,1.49,nut
367,26,104.0,cup
368,26,28.3495,wt. oz
369,26,453.59,lb
370,26,28.35,ounce
371,26,28.35,oz (19 halves)
372,26,99,"cup, halve"
373,26,109,"cup, chopped"
374,27,137,"cup unsifted, dipped"
375,27,1.0,g
376,27,137.0,cup
377,27,100,g
378,27,28.3495,wt. oz
379,27,8.56,tbsp
380,27,2.85,tsp
381,28,4.6,tsp
382,28,0.9333,ml
383,28,0.29,pinch
384,28,4.6,teaspoon
385,28,100,g
386,28,13.8,tbsp
387,28,2.3,tsp
388,28,13.8,tablespoon
389,28,28.3495,wt. oz
390,28,220.8,cup
391,28,4.5833,teaspoon
392,29,4.67,teaspoon
393,29,14,tbsp
394,29,1.0,g
395,29,4.66,teaspoon
396,29,4.666,teaspoon
397,29,100,g
398,29,224.0,cup
399,29,14.0,tablespoon
400,29,4.67,tsp
401,29,946.7933,liter
402,29,28.3495,wt. oz
403,29,4.665,teaspoon
404,29,28.35,ounce
405,29,4.6667,teaspoon
406,29,0.9468,ml
407,30,208,cup
408,30,4.288,teaspoon
409,30,4.2867,teaspoon
410,30,100,g
411,30,13,tbsp
412,30,4.25,teaspoon
413,30,12.87,tablespoon
414,30,4.29,teaspoon
415,30,12.8675,tablespoon
416,30,28.3495,wt. oz
417,30,4.2933,teaspoon
418,30,4.28,teaspoon
419,30,28.35,ounce
420,30,0.87,ml
421,30,4.2,tsp
422,30,12.86,tablespoon
423,31,56,extra large
424,31,243,cup (4.86 large eggs)
425,31,100,g
426,31,38,small
427,31,28.3495,wt. oz
428,31,63,jumbo
429,31,50.0,large
430,31,44,medium
431,32,244.0,cup
432,32,15.25,tablespoon
433,32,1.0313,ml
434,32,1.0314,ml
435,32,1031.3333,liter
436,32,100,g
437,32,5.08,teaspoon
438,32,488.0,pint
439,32,976,quart
440,32,30.5,fl oz
441,32,3904.0,gallon
442,32,15.26,tablespoon
443,32,5.08,tsp
444,32,15.25,tbsp
445,32,5.085,teaspoon
446,33,128,cup
447,33,8,tbsp
448,33,2.67,tsp
449,33,2.665,teaspoon
450,33,8.0,tablespoon
451,33,0.541,ml
452,33,2.668,teaspoon
453,33,100,g
454,33,2.6675,teaspoon
455,33,2.666,teaspoon
456,33,2.67,teaspoon
457,33,28.3495,wt. oz
458,33,2.68,teaspoon
459,33,2.66,teaspoon
460,33,2.6667,teaspoon
461,34,238,"cup, fluid (yields 2 cups whipped)"
462,34,240,cup
463,34,100,g
464,34,120,"cup, whipped"
465,34,14.92,tablespoon
466,34,5,tsp
467,34,477.4,pint
468,34,1.0089,ml
469,34,15,tbsp
470,34,29.8,fl oz
471,34,238.0,cup
472,35,28.3533,ounce
473,35,14.2,oz hershey
474,35,28.3511,ounce
475,35,100,g
476,35,28.35,oz
477,35,29.0,square
478,35,28.35,ounce
479,35,29,oz square baker
480,35,132,"cup, grated"
481,35,28.36,ounce
482,36,18,medium
483,36,10,small
484,36,78.6671,cup
485,36,28.3533,ounce
486,36,23,large
487,36,100,g
488,36,28.3495,wt. oz
489,36,78.668,cup
490,36,78.67,cup
491,36,78.66,cup
492,36,453.5925,lb
493,36,6,slice
494,36,453.59,lb
495,36,28.35,ounce
496,36,35,cup piece
497,36,78.665,cup
498,36,70,"cup, pieces or slice"
499,36,1.0,g
500,36,78.6667,cup
501,36,453.6,lb
502,36,96,"cup, whole"
503,37,85,oz
504,37,1.0,g
505,37,453.5867,lb
506,37,926,package
507,37,5.42,tsp
508,37,100,g
509,37,16.25,tbsp
510,37,453.6,lb
511,37,453.5933,lb
512,37,453.59,lb
513,37,272,piece
514,37,189.0,breast
515,37,260,cup
516,38,100,g
517,38,14.7,tbsp
518,38,233.0667,cup
519,38,14.57,tablespoon
520,38,235.2,cup
521,38,4.9,tsp
522,38,29,fl oz
523,39,995.89,quart
524,39,1.0,g
525,39,100,g
526,39,249.0,cup
527,39,31.12,ounce
528,39,15.56,tbsp
529,39,5.19,tsp
530,39,31.12,fl oz
531,39,15.56,tablespoon
532,39,1052.3467,l
533,40,28.3333,slice
534,40,112.0,cup
535,40,28.3329,slice
536,40,28.33,slice
537,40,100,g
538,40,170,slice
539,40,28.35,oz
540,40,453.6,lb
541,40,28.35,ounce
542,40,112,"cup, shredded"
543,41,5,tbsp
544,41,5.625,tablespoon
545,41,1.875,teaspoon
546,41,100,g
547,41,5.6267,tablespoon
548,41,28.35,oz
549,41,5.63,tablespoon
550,41,28.35,ounce
551,41,1.88,teaspoon
552,41,2.08,tsp
553,41,100.0,cup
554,41,28.36,ounce
555,42,6,tbsp chopped
556,42,2.04,teaspoon
557,42,6.13,tablespoon
558,42,100,g
559,42,6.125,tablespoon
560,42,28.3495,wt. oz
561,42,15,"medium (4-1/8"" long)"
562,42,25,large
563,42,100,"cup, chopped"
564,42,100.0,cup
565,42,5,"small (3"" long)"
566,42,15.0,medium
567,43,56,extra large
568,43,243,cup (4.86 large eggs)
569,43,100,g
570,43,38,small
571,43,28.3495,wt. oz
572,43,63,jumbo
573,43,50.0,large
574,43,44,medium
575,44,208,cup
576,44,4.2867,teaspoon
577,44,100,g
578,44,13,tbsp
579,44,4.29,teaspoon
580,44,28.3495,wt. oz
581,44,4.28,teaspoon
582,44,4.2933,teaspoon
583,44,4.2,tsp
584,45,1.29,almond
585,45,138.0,cup
586,45,138,cup whole kernel
587,45,1.0,g
588,45,28.3511,ounce
589,45,8.625,tablespoon
590,45,100,g
591,45,8.63,tablespoon
592,45,28.3495,wt. oz
593,45,8.6267,tablespoon
594,45,453.59,lb
595,45,28.35,ounce
596,45,28.35,oz (22 whole kernels)
597,46,56,extra large
598,46,243,cup (4.86 large eggs)
599,46,100,g
600,46,38,small
601,46,28.3495,wt. oz
602,46,63,jumbo
603,46,50.0,large
604,46,44,medium
605,47,236.7293,cup
606,47,236.7289,cup
607,47,946.92,quart
608,47,473.4583,pint
609,47,236.7291,cup
610,47,946.9167,quart
611,47,14.795,tablespoon
612,47,4.9317,teaspoon
613,47,1000.0,kg
614,47,236.7321,cup
615,47,14.8,tablespoon
616,47,14.7967,tablespoon
617,47,100,g
618,47,4.93,tsp
619,47,473.46,pint
620,47,29.6,ounce
621,47,236.7296,cup
622,47,236.7273,cup
623,47,236.73,cup
624,47,4.9325,teaspoon
625,47,4.93,teaspoon
626,47,236.7313,cup
627,47,14.7958,tablespoon
628,47,236.7295,c
629,47,946.9183,quart
630,47,237,serving 8 fl oz
631,47,29.6,oz
632,47,236.7292,cup
633,47,236.7309,cup
634,47,236.7286,cup
635,47,29.6,fl oz
636,47,236.7305,cup
637,47,1000,liter
638,47,14.796,tablespoon
639,47,4.9333,teaspoon
640,47,236.7267,cup
641,47,4.9314,teaspoon
642,47,14.8,tbsp
643,47,236.7368,cup
644,47,1.0007,ml
645,47,236.728,cup
646,47,236.72,cup
647,47,946.9175,quart
648,47,236.8,cup
649,47,236.7333,cup
650,47,3787.67,gallon
651,47,236.7314,cup
652,47,1.0006,ml
653,48,48.0,cup
654,48,1.0,teaspoon
655,48,100,g
656,48,28.3495,wt. oz
657,48,3,tbsp
658,48,28.35,ounce
659,48,3.0,tablespoon
660,48,2,packet
661,48,1,tsp
662,49,275.3938,quart
663,49,4.25,tbsp
664,49,100,g
665,49,1.42,tsp
666,49,23,cup (makes 1 cup reconstituted milk)
667,49,68.84,cup
668,49,28.3495,wt. oz
669,49,68.848,cup
670,49,91,envelope (1-1/3 cup)
671,49,4.3033,tablespoon
672,49,68.85,cup
673,49,4.305,tablespoon
674,49,68.8507,cup
675,49,68,cup
676,50,96,cup
677,50,100,g
678,50,2,tsp
679,50,28.3495,wt. oz
680,50,6,tbsp
681,50,6.0,tablespoon
682,50,2.0,teaspoon
683,51,218.0,cup
684,51,4.5,teaspoon
685,51,100,g
686,51,4.53,tsp
687,51,13.5767,tbsp
688,51,28.3495,wt. oz
689,51,13.597,tablespoon
690,51,13.6,tablespoon
691,52,2.8,serving packet
692,52,100,g
693,52,28.3495,wt. oz
694,52,2.3,serving 1 cube
695,52,200.0,cup
696,52,4.2,tsp
697,52,12.55,tablespoon
698,52,12.6,tbsp
699,53,7.81,tbsp
700,53,125.0,cup
701,53,7.8127,tablespoon
702,53,100,g
703,53,7.816,tablespoon
704,53,7.8133,tablespoon
705,53,2.6,teaspoon
706,53,7.81,tablespoon
707,53,0.5283,ml
708,53,28.3495,wt. oz
709,53,7.815,tablespoon
710,53,7.812,tablespoon
711,53,7.8114,tablespoon
712,53,0.5284,ml
713,53,7.815,tbsp
714,53,7.8125,tablespoon
715,53,2.605,teaspoon
716,53,2.6,tsp
717,54,4.6,tsp
718,54,0.9333,ml
719,54,0.29,pinch
720,54,4.6,teaspoon
721,54,100,g
722,54,13.8,tbsp
723,54,2.3,tsp
724,54,28.3495,wt. oz
725,54,220.8,cup
726,54,4.6061,teaspoon
727,55,0.33,dash
728,55,0.325,dashe
729,55,0.528,ml
730,55,7.7879,tablespoon
731,55,0.16,pinch
732,55,7.8,tbsp
733,55,100,g
734,55,2.6,teaspoon
735,55,28.3495,wt. oz
736,55,7.8,tablespoon
737,55,28.35,ounce
738,55,124.8333,cup
739,55,124.8,cup
740,55,2.5833,teaspoon
741,55,2.6,tsp
742,56,2.2727,teaspoon
743,56,2.2632,teaspoon
744,56,105.6,cup
745,56,2.2667,teaspoon
746,56,7,tbsp
747,56,100,g
748,56,0.14,pinch
749,56,2.2,tsp
750,56,0.28,dash
751,56,28.3495,wt. oz
752,56,2.28,teaspoon
753,56,2.26,teaspoon
754,56,2.264,teaspoon
755,56,0.14,pinche
756,56,2.27,teaspoon
757,56,2.25,teaspoon
758,57,145,cup (not packed)
759,57,100,g
760,57,165,"cup, packed"
761,57,28.3495,wt. oz
762,57,155.0,cup
763,58,120,cup unsifted
764,58,100,g
765,58,100,cup sifted
766,58,7.5,tbsp
767,58,7.3133,tablespoon
768,58,2.5,tsp
769,58,7.31,tablespoon
770,58,28.3495,wt. oz
771,58,7.315,tablespoon
772,58,453.59,lb
773,58,120,cup
774,58,110.0,cup
775,58,8,tbsp unsifted
776,59,85.0,package
777,59,16,cubic inch
778,59,14.5,tbsp
779,59,1.0,g
780,59,100,g
781,59,4.83,tsp
782,59,28.35,oz
783,59,29,tbsp
784,59,85,"package, small (3 oz)"
785,59,453.59,lb
786,59,28.35,ounce
787,59,453.6,lb
788,59,232,cup
789,59,13.375,tablespoon
790,59,453.5933,lb
791,59,10,"tbsp, whipped"
792,60,100,g
793,60,21.655,tablespoon
794,60,21.6567,tablespoon
795,60,28.3495,wt. oz
796,60,22,tbsp
797,60,341,cup
798,60,21.66,tablespoon
799,60,7.1,tsp
800,61,100,g
801,61,201.0,"avocado, ns as to florida or california"
802,61,28.3495,wt. oz
803,61,150,"cup, cube"
804,61,230,"cup, pureed"
805,61,146,"cup, sliced"
806,62,20,"slice, medium (1/4"" thick)"
807,62,182.0,large
808,62,15,"slice, thin/small"
809,62,453.5933,lb
810,62,164.5152,cup
811,62,453.5923,lb
812,62,100,g
813,62,148,nlea serving
814,62,28.3495,wt. oz
815,62,658.0,quart
816,62,91.0,small
817,62,28.3503,ounce
818,62,91,"small whole (2-2/5"" dia)"
819,62,149,cup cherry tomatoe
820,62,123.0,medium
821,62,62,italian tomato
822,62,20.6675,slice
823,62,453.59,lb
824,62,28.35,ounce
825,62,62,plum tomato
826,62,1.0,g
827,62,182,"large whole (3"" dia)"
828,62,453.5867,lb
829,62,123,"medium whole (2-3/5"" dia)"
830,62,27,"slice, thick/large (1/2"" thick)"
831,62,164.5067,cup
832,62,28.3507,ounce
833,62,31,wedge (1/4 of medium tomato)
834,62,17,cherry
835,62,180,"cup, chopped or sliced"
836,62,20.6667,slice
837,62,164.52,cup
838,62,164.5,cup
839,63,8.5,tbsp
840,63,100,g
841,63,30,head
842,63,2.8,tsp
843,63,28.3495,wt. oz
844,63,3.0,clove
845,63,136,cup
846,63,9,clove
847,64,0.64,dash
848,64,15.13,tbsp
849,64,5.1,teaspoon
850,64,30.8,ounce
851,64,100,g
852,64,5.105,teaspoon
853,64,30.8,fl oz
854,64,44,lime yield
855,64,5.1067,teaspoon
856,64,242.0,cup
857,64,15.3067,tablespoon
858,64,5.04,tsp
859,64,15.31,tablespoon
860,65,228.0,cup
861,65,114,oz
862,65,1.0,g
863,65,100,g
864,65,453.6,lb
865,66,56.8,cup
866,66,4.3,"tbsp, ground"
867,66,1,"tsp, leave"
868,66,1.1667,teaspoon
869,66,100,g
870,66,2.7,"tbsp, leave"
871,66,1.2,teaspoon
872,66,1.18,teaspoon
873,66,1.185,teaspoon
874,66,28.3495,wt. oz
875,66,3.552,tablespoon
876,66,3.55,tablespoon
877,66,1.4,"tsp, ground"
878,67,2.076,teaspoon
879,67,2.0733,teaspoon
880,67,2.3,"tsp, ground"
881,67,2.07,teaspoon
882,67,2.08,teaspoon
883,67,2.0833,teaspoon
884,67,100,g
885,67,6.9,"tbsp, ground"
886,67,28.3495,wt. oz
887,67,6.22,tablespoon
888,67,2.072,teaspoon
889,67,0.13,pinch
890,67,2.9,"tsp, whole"
891,67,0.1,dash
892,67,2.075,teaspoon
893,68,28.3497,ounce
894,68,240.0,cup
895,68,100,g
896,68,960,container 32 oz
897,68,28.3495,wt. oz
898,68,5,tsp
899,68,28.35,ounce
900,68,15,tbsp
901,68,435,can 14.5 oz
902,69,745.6,bottle
903,69,29.4,fl oz
904,69,4.9,teaspoon
905,69,100,g
906,69,14.7,tbsp
907,69,14.7,tablespoon
908,69,147,serving (5 fl oz)
909,69,235.2,cup
910,69,4.9,tsp
911,69,147,glas
912,70,6.88,tbsp
913,70,85,nlea serving
914,70,100,g
915,70,10,medium
916,70,28.3495,wt. oz
917,70,2.29,tsp
918,70,15,large
919,70,110.0,cup
920,70,100,baby carrot
921,71,17.58,pearl onion
922,71,100,g
923,71,13.55,tbsp
924,71,4.52,tsp
925,71,28.3495,wt. oz
926,71,216.8,cup
927,72,63,"cup, whole"
928,72,100,g
929,72,34,pea pod
930,72,98,"cup, chopped"
931,72,28.3495,wt. oz
932,72,28.35,ounce
933,73,244,cup
934,73,15.25,tablespoon
935,73,15.2533,tablespoon
936,73,48,lemon yield
937,73,100,g
938,73,5.08,teaspoon
939,73,30.5,ounce
940,73,5.0825,teaspoon
941,73,30.5,fl oz
942,73,5.9,wedge yield
943,73,5.08,tsp
944,73,15.25,tbsp
945,73,5.085,teaspoon
946,74,4.5,teaspoon
947,74,100,g
948,74,28.3495,wt. oz
949,74,28.35,ounce
950,74,13.5,tablespoon
951,74,216,cup
952,74,4.5,tsp
953,74,6.75,tablespoon
954,75,425.25,can (15 oz)
955,75,240,cup
956,75,100,g
957,75,28.3495,wt. oz
958,75,5,tsp
959,75,28.35,ounce
960,75,15,tbsp
961,76,118,"ear large (7-3/4"" to 9"" long)"
962,76,8,baby ear
963,76,149,cup cut
964,76,3.02,tsp
965,76,100,g
966,76,102,"ear, medium (6-3/4"" to 7-1/2"" long) yield"
967,76,149.0,cup
968,76,89,"ear small (5-1/2"" to 6-1/2"" long)"
969,76,103,"ear medium (6-3/4"" to 7-1/2"" long)"
970,76,28.3495,wt. oz
971,76,9.06,tbsp
972,76,73,"ear, small (5-1/2"" to 6-1/2"" long)"
973,76,145.0,cup
974,76,143,"ear, large (7-3/4"" to 9"" long) yield"
975,77,91,"small whole (2-2/5"" dia)"
976,77,20,"slice, medium (1/4"" thick)"
977,77,149,cup cherry tomatoe
978,77,182,"large whole (3"" dia)"
979,77,100,g
980,77,123,"medium whole (2-3/5"" dia)"
981,77,27,"slice, thick/large (1/2"" thick)"
982,77,62,italian tomato
983,77,148,nlea serving
984,77,28.3495,wt. oz
985,77,31,wedge (1/4 of medium tomato)
986,77,164.5,cup
987,77,17,cherry
988,77,180,"cup, chopped or sliced"
989,77,15,"slice, thin/small"
990,77,62.0,plum tomato
991,78,6,tbsp chopped
992,78,6.13,tablespoon
993,78,100,g
994,78,28.3495,wt. oz
995,78,15.0,"medium (4-1/8"" long)"
996,78,25,large
997,78,100,"cup, chopped"
998,78,100.0,cup
999,78,5,"small (3"" long)"
1000,79,3.775,tablespoon
1001,79,10,sprig
1002,79,60.0,cup
1003,79,100,g
1004,79,28.3495,wt. oz
1005,79,3.7733,tablespoon
1006,79,3.8,tbsp
1007,79,60.8,cup
1008,79,1.27,tsp
1009,79,60,cup chopped
1010,79,3.77,tablespoon
1011,80,5.3,tbsp
1012,80,1.7867,teaspoon
1013,80,1.75,teaspoon
1014,80,5.35,tablespoon
1015,80,100,g
1016,80,86.4,cup
1017,80,28.3495,wt. oz
1018,80,1.8,tsp
1019,80,0.11,pinch
1020,80,1.8,teaspoon
1021,80,1.78,teaspoon
1022,81,163,"head (5"" dia)"
1023,81,55,"cup, shredded or chopped"
1024,81,5,leaf
1025,81,100,g
1026,81,28.3495,wt. oz
1027,81,15.0,large
1028,81,7.5,"leaf, medium"
1029,81,15,"leaf, large"
1030,82,28.35,oz
1031,82,100,g
1032,82,227,"cup, firmly packed"
1033,82,28.3514,ounce
1034,83,17,tbsp
1035,83,240.0,cup
1036,83,100,g
1037,83,5.67,tsp
1038,83,28.3495,wt. oz
1039,83,9,packet
1040,83,5.3333,teaspoon
1041,83,28.35,ounce
1042,83,16.0,tablespoon
1043,84,14.9,tbsp
1044,84,100,g
1045,84,14.95,tablespoon
1046,84,239.0,cup
1047,84,28.3495,wt. oz
1048,84,5,tsp
1049,84,4.98,teaspoon
1050,84,956.53,quart
1051,84,14.945,tablespoon
1052,85,182.52,cup
1053,85,182.5,cup
1054,85,182.504,cup
1055,85,11.0433,tablespoon
1056,85,11.04,tablespoon
1057,85,220,cup packed
1058,85,11.045,tablespoon
1059,85,100,g
1060,85,182.5152,cup
1061,85,28.3495,wt. oz
1062,85,11.042,tablespoon
1063,85,4.6,tsp packed
1064,85,453.59,lb
1065,85,28.35,ounce
1066,85,3.2,tsp brownulated
1067,85,145,cup unpacked
1068,85,3,tsp unpacked
1069,85,11.0425,tablespoon
1070,85,182.5067,cup
1071,86,8.5,tbsp
1072,86,100,g
1073,86,30,head
1074,86,2.8,tsp
1075,86,28.3495,wt. oz
1076,86,3.0,clove
1077,86,136,cup
1078,86,9,clove
1079,87,21.06,tbsp
1080,87,20,serving 1 tbsp
1081,87,337,cup
1082,87,21.06,tablespoon
1083,87,7.02,teaspoon
1084,87,21.065,tablespoon
1085,87,100,g
1086,87,28.3495,wt. oz
1087,87,7.02,tsp
1088,87,21.0633,tablespoon
1089,88,1.156,ml
1090,88,17.1,tablespoon
1091,88,17.095,tablespoon
1092,88,17,tbsp
1093,88,100,g
1094,88,275,cup
1095,88,5.67,tsp
1096,88,5.696,teaspoon
1097,88,5.68,teaspoon
1098,88,0.71,dashe
1099,88,28.3495,wt. oz
1100,88,0.71,dash
1101,88,17.09,tablespoon
1102,88,5.7,teaspoon
1103,88,17.0933,tablespoon
1104,88,5.6967,teaspoon
1105,89,2.0514,teaspoon
1106,89,6.1533,tablespoon
1107,89,2.0533,teaspoon
1108,89,2.04,teaspoon
1109,89,2.06,teaspoon
1110,89,100,g
1111,89,0.26,dash
1112,89,28.3495,wt. oz
1113,89,98.4,cup
1114,89,98.3939,cup
1115,89,6,"tbsp, whole"
1116,89,2.0511,teaspoon
1117,89,2.052,teaspoon
1118,89,6.15,tablespoon
1119,89,2.1,"tsp, whole"
1120,89,2.0833,teaspoon
1121,89,2.05,teaspoon
1122,90,8,tbsp
1123,90,8.05,tablespoon
1124,90,2.685,teaspoon
1125,90,100,g
1126,90,8.0533,tablespoon
1127,90,128.8,cup
1128,90,2.6833,teaspoon
1129,90,2.7,tsp
1130,90,28.3495,wt. oz
1131,90,2.6667,teaspoon
1132,90,129.6,cup
1133,90,2.68,teaspoon
1134,90,8.06,tablespoon
1135,90,0.17,pinch
1136,90,2.697,teaspoon
1137,90,2.6867,teaspoon
1138,91,422.0,pint
1139,91,13.19,tablespoon
1140,91,1.0,g
1141,91,4.4,teaspoon
1142,91,100,g
1143,91,230.0,cup
1144,91,4,tsp
1145,91,28.3495,wt. oz
1146,91,28.35,ounce
1147,91,13.1867,tablespoon
1148,91,12,tbsp
1149,92,28.35,oz (19 halves)
1150,92,1.0,g
1151,92,100,g
1152,92,1.49,nut
1153,92,104.0,cup
1154,92,28.3495,wt. oz
1155,92,453.6,lb
1156,92,453.59,lb
1157,92,28.35,ounce
1158,92,99,"cup, halve"
1159,92,6.5,tablespoon
1160,92,109,"cup, chopped"
1161,93,120,cup unsifted
1162,93,453.5925,lb
1163,93,1.0,g
1164,93,100,g
1165,93,100,cup sifted
1166,93,7.5,tbsp
1167,93,2.5,tsp
1168,93,7.31,tablespoon
1169,93,28.3495,wt. oz
1170,93,2.44,teaspoon
1171,93,453.59,lb
1172,93,28.35,ounce
1173,93,120,cup
1174,93,110.0,cup
1175,93,8,tbsp unsifted
1176,94,28.3497,ounce
1177,94,3.02,tsp
1178,94,100,g
1179,94,102,"ear, medium (6-3/4"" to 7-1/2"" long) yield"
1180,94,28.3493,ounce
1181,94,28.3507,ounce
1182,94,9.06,tbsp
1183,94,28.3495,wt. oz
1184,94,580.0,quart
1185,94,28.35,ounce
1186,94,106.0,ear
1187,94,73,"ear, small (5-1/2"" to 6-1/2"" long)"
1188,94,145,cup
1189,94,102.0,"ear, medium  yield"
1190,94,143,"ear, large (7-3/4"" to 9"" long) yield"
1191,95,7.2,packet
1192,95,192,cup
1193,95,4.0,teaspoon
1194,95,100,g
1195,95,12,tbsp
1196,95,28.3495,wt. oz
1197,95,28.35,ounce
1198,95,4,tsp
1199,95,12.0,tablespoon
1200,95,28.36,ounce
1201,96,7.2,packet
1202,96,192,cup
1203,96,4.0,teaspoon
1204,96,100,g
1205,96,12,tbsp
1206,96,28.3495,wt. oz
1207,96,28.35,ounce
1208,96,4,tsp
1209,96,12.0,tablespoon
1210,97,100,g
1211,97,7.5,tbsp
1212,97,2.5,tsp
1213,97,28.3495,wt. oz
1214,97,120.0,cup
1215,98,1.0,g
1216,98,145,cup unpacked
1217,98,182.5,cup
1218,98,182.52,cup
1219,98,100,g
1220,98,182.5152,cup
1221,98,3,tsp unpacked
1222,98,28.3495,wt. oz
1223,98,11.0433,tablespoon
1224,98,28.35,ounce
1225,98,11.04,tablespoon
1226,98,4.6,tsp packed
1227,98,220,cup packed
1228,98,11.045,tablespoon
1229,98,3.2,tsp brownulated
1230,98,182.5067,cup
1231,99,100,g
1232,99,7.5,tbsp
1233,99,7.5,tablespoon
1234,99,2.5,tsp
1235,99,28.35,oz
1236,99,28.3495,wt. oz
1237,99,120.0,cup
1238,100,100.8,cup
1239,100,100,g
1240,100,2.17,teaspoon
1241,100,28.3495,wt. oz
1242,100,6.7,tbsp
1243,100,2.16,teaspoon
1244,100,6.5,tablespoon
1245,100,2.1,tsp
1246,101,5,tbsp
1247,101,5.0,tablespoon
1248,101,1.6667,teaspoon
1249,101,100,g
1250,101,1.67,tsp
1251,101,1.665,teaspoon
1252,101,28.3495,wt. oz
1253,101,453.6,lb
1254,101,1.67,teaspoon
1255,101,80.0,cup
1256,102,182,cup large chip
1257,102,42,cup
1258,102,174.3333,cup
1259,102,174.33,cup
1260,102,3.5,tsp
1261,102,10.895,tablespoon
1262,102,100,g
1263,102,173,cup mini chip
1264,102,174.34,cup
1265,102,174.335,cup
1266,102,28.35,oz (approx 60 pcs)
1267,102,10.5,tbsp
1268,102,28.3495,wt. oz
1269,102,28.35,ounce
1270,102,174.32,cup
1271,102,168,cup chips (6 oz package)
1272,102,14.5,serving
1273,103,74,small
1274,103,164.0,large
1275,103,120.5075,cup
1276,103,149.0,"cup, chopped"
1277,103,92,"cup, sliced"
1278,103,8.12,tablespoon
1279,103,119,"medium (approx 2-3/4"" long, 2-1/2"" dia)"
1280,103,10,"ring (3"" dia, 1/4"" thick)"
1281,103,2.7,strip
1282,103,100,g
1283,103,27,strip
1284,103,28.3495,wt. oz
1285,103,9.3,tbsp
1286,103,120.5,cup
1287,103,120.5152,cup
1288,103,148.8,cup
1289,103,164,"large (2-1/4 per lb, approx 3-3/4"" long, 3"" dia)"
1290,103,119.0,medium
1291,103,3.1,tsp
1292,103,120.52,cup
1293,104,14.9,tbsp
1294,104,100,g
1295,104,14.95,tablespoon
1296,104,239,cup
1297,104,28.3495,wt. oz
1298,104,5,tsp
1299,104,4.98,teaspoon
1300,104,1.0107,ml
1301,104,956.53,quart
1302,104,14.945,tablespoon
1303,105,28.3495,wt. oz
1304,105,100,g
1305,105,45.0,pepper
1306,105,75,"cup, chopped or diced"
1307,106,17.0,large
1308,106,15.19,tbsp
1309,106,13,small
1310,106,19,extra large
1311,106,100,g
1312,106,243,cup
1313,106,5.06,tsp
1314,106,28.3495,wt. oz
1315,106,21,jumbo
1316,106,15,medium
1317,107,5,"pat (1"" sq, 1/3"" high)"
1318,107,4.73,tsp
1319,107,14.194,tablespoon
1320,107,227.0,cup
1321,107,100,g
1322,107,28.3495,wt. oz
1323,107,14.1925,tablespoon
1324,107,4.73,teaspoon
1325,107,14.1933,tablespoon
1326,107,453.59,lb
1327,107,28.35,ounce
1328,107,14.1938,tablespoon
1329,107,14.19,tablespoon
1330,107,113,stick
1331,107,14.195,tablespoon
1332,107,4.7325,teaspoon
1333,107,1.0,g
1334,107,453.5867,lb
1335,107,14.2,tbsp
1336,107,453.6,lb
1337,107,4.7333,teaspoon
1338,108,150.0,"cup, diced"
1339,108,369,"potato large (3"" to 4-1/4"" dia)"
1340,108,213.0,medium
1341,108,170,"potato small (1-3/4"" to 2-1/4"" dia)"
1342,108,100,g
1343,108,150.0,cup
1344,108,75,"cup, diced"
1345,108,213,"potato medium (2-1/4"" to 3-1/4"" dia)"
1346,108,28.3495,wt. oz
1347,108,453.59,lb
1348,109,238,"cup, fluid (yields 2 cups whipped)"
1349,109,240,cup
1350,109,100,g
1351,109,120,"cup, whipped"
1352,109,14.92,tablespoon
1353,109,29.8,ounce
1354,109,5,tsp
1355,109,477.4,pint
1356,109,15,tbsp
1357,109,29.8,fl oz
1358,109,238.0,cup
1359,110,11.5,slice
1360,110,28,slice raw
1361,110,226.8,cup
1362,110,14.175,tablespoon
1363,110,100,g
1364,110,28.3495,wt. oz
1365,110,28.0,slice
1366,110,34.5,slice
1367,110,34.5,side
1368,110,80,cup
1369,110,1.67,tsp
1370,110,11.5,strip
1371,110,453.59,lb
1372,110,28.35,ounce
1373,110,226.7879,cup
1374,110,11.5,piece
1375,110,5,tbsp
1376,110,453.6,lb
1377,110,442,package
1378,111,0.68,teaspoon
1379,111,0.6667,teaspoon
1380,111,0.6833,teaspoon
1381,111,100,g
1382,111,0.7,tsp
1383,111,33.6,cup
1384,111,2.0467,tablespoon
1385,111,28.3495,wt. oz
1386,111,2,tbsp
1387,112,7.1,"tbsp, ground"
1388,112,2.38,teaspoon
1389,112,0.3,dash
1390,112,100,g
1391,112,7.15,tablespoon
1392,112,2.4,"tsp, ground"
1393,112,2.3867,teaspoon
1394,112,2.4,teaspoon
1395,112,28.3495,wt. oz
1396,112,114.4,cup
1397,112,0.15,pinch
1398,112,2.4167,teaspoon
1399,112,2.385,teaspoon
1400,113,5.5,tbsp
1401,113,1.83,tsp
1402,113,100,g
1403,113,28.3495,wt. oz
1404,113,88,cup
1405,113,19,sprout
1406,113,453.59,lb
1407,114,244,cup
1408,114,15.15,tablespoon
1409,114,5.0533,teaspoon
1410,114,5.05,teaspoon
1411,114,30.5013,ounce
1412,114,15.1533,tablespoon
1413,114,1.0246,ml
1414,114,5.04,teaspoon
1415,114,100,g
1416,114,30.5,ounce
1417,114,5.0,tsp
1418,114,5.0467,teaspoon
1419,114,30.5,fl oz
1420,114,5.0448,teaspoon
1421,114,15,tbsp
1422,115,2.8,serving packet
1423,115,1.0,g
1424,115,100,g
1425,115,28.3495,wt. oz
1426,115,2.3,serving 1 cube
1427,115,28.36,ounce
1428,115,28.35,ounce
1429,115,200,cup
1430,115,4.2,tsp
1431,115,4.18,teaspoon
1432,115,12.55,tablespoon
1433,115,12.6,tbsp
1434,116,16,"link, little (2"" long x 3/4"" dia)"
1435,116,68,"link (4"" long x 1-1/8"" dia)"
1436,116,100,g
1437,116,56.7,oz
1438,116,453.6,lb
1439,116,453.59,lb
1440,116,453.5933,lb
1441,117,112.0,cup
1442,117,28,cup
1443,117,100,g
1444,117,28,cup shredded
1445,117,7,tbsp
1446,117,28.3495,wt. oz
1447,117,2.33,tsp
1448,118,72,10-inch
1449,118,49.0,"tortilla (approx 7-8"" dia)"
1450,118,100,g
1451,118,28.35,oz
1452,118,72,"tortilla (approx 10"" dia)"
1453,118,117,"tortilla (approx 12"" dia)"
1454,118,117,12-inch
1455,118,32,"tortilla, medium (approx 6"" dia)"
1456,118,49,8 inch
1457,118,32,6-inch
1458,119,1.29,almond
1459,119,138,cup whole kernel
1460,119,138.0,cup
1461,119,2.88,teaspoon
1462,119,100,g
1463,119,8.63,tablespoon
1464,119,28.3495,wt. oz
1465,119,453.6,lb
1466,119,453.59,lb
1467,119,28.35,ounce
1468,119,28.35,oz (22 whole kernels)
1469,120,3.96,tsp
1470,120,195.0,cup
1471,120,100,g
1472,120,11.88,tbsp
1473,120,28.35,oz
1474,120,28.3495,wt. oz
1475,120,4.06,tsp
1476,120,97.5,cup
1477,120,190.0,cup
1478,120,12.19,tbsp
1479,121,1.8,"tsp, ground"
1480,121,1,"tsp, leave"
1481,121,1.4167,teaspoon
1482,121,100,g
1483,121,4.2,tablespoon
1484,121,28.3495,wt. oz
1485,121,1.4,teaspoon
1486,121,0.09,pinch
1487,122,0.5867,teaspoon
1488,122,28.8,cup
1489,122,0.6,tsp
1490,122,100,g
1491,122,1.75,tablespoon
1492,122,1.7,tbsp
1493,122,0.58,teaspoon
1494,122,28.3495,wt. oz
1495,122,0.6,teaspoon
1496,122,0.5833,teaspoon
1497,123,4.4,tbsp
1498,123,100,g
1499,123,1.4,tsp
1500,123,28.3495,wt. oz
1501,123,67.2,cup
1502,123,1.44,teaspoon
1503,124,63,"cup, whole"
1504,124,100,g
1505,124,34,pea pod
1506,124,98,"cup, chopped"
1507,124,28.3495,wt. oz
1508,124,453.59,lb
1509,124,80.5,cup
1510,125,44,"cup, chopped or diced"
1511,125,31,"spear (about 5"" long)"
1512,125,1.0,g
1513,125,91,cup chopped
1514,125,89.5,cup
1515,125,100,g
1516,125,148,nlea serving
1517,125,151,stalk
1518,125,28.3495,wt. oz
1519,125,608,bunch
1520,125,608,head
1521,125,453.59,lb
1522,125,28.35,ounce
1523,125,10,floret
1524,126,4.42,teaspoon
1525,126,84,"fruit (2-3/8"" dia)"
1526,126,7.0,slice
1527,126,212,"cup, section"
1528,126,58,"fruit (2-1/8"" dia)"
1529,126,100,g
1530,126,4.415,teaspoon
1531,126,58,nlea serving
1532,126,28.3495,wt. oz
1533,126,13.25,tablespoon
1534,126,7,"wedge or slice (1/8 of one 2-1/8"" dia lemon)"
1535,126,13.2533,tablespoon
1536,127,28.3533,ounce
1537,127,5.3125,tablespoon
1538,127,5.315,tablespoon
1539,127,100,g
1540,127,1.77,teaspoon
1541,127,85.0,cup
1542,127,28.35,oz
1543,127,453.6,lb
1544,127,28.35,ounce
1545,127,5.31,tbsp
1546,127,1.77,tsp
1547,127,28.3514,ounce
1548,127,5.31,tablespoon
1549,128,135,"cup, crumbled, not packed"
1550,128,100,g
1551,128,28.35,oz
1552,128,8.44,tablespoon
1553,128,453.6,lb
1554,128,28.35,ounce
1555,128,17,cubic inch
1556,128,135.0,cup
1557,129,15.08,tablespoon
1558,129,100,g
1559,129,30.2,ounce
1560,129,482.6,pint
1561,129,242,cup
1562,129,30.2,fl oz
1563,129,5.03,tsp
1564,129,15,tbsp
1565,129,15,"container, individual (.5 fl oz)"
1566,130,0.688,teaspoon
1567,130,0.68,teaspoon
1568,130,39.69,bunch
1569,130,0.69,teaspoon
1570,130,5.3,"tbsp, chopped"
1571,130,100,g
1572,130,24.0,cup
1573,130,2.08,tablespoon
1574,130,28.3495,wt. oz
1575,130,6,"cup leaves, whole"
1576,130,0.5,leaf
1577,130,0.7,teaspoon
1578,130,2.5,leave
1579,131,100,g
1580,131,21.6567,tablespoon
1581,131,28.3495,wt. oz
1582,131,22,tbsp
1583,131,341.0,cup
1584,131,7.1,tsp
1585,132,68,berrie
1586,132,100,g
1587,132,28.35,oz
1588,132,1.36,berry
1589,132,3.08,tsp
1590,132,9.25,tbsp
1591,132,74,cup
1592,132,148.0,cup
1593,133,2.06,teaspoon
1594,133,100,g
1595,133,2.0489,teaspoon
1596,133,28.3495,wt. oz
1597,133,6,"tbsp, whole"
1598,133,6.15,tablespoon
1599,133,2.1,"tsp, whole"
1600,133,2.05,teaspoon
1601,134,1.965,teaspoon
1602,134,1.9667,teaspoon
1603,134,100,g
1604,134,2,"tsp, whole"
1605,134,28.3495,wt. oz
1606,134,5.8,"tbsp, whole"
1607,134,1.9675,teaspoon
1608,135,100,g
1609,135,1.47,serving
1610,135,7.8,tbsp
1611,135,2.6,teaspoon
1612,135,28.3495,wt. oz
1613,135,7.8,tablespoon
1614,135,124.8,cup
1615,135,2.6,tsp
1616,136,20,tsp
1617,136,60.0,tablespoon
1618,136,960,cup
1619,136,100,g
1620,136,28.3495,wt. oz
1621,136,60,tbsp
1622,137,5.3,tbsp
1623,137,1.784,teaspoon
1624,137,1.75,teaspoon
1625,137,0.22,dash
1626,137,1.785,teaspoon
1627,137,85.6061,cup
1628,137,100,g
1629,137,86.4,cup
1630,137,28.3495,wt. oz
1631,137,1.8,tsp
1632,137,0.11,pinch
1633,137,1.8,teaspoon
1634,137,1.78,teaspoon
1635,138,100,g
1636,138,0.2,pinch
1637,138,28.3495,wt. oz
1638,138,3.13,tsp
1639,138,9.39,tbsp
1640,138,150.24,cup
1641,139,5.2,tbsp
1642,139,1.765,teaspoon
1643,139,5.3,tablespoon
1644,139,1.75,teaspoon
1645,139,100,g
1646,139,86.4,cup
1647,139,1.77,teaspoon
1648,139,28.3495,wt. oz
1649,139,1.8,tsp
1650,139,1.76,teaspoon
1651,139,1.7667,teaspoon
1652,140,2.2767,teaspoon
1653,140,6.83,tablespoon
1654,140,0.14,pinch
1655,140,8,inch
1656,140,2.2775,teaspoon
1657,140,96,cup
1658,140,100,g
1659,140,2,tsp
1660,140,28.3495,wt. oz
1661,140,6,tbsp
1662,140,12.0,piece
1663,140,6.835,tablespoon
1664,140,24,"cup slices (1"" dia)"
1665,140,2.25,teaspoon
1666,140,11,"slices (1"" dia)"
1667,140,2.28,teaspoon
1668,140,8.5,"tbsp, chopped"
1669,140,2.2782,teaspoon
1670,140,8,1-inch piece
1671,140,16,2-inch piece
1672,141,1000.0,kg
1673,141,4,strip medium
1674,141,39.5,large
1675,141,100,g
1676,141,72,"large (7-1/4"" to 8-/1/2"" long)"
1677,141,122,cup strips or slice
1678,141,110,cup grated
1679,141,61,medium
1680,141,50,"small (5-1/2"" long)"
1681,141,3,slice
1682,141,28.3495,wt. oz
1683,141,453.59,lb
1684,141,3.0,piece
1685,141,128,cup chopped
1686,141,120.0,cup
1687,141,50.0,small
1688,141,453.6,lb
1689,141,7,"strip large (3"" long)"
1690,142,227,container (8 oz)
1691,142,142,container (5 oz)
1692,142,245,cup (8 fl oz)
1693,142,100,g
1694,142,125,container (4.4 oz)
1695,142,28.3495,wt. oz
1696,142,14.1767,tablespoon
1697,142,170,container (6 oz)
1698,142,28.35,ounce
1699,142,226.8,cup
1700,142,14.18,tablespoon
1701,142,226.7879,cup
1702,142,113,container (4 oz)
1703,143,218,cup
1704,143,14,tbsp
1705,143,13.71,tablespoon
1706,143,100,g
1707,143,13.7075,tablespoon
1708,143,28.3495,wt. oz
1709,143,4.57,teaspoon
1710,143,4.5,tsp
1711,144,14,packet (0.5 oz)
1712,144,100,g
1713,144,7.0325,teaspoon
1714,144,21.09,tablespoon
1715,144,339,cup
1716,144,28.35,oz
1717,144,28.3495,wt. oz
1718,144,1.4265,ml
1719,144,21.0933,tablespoon
1720,144,7.04,teaspoon
1721,144,7.03,teaspoon
1722,144,7.06,tsp
1723,144,1.4267,ml
1724,144,21.1,tablespoon
1725,144,21.095,tablespoon
1726,144,21,tbsp
1727,145,68,berrie
1728,145,100,g
1729,145,28.35,oz
1730,145,1.36,berry
1731,145,3.08,tsp
1732,145,9.25,tbsp
1733,145,74,cup
1734,145,148.0,cup
1735,146,96,cup
1736,146,100,g
1737,146,2,tsp
1738,146,28.3495,wt. oz
1739,146,6,tbsp
1740,146,6.0,tablespoon
1741,146,2.0,teaspoon
1742,147,453.5867,lb
1743,147,205.0,cup
1744,147,100,g
1745,147,4.27,tsp
1746,147,28.3495,wt. oz
1747,147,12.8,tablespoon
1748,148,109.0,cup
1749,148,453.5925,lb
1750,148,100,g
1751,148,206,large
1752,148,109.0,"cup, sliced"
1753,148,144,small
1754,148,28.3495,wt. oz
1755,148,453.592,lb
1756,148,167,medium
1757,149,42,shot
1758,149,3.63,teaspoon
1759,149,27.8,glas
1760,149,27.8,ounce
1761,149,10.8833,tablespoon
1762,149,174.16,cup
1763,149,100,g
1764,149,4.63,tsp
1765,149,10.885,tablespoon
1766,149,13.9,tbsp
1767,149,174.1515,cup
1768,149,27.8,fl oz
1769,149,42,jigger (1.5 fl oz)
1770,149,174.15,cup
1771,149,10.88,tablespoon
1772,149,222.4,cup
1773,150,7.5,tbsp
1774,150,100,g
1775,150,7.5,tablespoon
1776,150,2.5,tsp
1777,150,28.35,oz
1778,150,28.3495,wt. oz
1779,150,0.5072,ml
1780,150,120.0,cup
1781,151,16.38,tbsp
1782,151,425,can (15 oz)
1783,151,100,g
1784,151,5.46,tsp
1785,151,262,cup
1786,151,28.3495,wt. oz
1787,151,28.35,ounce
1788,152,0.4,tsp
1789,152,1,sprig
1790,152,38.4,cup
1791,152,100,g
1792,152,0.8,teaspoon
1793,152,2.4,tbsp
1794,152,28.3495,wt. oz
1795,152,0.05,pinch
1796,152,2.4,tablespoon
1797,152,0.8,tsp
1798,152,0.8333,teaspoon
1799,153,85,oz
1800,153,114,oz
1801,153,100,g
1802,153,63,chop
1803,153,28.5,oz
1804,154,28.3333,oz
1805,154,85,oz
1806,154,199,"chop without refuse (yield from 1 raw chop, with refuse, weighing 259g)"
1807,154,100,g
1808,155,30,tbsp
1809,155,1.0,g
1810,155,240,cup
1811,155,100,g
1812,155,28.3495,wt. oz
1813,155,5,tsp
1814,155,28.35,ounce
1815,155,13.75,tablespoon
1816,155,10,"tbsp, whipped"
1817,155,15,tbsp
1818,156,19.8467,tablespoon
1819,156,323.52,cup
1820,156,19.84,tablespoon
1821,156,20,tbsp
1822,156,19.8433,tablespoon
1823,156,323.4848,cup
1824,156,323.5067,cup
1825,156,100,g
1826,156,323.5,cup
1827,156,28.3495,wt. oz
1828,156,19.845,tablespoon
1829,156,323.4962,cup
1830,156,6.67,tsp
1831,156,315,cup
1832,156,83,serving 1/4 cup
1833,157,3.48,tsp
1834,157,167.0,cup
1835,157,100,g
1836,157,10.5,tbsp
1837,157,28.3495,wt. oz
1838,158,100,g
1839,158,90,"cup, sliced"
1840,158,28.3495,wt. oz
1841,158,14.0,pepper
1842,158,90.0,cup
1843,159,0.6,"tsp, crumbled"
1844,159,0.2,leaf
1845,159,1.8,"tbsp, crumbled"
1846,159,100,g
1847,159,28.3495,wt. oz
1848,159,0.6,teaspoon
1849,160,9.88,tbsp
1850,160,100,g
1851,160,185.0,cup
1852,160,3.29,tsp
1853,160,28.3495,wt. oz
1854,160,3.85,tsp
1855,160,11.56,tbsp
1856,160,158.0,cup
1857,161,28.3503,ounce
1858,161,4.58,tsp
1859,161,100,g
1860,161,928,carton 32 oz
1861,161,220.0,cup
1862,161,13.75,tbsp
1863,161,28.3495,wt. oz
1864,162,1.96,teaspoon
1865,162,0.24,dash
1866,162,1.9167,teaspoon
1867,162,91.2,cup
1868,162,0.12,pinch
1869,162,5.85,tablespoon
1870,162,100,g
1871,162,1.9,tsp
1872,162,1.95,teaspoon
1873,162,28.3495,wt. oz
1874,162,6,tbsp
1875,162,1.9474,teaspoon
1876,162,1.94,teaspoon
1877,162,93.6,cup
1878,163,8.75,tbsp
1879,163,2.92,tsp
1880,163,100,g
1881,163,140,cup
1882,163,28.35,oz
1883,163,453.59,lb
1884,163,28.35,ounce
1885,163,28.5,oz
1886,163,28.5,ounce
1887,164,8.5,tbsp
1888,164,100,g
1889,164,30,head
1890,164,2.8,tsp
1891,164,28.3495,wt. oz
1892,164,3.0,clove
1893,164,136,cup
1894,164,9,clove
1895,165,1,sprig
1896,165,8.92,cup
1897,165,0.555,tablespoon
1898,165,100,g
1899,165,0.1867,teaspoon
1900,165,28.3495,wt. oz
1901,165,0.185,teaspoon
1902,165,0.5567,tablespoon
1903,165,8.9,cup sprig
1904,165,0.2,sprig
1905,166,48.0,cup
1906,166,3,tbsp chopped
1907,166,1.0,teaspoon
1908,166,1,tsp chopped
1909,166,100,g
1910,166,28.3495,wt. oz
1911,166,3.0,tablespoon
1912,167,24,"spear, extra large (8-3/4"" to 10"" long)"
1913,167,3.5,"spear tip (2"" long or less)"
1914,167,1.0,g
1915,167,20,"spear, large (7-1/4"" to 8-1/2"")"
1916,167,8.38,tbsp
1917,167,453.5867,lb
1918,167,134,cup
1919,167,100,g
1920,167,28.3495,wt. oz
1921,167,16,"spear, medium (5-1/4"" to 7"" long)"
1922,167,12,"spear, small (5"" long or less)"
1923,167,2.79,tsp
1924,167,453.59,lb
1925,167,28.35,ounce
1926,168,85,oz
1927,168,226.6716,cup
1928,168,100,g
1929,168,28.35,oz
1930,168,453.59,lb
1931,168,28.3417,ounce
1932,169,227,container (8 oz)
1933,169,245,cup (8 fl oz)
1934,169,100,g
1935,169,113,4oz container
1936,169,28.3495,wt. oz
1937,169,170,container (6 oz)
1938,169,226.8,cup
1939,169,113,container (4 oz)
1940,170,244.0,cup
1941,170,15.25,tablespoon
1942,170,100,g
1943,170,976,quart
1944,170,30.5,fl oz
1945,170,3904.0,gallon
1946,170,5.08,tsp
1947,170,15.25,tbsp
1948,171,15.38,tbsp
1949,171,111,container
1950,171,15.375,tablespoon
1951,171,246.0,cup
1952,171,100,g
1953,171,15.38,tablespoon
1954,171,5.13,teaspoon
1955,171,90,pouch
1956,171,28.3495,wt. oz
1957,171,28.35,ounce
1958,171,5.13,tsp
1959,172,100,g
1960,172,28.3495,wt. oz
1961,172,28.3502,ounce
1962,172,6.83,tsp
1963,172,41,tbsp
1964,172,328.0,cup
1965,173,5.87,tsp
1966,173,17.6,tbsp
1967,173,35.2,ounce
1968,173,100,g
1969,173,281.6,cup
1970,173,35.2,fl oz
1971,173,423,can (12 fl oz)
1972,174,16.38,tbsp
1973,174,213,can (6 fl oz)
1974,174,100,g
1975,174,33.0,ounce
1976,174,5.46,tsp
1977,174,16.46,tablespoon
1978,174,262,cup
1979,174,16.4578,tablespoon
1980,174,5.485,teaspoon
1981,174,33,fl oz
1982,175,244,cup
1983,175,100,g
1984,175,488,can or bottle (16 fl oz)
1985,175,1031.33,liter
1986,175,30.5,ounce
1987,175,1031.325,liter
1988,175,976.0,quart
1989,175,30.5,fl oz
1990,175,366,can or bottle (12 fl oz)
1991,175,5.08,tsp
1992,175,15.25,tbsp
1993,176,29.4,fl oz
1994,176,147,flute
1995,176,747,bottle
1996,176,869.865,liter
1997,176,100,g
1998,176,14.7,tbsp
1999,176,0.8699,ml
2000,176,235.2,cup
2001,176,4.9,tsp
2002,176,29.4,ounce
2003,176,147,glas
2004,177,149.0,small
2005,177,242,nlea serving
2006,177,125,"cup, quartered or chopped"
2007,177,100,g
2008,177,28.35,oz
2009,177,182.0,"medium (3"" dia)"
2010,177,101,"extra small (2-1/2"" dia)"
2011,177,109,cup slice
2012,177,149,"small (2-3/4"" dia)"
2013,177,223,"large (3-1/4"" dia)"
2014,178,7.81,tbsp
2015,178,125.0,cup
2016,178,100,g
2017,178,7.8133,tablespoon
2018,178,28.3495,wt. oz
2019,178,2.6,tsp
2020,179,323.52,cup
2021,179,19.84,tablespoon
2022,179,20,tbsp
2023,179,323.5067,cup
2024,179,19.8433,tablespoon
2025,179,100,g
2026,179,323.5,cup
2027,179,28.3495,wt. oz
2028,179,19.845,tablespoon
2029,179,6.67,tsp
2030,179,315,cup
2031,179,83,serving 1/4 cup
2032,180,23,cookie 1 pre-sliced cookie dough
2033,180,45,"large (4"" diameter)"
2034,180,20,"small (2"" diameter)"
2035,180,15,cookie 1 rolled cookie dough
2036,180,100,g
2037,180,28.35,oz
2038,180,30.0,"medium (3"" diameter)"
2039,181,96,cup
2040,181,100,g
2041,181,2,tsp
2042,181,28.3495,wt. oz
2043,181,6,tbsp
2044,181,6.0,tablespoon
2045,181,2.0,teaspoon
2046,182,29.8,fl oz
2047,182,238,"cup, fluid (yields 2 cups whipped)"
2048,182,1.0,g
2049,182,240,cup
2050,182,100,g
2051,182,120,"cup, whipped"
2052,182,14.92,tablespoon
2053,182,29.8,ounce
2054,182,5,tsp
2055,182,477.4,pint
2056,182,1.0089,ml
2057,182,14.9175,tablespoon
2058,182,15,tbsp
2059,182,238.0,cup
2060,183,28.3503,ounce
2061,183,28.3506,ounce
2062,183,1.0,g
2063,183,84,"slice (3-1/2"" dia x 3/4"" thick)"
2064,183,165.0,cup
2065,183,100,g
2066,183,3.44,teaspoon
2067,183,82.5,"cup, chunk"
2068,183,166,"slice (4-2/3"" dia x 3/4"" thick)"
2069,183,28.35,oz
2070,183,453.59,lb
2071,183,28.35,ounce
2072,183,102.0,slice
2073,183,165,"cup, chunk"
2074,183,56,"slice, thin (3-1/2"" dia x 1/2"" thick)"
2075,183,453.6,lb
2076,183,905,fruit
2077,184,28.3333,oz
2078,184,8.44,tbsp
2079,184,235,unit (yield from 1 lb ready-to-cook chicken)
2080,184,453.592,lb
2081,184,453.5933,lb
2082,184,1509,chicken
2083,184,85,oz
2084,184,1000.0,kg
2085,184,100,g
2086,184,135.0,cup
2087,184,1072,chicken
2088,184,453.5925,lb
2089,184,226.67,cup
2090,184,453.59,lb
2091,184,226.6675,cup
2092,184,2.81,tsp
2093,184,226.665,cup
2094,184,453.6061,lb
2095,184,226.6667,cup
2096,185,6,tbsp chopped
2097,185,100,g
2098,185,6.125,tablespoon
2099,185,28.3495,wt. oz
2100,185,15.0,"medium (4-1/8"" long)"
2101,185,25,large
2102,185,100,"cup, chopped"
2103,185,5,"small (3"" long)"
2104,186,6.1533,tablespoon
2105,186,2.0533,teaspoon
2106,186,96,cup
2107,186,2.04,teaspoon
2108,186,2.06,teaspoon
2109,186,100,g
2110,186,2,tsp
2111,186,2.048,teaspoon
2112,186,28.3495,wt. oz
2113,186,6.3,tbsp
2114,186,6.15,tablespoon
2115,186,2.05,teaspoon
2116,187,2.24,teaspoon
2117,187,100,g
2118,187,108,cup
2119,187,2.25,tsp
2120,187,28.3495,wt. oz
2121,187,6.75,tbsp
2122,187,2.26,teaspoon
2123,187,2.25,teaspoon
2124,188,8.5,tbsp
2125,188,100,g
2126,188,30,head
2127,188,2.8,tsp
2128,188,28.3495,wt. oz
2129,188,3.0,clove
2130,188,136,cup
2131,188,9,clove
2132,189,8,inch
2133,189,11,"slices (1"" dia)"
2134,189,96,cup
2135,189,6.83,tablespoon
2136,189,8,1-inch piece
2137,189,100,g
2138,189,6.8333,tablespoon
2139,189,8.5,"tbsp, chopped"
2140,189,2,tsp
2141,189,28.3495,wt. oz
2142,189,6,tbsp
2143,189,6.835,tablespoon
2144,189,24,"cup slices (1"" dia)"
2145,189,2.28,teaspoon
2146,189,49.1,slice
2147,189,16,2-inch piece
2148,190,4.6,tsp
2149,190,0.15,calorie
2150,190,10,packet
2151,190,13.7733,tablespoon
2152,190,100,g
2153,190,13.8,tbsp
2154,190,220.0,cup
2155,190,4.59,teaspoon
2156,190,881.6,quart
2157,190,28.3495,wt. oz
2158,190,440.8,pint
2159,190,28.35,ounce
2160,190,13.775,tablespoon
2161,190,13.7767,tablespoon
2162,191,100,g
2163,191,28.25,fl oz
2164,191,4.71,tsp
2165,191,226.0,cup
2166,191,395.5,can
2167,191,28.25,ounce
2168,191,15,tbsp
2169,192,85,oz
2170,192,98,fillet
2171,192,8.75,tbsp
2172,192,2.92,tsp
2173,192,52,unit (yield from 1 lb ready-to-cook chicken)
2174,192,926,package
2175,192,5.42,tsp
2176,192,140,"cup, chopped or diced"
2177,192,100,g
2178,192,140.0,cup
2179,192,120,breast
2180,192,16.25,tbsp
2181,192,28.35,oz
2182,192,453.592,lb
2183,192,86,"breast, bone and skin removed"
2184,192,272,piece
2185,192,189.0,breast
2186,192,260,cup
2187,193,126,cup (4 fl oz)
2188,193,100,g
2189,193,28.352,ounce
2190,193,28.3507,ounce
2191,193,28.3495,wt. oz
2192,193,28.3498,ounce
2193,193,28.35,ounce
2194,193,226.8,cup
2195,193,305.0,can
2196,193,305,can (10.75 oz)
2197,194,113,"cup, shredded"
2198,194,122.0,cup
2199,194,7.06,tbsp
2200,194,140,"cup, melted"
2201,194,140,"cup, diced"
2202,194,100,g
2203,194,453.6061,lb
2204,194,453.6,lb
2205,194,453.59,lb
2206,194,28,oz
2207,194,453.5933,lb
2208,194,113,cup
2209,194,2.35,tsp
2210,195,38,cup
2211,195,0.79,tsp
2212,195,100,g
2213,195,2.38,tbsp
2214,195,57,oz
2215,195,28.5,ounce
2216,196,100,g
2217,196,263.65,can (15 oz)
2218,196,298,can (303 x 406)
2219,196,28.3493,ounce
2220,196,10.25,tbsp
2221,196,28.3495,wt. oz
2222,196,28.35,ounce
2223,196,3.42,tsp
2224,196,211,can (12 oz) yield
2225,196,164,cup
2226,197,1.2,tsp
2227,197,14.4,tbsp
2228,197,14.4,tablespoon
2229,197,4.8,teaspoon
2230,197,100,g
2231,197,230.4,cup
2232,197,28.3495,wt. oz
2233,197,4.8,tsp
2234,198,1.26,teaspoon
2235,198,10,sprig
2236,198,3.775,tablespoon
2237,198,60.0,cup
2238,198,100,g
2239,198,1.2567,teaspoon
2240,198,28.3495,wt. oz
2241,198,3.7733,tablespoon
2242,198,1.24,teaspoon
2243,198,3.8,tbsp
2244,198,60.8,cup
2245,198,3.78,tablespoon
2246,198,1.27,tsp
2247,198,60,cup chopped
2248,198,3.77,tablespoon
2249,199,67,cup
2250,199,115.44,serving
2251,199,100,g
2252,199,4.19,tbsp
2253,199,1.4,tsp
2254,199,28.3495,wt. oz
2255,199,28.35,ounce
2256,199,69,piece
2257,200,17,slice
2258,200,17,section
2259,200,184,large
2260,200,165.0,cup
2261,200,100,g
2262,200,96,small
2263,200,28.35,oz
2264,200,165,"cup sections, without membrane"
2265,200,140.0,"fruit (2-7/8"" dia)"
2266,200,154,nlea serving
2267,201,0.2,pod
2268,201,100,g
2269,201,2.17,teaspoon
2270,201,6.7,"tbsp, whole"
2271,201,28.3495,wt. oz
2272,201,6.5,tablespoon
2273,201,2.1,"tsp, whole"
2274,202,100,g
2275,202,28.3495,wt. oz
2276,202,28.35,ounce
2277,202,28.0,piece (1/12 of 12 oz cake)
2278,202,340,"cake (9"" dia x 4"")"
2279,203,56,extra large
2280,203,243,cup (4.86 large eggs)
2281,203,100,g
2282,203,38,small
2283,203,28.3495,wt. oz
2284,203,63,jumbo
2285,203,50.0,large
2286,203,44,medium
2287,204,27.9333,ounce
2288,204,4.585,teaspoon
2289,204,27.9244,ounce
2290,204,100,g
2291,204,4.58,tsp
2292,204,13.75,tbsp
2293,204,110,container refrigerated 4 oz
2294,204,27.9267,ounce
2295,204,220.0,cup
2296,204,28.35,oz
2297,204,27.5,fl oz
2298,204,110,cup
2299,204,97,container shelf stable 3.5 oz
2300,205,8.38,tbsp
2301,205,8.375,tablespoon
2302,205,134.0,cup
2303,205,100,g
2304,205,0.5663,ml
2305,205,28.35,oz
2306,205,8.38,tablespoon
2307,205,2.79,tsp
2308,205,14,"nuts, assorted"
2309,206,5.315,teaspoon
2310,206,0.66,dash
2311,206,15.95,tablespoon
2312,206,100,g
2313,206,5.3133,teaspoon
2314,206,15.946,tablespoon
2315,206,16,tbsp
2316,206,15.945,tablespoon
2317,206,28.3495,wt. oz
2318,206,5.3,tsp
2319,206,5.32,teaspoon
2320,206,28.35,ounce
2321,206,5.3143,teaspoon
2322,206,255,cup
2323,206,8.9,individual packet
2324,206,15.9467,tablespoon
2325,207,4.52,teaspoon
2326,207,218,cup
2327,207,4.525,teaspoon
2328,207,100,g
2329,207,0.918,ml
2330,207,28.3495,wt. oz
2331,207,4.53,teaspoon
2332,207,13.6,tablespoon
2333,207,4.5,tsp
2334,208,38,"slice, large (1/4"" thick)"
2335,208,110,"medium (2-1/2"" dia)"
2336,208,3.02,teaspoon
2337,208,100,g
2338,208,60,ring
2339,208,115,"cup, sliced"
2340,208,14,"slice, medium (1/8"" thick)"
2341,208,70,small
2342,208,28.3495,wt. oz
2343,208,150.0,large
2344,208,27.5,"medium (2-1/2"" dia)"
2345,208,9.0633,tablespoon
2346,208,9,"slice, thin"
2347,208,10,tbsp chopped
2348,208,160,"cup, chopped"
2349,209,85,oz
2350,209,197,unit (yield from 1 lb ready-to-cook chicken)
2351,209,329,"chicken, bone and skin removed"
2352,209,1.0,g
2353,209,100,g
2354,209,453.59,lb
2355,210,6.84,tablespoon
2356,210,2.284,teaspoon
2357,210,109.6,cup
2358,210,2.28,teaspoon
2359,210,100,g
2360,210,0.14,pinch
2361,210,2.3,tsp
2362,210,28.3495,wt. oz
2363,210,2.285,teaspoon
2364,210,109.5833,cup
2365,210,110.4,cup
2366,210,6.8467,tablespoon
2367,210,0.29,dash
2368,210,6.8,tbsp
2369,210,2.2822,teaspoon
2370,210,6.85,tablespoon
2371,210,2.2833,teaspoon
2372,210,2.25,teaspoon
2373,211,263.0,cup
2374,211,16.29,tablespoon
2375,211,66,cup
2376,211,100,g
2377,211,16.2933,tablespoon
2378,211,5.43,teaspoon
2379,211,28.352,ounce
2380,211,16,tbsp
2381,211,262,cup
2382,211,28.3495,wt. oz
2383,211,5.5,tsp
2384,211,28.35,ounce
2385,211,170.0,can
2386,211,170,can (6 oz)
2387,212,747,bottle
2388,212,29.4,fl oz
2389,212,100,g
2390,212,14.7,tbsp
2391,212,0.9941,ml
2392,212,14.7,tablespoon
2393,212,147,serving (5 fl oz)
2394,212,235.2121,cup
2395,212,235.2,cup
2396,212,4.9,tsp
2397,212,29.4,ounce
2398,212,147,glas
2399,213,15.0,tablespoon
2400,213,5.0,teaspoon
2401,213,240,cup
2402,213,100,g
2403,213,1.0144,ml
2404,213,5,tsp
2405,213,30,fl oz
2406,213,15,tbsp
2407,214,14.176,tablespoon
2408,214,14.18,tablespoon
2409,214,227,container (8 oz)
2410,214,1.0,g
2411,214,245,cup (8 fl oz)
2412,214,100,g
2413,214,28.3495,wt. oz
2414,214,14.1767,tablespoon
2415,214,170,container (6 oz)
2416,214,28.35,ounce
2417,214,226.8,cup
2418,214,226.806,cup
2419,214,226.7879,cup
2420,214,113,container (4 oz)
2421,215,1.0,g
2422,215,125,cup
2423,215,7.81,tbsp
2424,215,100,g
2425,215,28.3495,wt. oz
2426,215,28.35,ounce
2427,215,2.6,tsp
2428,216,10,sprig
2429,216,3.775,tablespoon
2430,216,60.0,cup
2431,216,100,g
2432,216,3.776,tablespoon
2433,216,28.3495,wt. oz
2434,216,3.7733,tablespoon
2435,216,3.8,tbsp
2436,216,60.8,cup
2437,216,1.26,teaspoon
2438,216,1.27,tsp
2439,216,60,cup chopped
2440,216,3.77,tablespoon
2441,217,100,g
2442,217,28.3495,wt. oz
2443,217,453.6,lb
2444,217,453.59,lb
2445,217,44,liver
2446,218,27.8,ounce
2447,218,174.16,cup
2448,218,4.63,tsp
2449,218,42,jigger (1.5 fl oz)
2450,218,42,shot
2451,218,10.8833,tablespoon
2452,218,27.8,glas
2453,218,100,g
2454,218,10.885,tablespoon
2455,218,27.8,fl oz
2456,218,174.15,cup
2457,218,3.63,teaspoon
2458,218,13.9,tbsp
2459,218,174.1515,cup
2460,218,10.88,tablespoon
2461,218,222.4,cup
2462,218,348.3,pint
2463,218,3.62,teaspoon
2464,218,10.885,tbsp
2465,219,28.3495,wt. oz
2466,219,100,g
2467,219,44.0,liver
2468,219,453.5925,lb
2469,220,99.6,cup
2470,220,2.3,"tsp, ground"
2471,220,2.07,teaspoon
2472,220,2.08,teaspoon
2473,220,100,g
2474,220,2.0789,teaspoon
2475,220,6.9,"tbsp, ground"
2476,220,28.3495,wt. oz
2477,220,6.22,tablespoon
2478,220,2.9,"tsp, whole"
2479,220,0.1,dash
2480,221,18,medium
2481,221,10,small
2482,221,70.0,"cup, pieces or slice"
2483,221,23,large
2484,221,100,g
2485,221,6,slice
2486,221,28.3495,wt. oz
2487,221,35,cup piece
2488,221,96,"cup, whole"
2489,222,100,g
2490,222,14.7,tbsp
2491,222,14.57,tablespoon
2492,222,235.2,cup
2493,222,4.9,tsp
2494,222,29,fl oz
2495,223,42,shot
2496,223,27.8,glas
2497,223,27.8,ounce
2498,223,100,g
2499,223,4.63,tsp
2500,223,10.885,tablespoon
2501,223,13.9,tbsp
2502,223,27.8,fl oz
2503,223,42,jigger (1.5 fl oz)
2504,223,10.88,tablespoon
2505,223,222.4,cup
2506,224,9.0625,tablespoon
2507,224,60,ring
2508,224,9.0633,tablespoon
2509,224,453.5933,lb
2510,224,10,tbsp chopped
2511,224,38,"slice, large (1/4"" thick)"
2512,224,9.065,tablespoon
2513,224,100,g
2514,224,137.5022,cup
2515,224,14,"slice, medium (1/8"" thick)"
2516,224,70,small
2517,224,28.3495,wt. oz
2518,224,20.3325,slice
2519,224,160,"cup, chopped"
2520,224,9.062,tablespoon
2521,224,137.5029,cup
2522,224,115,"cup, sliced"
2523,224,150,large
2524,224,28.35,ounce
2525,224,9,"slice, thin"
2526,224,110,"medium (2-1/2"" dia)"
2527,224,1.0,g
2528,224,3.02,teaspoon
2529,224,137.5,cup
2530,224,110.0,medium
2531,224,137.504,cup
2532,224,27.5,"medium (2-1/2"" dia)"
2533,225,101,cup chopped
2534,225,4,"strip (4"" long)"
2535,225,40.3325,stalk
2536,225,6.905,tablespoon
2537,225,7.5,tbsp
2538,225,110,nlea serving
2539,225,100,g
2540,225,40.3333,stalk
2541,225,2.5,tsp
2542,225,28.3495,wt. oz
2543,225,17,"stalk, small (5"" long)"
2544,225,101.0,cup
2545,225,40.33,stalk
2546,225,40,rib
2547,225,120,cup
2548,225,40.335,stalk
2549,225,64,"stalk, large (11""-12"" long)"
2550,225,40,"stalk, medium (7-1/2"" - 8"" long)"
2551,226,216.0,pint
2552,226,100,g
2553,226,108.0,cup
2554,226,2.25,tsp
2555,226,28.35,oz
2556,226,6.75,tbsp
2557,226,27,cup
2558,226,28.35,ounce
2559,226,432.0,quart
2560,226,6.75,tablespoon
2561,226,2.25,teaspoon
2562,227,45.0,pepper
2563,227,100,g
2564,227,75,"cup, chopped or diced"
2565,227,28.3495,wt. oz
2566,227,28.35,ounce
2567,228,6.9,"tbsp, ground"
2568,228,6.22,tablespoon
2569,228,0.13,pinch
2570,228,2.9,"tsp, whole"
2571,228,2.075,teaspoon
2572,228,6.24,tablespoon
2573,228,2.3,"tsp, ground"
2574,228,100,g
2575,228,28.3495,wt. oz
2576,228,6.225,tablespoon
2577,228,99.6061,cup
2578,228,2.07,teaspoon
2579,228,2.0833,teaspoon
2580,228,99.6,cup
2581,228,2.08,teaspoon
2582,228,0.42,ml
2583,228,6.226,tablespoon
2584,228,2.0733,teaspoon
2585,228,0.1,dash
2586,229,5.0,teaspoon
2587,229,240,cup
2588,229,100,g
2589,229,28.35,oz
2590,229,5,tsp
2591,229,15,tbsp
2592,230,148.8,cup
2593,230,9.5,tablespoon
2594,230,3.165,teaspoon
2595,230,3.17,teaspoon
2596,230,100,g
2597,230,3.16,teaspoon
2598,230,0.2,pinch
2599,230,28.3495,wt. oz
2600,230,3.1667,teaspoon
2601,230,0.4,dash
2602,230,152.0,cup
2603,230,3.12,tsp
2604,230,3.1,tsp
2605,230,3.1733,teaspoon
2606,230,9.7,tbsp
2607,231,492,can or bottle (16 fl oz)
2608,231,5.12,tsp
2609,231,492,"drink, small (16 fl oz)"
2610,231,984,"drink, large (32 fl oz)"
2611,231,1353,"drink, extra large (44 fl oz)"
2612,231,100,g
2613,231,30.7,ounce
2614,231,676,"drink, medium (22 fl oz)"
2615,231,370,can or bottle (12 fl oz)
2616,231,245.6,cup
2617,231,30.7,fl oz
2618,231,15.35,tbsp
2619,232,273,cup
2620,232,17.065,tablespoon
2621,232,100,g
2622,232,17.06,tbsp
2623,232,17.0625,tablespoon
2624,232,6,packet
2625,232,28.3495,wt. oz
2626,232,1092.0,quart
2627,232,28.35,ounce
2628,232,5.69,tsp
2629,233,225.6,cup
2630,233,1.2,tsp
2631,233,14.1,tbsp
2632,233,4.76,teaspoon
2633,233,0.59,dash
2634,233,4.75,teaspoon
2635,233,100,g
2636,233,14.25,tablespoon
2637,233,28.3495,wt. oz
2638,233,4.7,tsp
2639,234,28.8,cup
2640,234,1.8,tablespoon
2641,234,0.6,tsp
2642,234,100,g
2643,234,1.7879,tablespoon
2644,234,28.3495,wt. oz
2645,234,0.6,teaspoon
2646,234,1.8,tbsp
2647,235,9.13,tbsp
2648,235,100,g
2649,235,3.04,tsp
2650,235,28.35,oz
2651,235,146.0,cup
2652,235,1,peanut
2653,236,128,cup
2654,236,8,tbsp
2655,236,2.67,tsp
2656,236,2.665,teaspoon
2657,236,8.0,tablespoon
2658,236,100,g
2659,236,2.67,teaspoon
2660,236,28.35,oz
2661,236,453.6,lb
2662,236,2.66,teaspoon
2663,236,2.6662,teaspoon
2664,236,0.542,ml
2665,237,21.25,cup
2666,237,100,g
2667,237,85.0,cup
2668,237,28.35,oz
2669,237,5.31,tbsp
2670,237,1.77,tsp
2671,238,9.2,tablespoon
2672,238,3.07,teaspoon
2673,238,3.08,teaspoon
2674,238,144,cup
2675,238,3.0667,teaspoon
2676,238,3,tsp
2677,238,100,g
2678,238,28.3495,wt. oz
2679,238,9.4,tbsp
2680,238,3.0833,teaspoon
2681,238,3.06,teaspoon
2682,239,1.0,g
2683,239,100,g
2684,239,55,"beans (4"" long)"
2685,239,28.3495,wt. oz
2686,239,100,"cup 1/2"" piece"
2687,239,453.59,lb
2688,239,28.35,ounce
2689,239,100.0,cup
2690,240,148.8,cup
2691,240,120.5067,cup
2692,240,119,"medium (approx 2-3/4"" long, 2-1/2 dia.)"
2693,240,74,small
2694,240,164,"large (2-1/4 per pound, approx 3-3/4"" long, 3"" dia.)"
2695,240,164.0,large
2696,240,100,g
2697,240,149,"cup, chopped"
2698,240,3.1,tsp
2699,240,28.3495,wt. oz
2700,240,119.0,medium
2701,240,120.5,cup
2702,240,120.5152,cup
2703,240,92,"cup, sliced"
2704,240,9.3,tablespoon
2705,240,10,"ring (3"" dia., 1/4"" thick)"
2706,241,54,cup
2707,241,1.13,tsp
2708,241,100,g
2709,241,28.35,oz
2710,241,3.375,tablespoon
2711,241,2,piece
2712,241,3.38,tbsp
2713,242,1.4,"tsp, ground"
2714,242,4.5,"tbsp, ground"
2715,242,1.07,teaspoon
2716,242,100,g
2717,242,1.0833,teaspoon
2718,242,1.075,teaspoon
2719,242,1.08,teaspoon
2720,242,28.3495,wt. oz
2721,242,0.7,"tsp, leave"
2722,242,2.1,"tbsp, leave"
2723,242,3.22,tablespoon
2724,243,492,can or bottle (16 fl oz)
2725,243,5.12,tsp
2726,243,492,"drink, small (16 fl oz)"
2727,243,984,"drink, large (32 fl oz)"
2728,243,1353,"drink, extra large (44 fl oz)"
2729,243,15.35,tablespoon
2730,243,100,g
2731,243,676,"drink, medium (22 fl oz)"
2732,243,370,can or bottle (12 fl oz)
2733,243,245.6,cup
2734,243,30.7,fl oz
2735,243,15.35,tbsp
2736,244,1.0,g
2737,244,100,g
2738,244,50.0,cup
2739,244,7.2,regular
2740,244,50,cup of miniature
2741,244,28.3495,wt. oz
2742,244,3.125,tablespoon
2743,244,7,miniature
2744,245,15.3125,tablespoon
2745,245,122.5,cup
2746,245,425.25,can (15 oz)
2747,245,30.62,fl oz
2748,245,100,g
2749,245,822.15,can (29 oz)
2750,245,15.31,tbsp
2751,245,5.1,tsp
2752,245,5.104,teaspoon
2753,245,30.62,ounce
2754,245,491.4,can
2755,245,245,cup
2756,245,15.31,tablespoon
2757,245,226.8,can (8 oz)
2758,246,233.07,cup
2759,246,100,g
2760,246,14.7,tbsp
2761,246,233.08,cup
2762,246,233.0667,cup
2763,246,233.0606,cup
2764,246,14.5667,tablespoon
2765,246,14.565,tablespoon
2766,246,14.57,tablespoon
2767,246,235.2,cup
2768,246,4.9,tsp
2769,246,29,fl oz
2770,247,4.97,teaspoon
2771,247,14.9,tbsp
2772,247,14.925,tablespoon
2773,247,100,g
2774,247,28.3495,wt. oz
2775,247,5,tsp
2776,247,14.9267,tablespoon
2777,247,28.35,ounce
2778,247,14.92,tablespoon
2779,247,238,cup
2780,248,9.6867,tablespoon
2781,248,145,cup (not packed)
2782,248,28.35,oz (60 raisins)
2783,248,9.69,tablespoon
2784,248,1.0,g
2785,248,0.6551,ml
2786,248,100,g
2787,248,165,"cup, packed"
2788,248,14,miniature box (.5 oz)
2789,248,26,raisin
2790,248,453.59,lb
2791,248,28.3495,wt. oz
2792,248,155.0,cup
2793,248,28.35,ounce
2794,248,3.23,teaspoon
2795,248,43,small box (1.5 oz)
2796,248,453.6,lb
2797,249,4.27,teaspoon
2798,249,1.0,g
2799,249,205.0,cup
2800,249,100,g
2801,249,4.27,tsp
2802,249,28.3495,wt. oz
2803,249,0.8661,ml
2804,249,453.59,lb
2805,249,12.8,tablespoon
2806,250,31.0,ounce
2807,250,15.5,tablespoon
2808,250,31,fl oz
2809,250,5.17,tsp
2810,250,100,g
2811,250,86,fruit yield
2812,250,992.0,quart
2813,250,248.0,cup
2814,250,15.5,tbsp
2815,251,85,oz
2816,251,247,"piece, cooked, excluding refuse (yield from 1 lb raw meat with refuse)"
2817,251,1.0,g
2818,251,100,g
2819,251,28.35,oz
2820,251,453.6,lb
2821,251,28.35,ounce
2822,251,226.8,cup
2823,252,10,jumbo
2824,252,4,small
2825,252,9.06,tbsp
2826,252,28.333,ounce
2827,252,226.8,cup
2828,252,145.0,cup
2829,252,453.5933,lb
2830,252,5,medium
2831,252,85,oz
2832,252,100,g
2833,252,15.75,jumbo
2834,252,453.5925,lb
2835,252,5,shrimp
2836,252,22,large
2837,252,453.59,lb
2838,252,5,small
2839,252,28,large
2840,252,226.806,cup
2841,252,3.02,tsp
2842,252,453.5867,lb
2843,252,28.3333,ounce
2844,252,6,large
2845,252,453.6,lb
2846,252,6,medium
2847,253,747,bottle
2848,253,29.4,fl oz
2849,253,147,flute
2850,253,4.9,teaspoon
2851,253,100,g
2852,253,14.7,tbsp
2853,253,14.7,tablespoon
2854,253,147,serving (5 fl oz)
2855,253,235.2121,cup
2856,253,235.2,cup
2857,253,4.9,tsp
2858,253,29.4,ounce
2859,253,147,glas
2860,254,109.0,cup
2861,254,100,g
2862,254,28.3495,wt. oz
2863,254,6.81,tbsp
2864,254,2.27,tsp
2865,254,453.59,lb
2866,255,182,cup large chip
2867,255,42,cup
2868,255,3.5,tsp
2869,255,10.5,tbsp
2870,255,28.3509,ounce
2871,255,0.7369,ml
2872,255,100,g
2873,255,174.34,cup
2874,255,28.3495,wt. oz
2875,255,174.3333,cup
2876,255,174.335,cup
2877,255,28.35,ounce
2878,255,14.5,serving
2879,255,1.0,g
2880,255,174.33,cup
2881,255,173,cup mini chip
2882,255,28.35,oz (approx 60 pcs)
2883,255,28.35,oz
2884,255,168,cup chips (6 oz package)
2885,256,132.0,cup
2886,256,8.25,tbsp
2887,256,100,g
2888,256,2.75,tsp
2889,256,28.3495,wt. oz
2890,257,122.5,cup
2891,257,244,"cup, melted"
2892,257,122.5,c
2893,257,100,g
2894,257,122.5067,cup
2895,257,28.35,oz
2896,257,28.0,slice
2897,257,453.6,lb
2898,257,28,slice (1 oz)
2899,257,453.59,lb
2900,257,28.35,ounce
2901,257,132,"cup, diced"
2902,257,113,"cup, shredded"
2903,257,28,piece
2904,257,17,cubic inch
2905,258,13,"slice, very thin"
2906,258,11,slice crust not eaten
2907,258,27,"slice, large"
2908,258,100,g
2909,258,8,"slice thin, crust not eaten"
2910,258,42,"cup, cube"
2911,258,17,"slice, thin"
2912,258,22.0,slice
2913,258,28.35,oz
2914,258,45,"cup, crumb"
2915,259,14.57,tablespoon
2916,259,100,g
2917,259,14.7,tbsp
2918,259,14.5667,tablespoon
2919,259,14.565,tablespoon
2920,259,4.855,teaspoon
2921,259,4.86,teaspoon
2922,259,233.08,cup
2923,259,235.2,cup
2924,259,4.9,tsp
2925,259,233.06,cup
2926,259,29,fl oz
2927,260,237.04,c
2928,260,100,g
2929,260,14.81,tbsp
2930,260,237.04,cup
2931,260,200,fl oz
2932,260,4.94,tsp
2933,261,132,cup
2934,261,528.0,quart
2935,261,8.25,tbsp
2936,261,264.0,pint
2937,261,66,scoop
2938,261,0.5579,ml
2939,261,100,g
2940,261,2112.0,gallon
2941,261,557.93,liter
2942,261,2.75,tsp
2943,261,28.3495,wt. oz
2944,261,66,serving 1/2 cup
2945,262,369,can 12 fl oz
2946,262,492,bottle 16 fl oz
2947,262,491,"drink, small (16 fl oz)"
2948,262,100,g
2949,262,246.4,cup
2950,262,30.8,fl oz
2951,262,1351,"drink, extra large (44 fl oz)"
2952,262,368,drink (12 fl oz)
2953,262,675,"drink, medium (22 fl oz)"
2954,262,15.4,tbsp
2955,262,982,"drink, large (32 fl oz)"
2956,262,5.13,tsp
2957,263,105.0,cup
2958,263,100,g
2959,263,110,"cup, chopped"
2960,263,28.35,oz
2961,263,28.3495,wt. oz
2962,263,453.59,lb
2963,263,100,"cup, whole"
2964,263,28.35,ounce
2965,264,149.0,small
2966,264,1.0,g
2967,264,242,nlea serving
2968,264,125,"cup, quartered or chopped"
2969,264,100,g
2970,264,28.35,oz
2971,264,117.0,cup
2972,264,182,"medium (3"" dia)"
2973,264,101,"extra small (2-1/2"" dia)"
2974,264,109,cup slice
2975,264,149,"small (2-3/4"" dia)"
2976,264,453.5933,lb
2977,264,182.0,medium
2978,264,223.0,large
2979,264,223,"large (3-1/4"" dia)"
2980,265,9.44,tbsp
2981,265,126,nlea serving
2982,265,100,g
2983,265,49,grape
2984,265,3.15,tsp
2985,265,151.0,cup
2986,265,28.34,oz
2987,265,5,grape
2988,266,5,tbsp
2989,266,5.0,tablespoon
2990,266,100,g
2991,266,1.67,tsp
2992,266,28.3495,wt. oz
2993,266,80,cup
2994,267,6.515,tablespoon
2995,267,120,cup pieces or chip
2996,267,1.0,g
2997,267,100,g
2998,267,104.2533,cup
2999,267,104.26,cup
3000,267,28,"cup, in shell, edible yield (7 nuts)"
3001,267,117,"cup, chopped"
3002,267,100,cup shelled (50 halves)
3003,267,2.03,walnut half
3004,267,28.3495,wt. oz
3005,267,104.25,cup
3006,267,104.252,cup
3007,267,28.35,ounce
3008,267,104.24,cup
3009,267,453.5933,lb
3010,267,28.35,oz (14 halves)
3011,267,80,"cup, ground"
3012,268,182,cup large chip
3013,268,42,cup
3014,268,3.5,tsp
3015,268,100,g
3016,268,173,cup mini chip
3017,268,174.34,cup
3018,268,28.35,oz (approx 60 pcs)
3019,268,10.5,tbsp
3020,268,28.3495,wt. oz
3021,268,168,cup chips (6 oz package)
3022,268,14.5,serving
3023,269,33,serving
3024,269,29,"portion, dough spoon from roll"
3025,269,100,g
3026,269,28.35,oz
3027,269,28.35,ounce
3028,270,14,packet (0.5 oz)
3029,270,20,tbsp
3030,270,100,g
3031,270,320.0,cup
3032,270,28.3495,wt. oz
3033,270,6.67,tsp
3034,271,9.125,tablespoon
3035,271,9.13,tbsp
3036,271,100,g
3037,271,3.04,tsp
3038,271,28.35,oz
3039,271,146,cup
3040,271,1,peanut
3041,271,3.04,teaspoon
3042,272,118.5,cup
3043,272,113,"cup, sliced"
3044,272,124,"cup, chopped"
3045,272,100,g
3046,272,9.9,slice
3047,272,196,medium
3048,272,28.3495,wt. oz
3049,272,118,small
3050,272,118.5067,cup
3051,272,323,large
3052,273,136.0,large
3053,273,225,"cup, mashed"
3054,273,126,nlea serving
3055,273,100,g
3056,273,81,"extra small (less than 6"" long)"
3057,273,152,"extra large (9"" or longer)"
3058,273,187.5075,cup
3059,273,28.35,oz
3060,273,101,"small (6"" to 6-7/8"" long)"
3061,273,150,"cup, sliced"
3062,273,136,"large (8"" to 8-7/8"" long)"
3063,273,187.5,cup
3064,273,118,"medium (7"" to 7-7/8"" long)"
3065,273,101.0,small
3066,274,10.06,tbsp
3067,274,100,g
3068,274,5,cherry (nlea serving)
3069,274,28.3495,wt. oz
3070,274,28.35,ounce
3071,274,3.35,tsp
3072,274,161,cup
3073,274,10.065,tablespoon
3074,275,182,cup large chip
3075,275,42,cup
3076,275,174.33,cup
3077,275,3.5,tsp
3078,275,100,g
3079,275,173,cup mini chip
3080,275,28.35,oz (approx 60 pcs)
3081,275,10.5,tbsp
3082,275,28.3495,wt. oz
3083,275,174.32,cup
3084,275,168,cup chips (6 oz package)
3085,275,14.5,serving
3086,276,182,cup large chip
3087,276,42,cup
3088,276,174.33,cup
3089,276,3.5,tsp
3090,276,10.895,tablespoon
3091,276,100,g
3092,276,173,cup mini chip
3093,276,28.35,oz (approx 60 pcs)
3094,276,10.5,tbsp
3095,276,28.3495,wt. oz
3096,276,453.592,lb
3097,276,453.59,lb
3098,276,28.35,ounce
3099,276,168,cup chips (6 oz package)
3100,276,14.5,serving
3101,277,28.3533,ounce
3102,277,25.0,cup
3103,277,100,g
3104,277,25,"portion, amount to make 1/2 cup"
3105,277,28.3495,wt. oz
3106,277,99,package (3.5 oz)
3107,278,14.2,oz hershey
3108,278,1.0,g
3109,278,100,g
3110,278,28.35,oz
3111,278,28.35,ounce
3112,278,29,oz square baker
3113,278,132,"cup, grated"
3114,278,28.36,ounce
3115,279,132,cup
3116,279,528.0,quart
3117,279,8.25,tbsp
3118,279,66,scoop
3119,279,100,g
3120,279,2.75,tsp
3121,279,28.3495,wt. oz
3122,279,66,serving 1/2 cup
3123,280,8.0,square
3124,280,7,piece
3125,280,44,bar (1.55 oz)
3126,280,7,"bar, miniature"
3127,280,100,g
3128,280,28.3495,wt. oz
3129,280,453.6,lb
3130,280,168.0,cup
3131,280,168,cup chip
3132,280,28.35,ounce
3133,280,453.59,lb
3134,280,10.5,tablespoon
3135,280,7,coin
3136,281,1.56,tsp
3137,281,8,tbsp
3138,281,4,tbsp
3139,281,100,g
3140,281,28.3495,wt. oz
3141,281,28.35,ounce
3142,281,75,cup
3143,282,28.35,oz
3144,282,183.0,crust
3145,282,100,g
3146,283,52,unit (yield from 1 lb ready-to-cook chicken)
3147,283,140,"cup, chopped or diced"
3148,283,120.0,breast
3149,283,16.25,tbsp
3150,283,272,piece
3151,283,28.3337,ounce
3152,283,85,oz
3153,283,98,fillet
3154,283,2.92,tsp
3155,283,926,package
3156,283,5.42,tsp
3157,283,100,g
3158,283,86,"breast, bone and skin removed"
3159,283,28.3334,ounce
3160,283,28.3337,oz
3161,283,189,breast
3162,283,260,cup
3163,283,453.59,lb
3164,283,8.75,tbsp
3165,283,28.3333,ounce
3166,283,140,cup
3167,283,28.35,oz
3168,284,195.0,cup
3169,284,100,g
3170,284,28.35,oz
3171,284,4.06,tsp
3172,284,97.5,cup
3173,284,12.19,tbsp
3174,285,16.49,tbsp
3175,285,16.49,tablespoon
3176,285,100,g
3177,285,263.84,cup
3178,285,28.3495,wt. oz
3179,285,5.5,tsp
3180,285,5.495,teaspoon
3181,286,4.97,teaspoon
3182,286,14.9,tbsp
3183,286,14.925,tablespoon
3184,286,4.975,teaspoon
3185,286,100,g
3186,286,28.3495,wt. oz
3187,286,5,tsp
3188,286,1.0093,ml
3189,286,14.92,tablespoon
3190,286,238,cup
3191,287,160.0,cup
3192,287,100,g
3193,287,10,tbsp
3194,287,28.3495,wt. oz
3195,287,3.33,tsp
3196,287,28.35,ounce
3197,287,253,package (10 oz) yield
3198,287,80,cup
3199,288,85,oz
3200,288,226.665,cup
3201,288,226.6716,cup
3202,288,1.0,g
3203,288,21,crab
3204,288,100,g
3205,288,226.67,cup
3206,288,28.3333,ounce
3207,288,28.3338,ounce
3208,288,226.6667,cup
3209,288,453.6,lb
3210,288,453.59,lb
3211,288,226.66,cup
3212,289,2.04,teaspoon
3213,289,96,cup
3214,289,2.0533,teaspoon
3215,289,2.06,teaspoon
3216,289,100,g
3217,289,0.26,dash
3218,289,2,tsp
3219,289,2.048,teaspoon
3220,289,28.3495,wt. oz
3221,289,98.4,cup
3222,289,2.052,teaspoon
3223,289,6.3,tbsp
3224,289,0.13,pinch
3225,289,6.15,tablespoon
3226,289,2.0833,teaspoon
3227,289,2.05,teaspoon
3228,290,0.35,pinch
3229,290,16.74,tbsp
3230,290,5.6,teaspoon
3231,290,5.59,teaspoon
3232,290,1,gram
3233,290,267.84,cup
3234,290,268.32,cup
3235,290,1.4,tsp
3236,290,5.58,teaspoon
3237,290,16.77,tablespoon
3238,290,28.3495,wt. oz
3239,290,5.5833,teaspoon
3240,290,5.58,tsp
3241,290,0.7,dash
3242,291,28.25,cup
3243,291,7.06,tbsp
3244,291,453.5867,lb
3245,291,100,g
3246,291,28.35,oz
3247,291,453.6,lb
3248,291,7.065,tablespoon
3249,291,28.35,ounce
3250,291,453.59,lb
3251,291,113.0,cup
3252,291,2.35,tsp
3253,292,249.12,cup
3254,292,100,g
3255,292,15.57,tbsp
3256,292,15.57,tablespoon
3257,292,28.3495,wt. oz
3258,292,5.19,tsp
3259,293,213.0,medium
3260,293,138.0,small
3261,293,213,"potato medium (2-1/4"" to 3-1/4"" dia)"
3262,293,173.0,medium
3263,293,453.5933,lb
3264,293,1000.0,kg
3265,293,299,potato large
3266,293,369,"potato large (3"" to 4-1/4"" dia)"
3267,293,60,new potato
3268,293,100,g
3269,293,75,"cup, diced"
3270,293,148,nlea serving
3271,293,28.3495,wt. oz
3272,293,25,baby potato
3273,293,7.63,tbsp
3274,293,210,"cup, mashed"
3275,293,138,potato small
3276,293,31,baby potato
3277,293,453.5925,lb
3278,293,150.0,cup
3279,293,170.0,small
3280,293,453.59,lb
3281,293,170,"potato small (1-3/4"" to 2-1/2"" dia)"
3282,293,122,cup
3283,293,213.0,potato medium
3284,293,2.54,tsp
3285,293,369.0,large
3286,293,173,potato medium
3287,294,100,g
3288,294,11,shrimp
3289,294,1.69,teaspoon
3290,294,1.69,tsp
3291,294,60,oz
3292,294,81,cup
3293,294,5.06,tbsp
3294,294,5.06,tablespoon
3295,295,18.0,tablespoon
3296,295,6,tsp
3297,295,100,g
3298,295,288,cup
3299,295,28.3495,wt. oz
3300,295,28.35,ounce
3301,295,18,tbsp
3302,296,45,pepper
3303,296,3.12,teaspoon
3304,296,100,g
3305,296,75,"cup, chopped or diced"
3306,296,28.3495,wt. oz
3307,297,41,"large (3"" diameter)"
3308,297,27.41,"medium (2"" diameter)"
3309,297,100,g
3310,297,41.0,large
3311,297,28.3495,wt. oz
3312,297,14,"small (1"" diameter)"
3313,298,14,packet (0.5 oz)
3314,298,20,tbsp
3315,298,100,g
3316,298,320,cup
3317,298,28.3495,wt. oz
3318,298,28.35,ounce
3319,298,6.67,tsp
3320,299,166,nlea serving
3321,299,140,"cup, slice"
3322,299,178,medium
3323,299,148,small
3324,299,150.5,cup
3325,299,100,g
3326,299,453.5917,lb
3327,299,161,"cup, cube"
3328,299,28.35,oz
3329,299,230,large
3330,300,31.0,ounce
3331,300,15.5,tablespoon
3332,300,31,fl oz
3333,300,5.17,tsp
3334,300,100,g
3335,300,5.17,teaspoon
3336,300,992.0,quart
3337,300,248.0,cup
3338,300,15.5,tbsp
3339,301,1.3,stick
3340,301,28.3495,wt. oz
3341,301,100,g
3342,302,0.18,clove
3343,302,226.8,cup
3344,302,4.725,teaspoon
3345,302,100,g
3346,302,28.3495,wt. oz
3347,302,4.73,teaspoon
3348,302,0.176,clove
3349,302,14.18,tablespoon
3350,303,85,oz
3351,303,114,oz
3352,303,100,g
3353,303,63,chop
3354,303,28.5,oz
3355,304,14.175,tablespoon
3356,304,4.725,teaspoon
3357,304,100,g
3358,304,28.3495,wt. oz
3359,304,2,mint
3360,304,226.8333,cup
3361,305,122.5,cup
3362,305,244,"cup, melted"
3363,305,7.6567,tablespoon
3364,305,122.52,cup
3365,305,7.66,tablespoon
3366,305,100,g
3367,305,122.5067,cup
3368,305,28.35,oz
3369,305,453.6,lb
3370,305,28,slice (1 oz)
3371,305,28.35,ounce
3372,305,132,"cup, diced"
3373,305,113,"cup, shredded"
3374,305,28,piece
3375,305,17,cubic inch
3376,305,122.504,cup
3377,306,96,cup
3378,306,100,g
3379,306,2,tsp
3380,306,28.3495,wt. oz
3381,306,6,tbsp
3382,306,2.0,teaspoon
3383,307,14.9,tbsp
3384,307,100,g
3385,307,28.3495,wt. oz
3386,307,5,tsp
3387,307,238.0,cup
3388,308,6,tbsp chopped
3389,308,2.04,teaspoon
3390,308,6.124,tablespoon
3391,308,6.1267,tablespoon
3392,308,100,g
3393,308,6.125,tablespoon
3394,308,28.3495,wt. oz
3395,308,15.0,"medium (4-1/8"" long)"
3396,308,25,large
3397,308,28.35,ounce
3398,308,100,"cup, chopped"
3399,308,2.0433,teaspoon
3400,308,100.0,cup
3401,308,5,"small (3"" long)"
3402,309,67,cup
3403,309,1.5,teaspoon
3404,309,4.8,tbsp
3405,309,100,g
3406,309,1.4,tsp
3407,309,28.3495,wt. oz
3408,309,76,stalk
3409,310,28.3495,wt. oz
3410,310,100,g
3411,310,30.25,"lime, juiced (2 tbsp)"
3412,311,136.0,large
3413,311,187.5038,cup
3414,311,225,"cup, mashed"
3415,311,126,nlea serving
3416,311,100,g
3417,311,81,"extra small (less than 6"" long)"
3418,311,152,"extra large (9"" or longer)"
3419,311,28.35,oz
3420,311,101,"small (6"" to 6-7/8"" long)"
3421,311,150,"cup, sliced"
3422,311,136,"large (8"" to 8-7/8"" long)"
3423,311,118.0,medium
3424,311,187.5,cup
3425,311,118.0,"medium (7"" to 7-7/8"" long)"
3426,311,101.0,small
3427,312,28,leaf outer
3428,312,94,cups shredded
3429,312,85,nlea serving
3430,312,100,g
3431,312,47,cup shredded
3432,312,28.3495,wt. oz
3433,312,6,leaf inner
3434,312,47.0,cups shredded
3435,312,85,leave
3436,312,626,head
3437,313,28.0,cup
3438,313,85,nlea serving
3439,313,28.0,cup shredded
3440,313,100,g
3441,313,2.6,leaf inner
3442,313,28.3495,wt. oz
3443,313,17,leaf outer
3444,313,309,head
3445,314,1.88,tsp
3446,314,53.0,head
3447,314,5.63,tbsp
3448,314,100,g
3449,314,28.3495,wt. oz
3450,314,45,cup
3451,315,114,oz
3452,315,453.6,lb
3453,315,100,g
3454,316,20,sprig
3455,316,0.33,tsp
3456,316,1,tbsp
3457,316,100,g
3458,316,1.0,tablespoon
3459,316,28.3495,wt. oz
3460,316,0.85,sprig
3461,316,32,bunch
3462,316,4,cup
3463,316,16.0,cup
3464,317,4.58,tsp
3465,317,100,g
3466,317,928,carton 32 oz
3467,317,220.0,cup
3468,317,13.75,tbsp
3469,317,28.3495,wt. oz
3470,317,28.35,ounce
3471,318,44,"cup, chopped or diced"
3472,318,31,"spear (about 5"" long)"
3473,318,91,cup chopped
3474,318,89.5,cup
3475,318,100,g
3476,318,148,nlea serving
3477,318,151,stalk
3478,318,28.3495,wt. oz
3479,318,608,bunch
3480,318,608,head
3481,318,28.35,ounce
3482,318,10,floret
3483,319,453.5867,lb
3484,319,5.17,tsp
3485,319,91,block
3486,319,100,g
3487,319,28.3495,wt. oz
3488,319,453.6,lb
3489,319,453.59,lb
3490,319,28.35,ounce
3491,319,248,cup
3492,319,15.5,tbsp
3493,320,840,"head large (6-7"" dia.)"
3494,320,840.0,large
3495,320,588,"head medium (5-6"" dia.)"
3496,320,453.5867,lb
3497,320,265,"head small (4"" dia.)"
3498,320,100,g
3499,320,265.0,small
3500,320,13,floweret
3501,320,28.3495,wt. oz
3502,320,453.59,lb
3503,320,107.0,cup
3504,320,588.0,medium
3505,320,107,"cup chopped (1/2"" pieces)"
3506,320,564.33,head
3507,321,113.0,c
3508,321,28.25,cup
3509,321,7.06,tbsp
3510,321,100,g
3511,321,7.06,tablespoon
3512,321,28.35,oz
3513,321,453.6,lb
3514,321,7.065,tablespoon
3515,321,28.35,ounce
3516,321,113.0,cup
3517,321,2.35,tsp
3518,322,230,"cup sections, with juice"
3519,322,246.0,"fruit (3-3/4"" dia)"
3520,322,100,g
3521,322,28.35,oz
3522,322,123,"fruit (3-3/4"" dia)"
3523,322,154,nlea serving
3524,323,17,slice
3525,323,17,section
3526,323,184,large
3527,323,165.0,cup
3528,323,100,g
3529,323,96,small
3530,323,28.35,oz
3531,323,165,"cup sections, without membrane"
3532,323,28.35,ounce
3533,323,140.0,"fruit (2-7/8"" dia)"
3534,323,154,nlea serving
3535,323,28.36,ounce
3536,324,84,"slice (3-1/2"" dia x 3/4"" thick)"
3537,324,165.0,cup
3538,324,100,g
3539,324,82.5,"cup, chunk"
3540,324,166,"slice (4-2/3"" dia x 3/4"" thick)"
3541,324,28.35,oz
3542,324,102.0,slice
3543,324,165,"cup, chunk"
3544,324,56,"slice, thin (3-1/2"" dia x 1/2"" thick)"
3545,324,905,fruit
3546,325,28.3333,oz
3547,325,85,oz
3548,325,135,cup (not packed)
3549,325,100,g
3550,325,118,"cup, flaked and piece"
3551,325,28.35,oz
3552,325,48,"crab, shell removed"
3553,326,96,cup
3554,326,2.08,teaspoon
3555,326,100,g
3556,326,2,tsp
3557,326,28.3495,wt. oz
3558,326,6.5,tbsp
3559,326,6.25,tablespoon
3560,327,74,small
3561,327,164.0,large
3562,327,149,"cup, chopped"
3563,327,0.34,dash
3564,327,92,"cup, sliced"
3565,327,2.7,teaspoon
3566,327,100,g
3567,327,9.32,tablespoon
3568,327,28.3495,wt. oz
3569,327,120.5,cup
3570,327,2.6667,teaspoon
3571,327,0.17,pinch
3572,327,148.8,cup
3573,327,119,"medium (approx 2-3/4"" long, 2-1/2 dia.)"
3574,327,164,"large (2-1/4 per pound, approx 3-3/4"" long, 3"" dia.)"
3575,327,119.0,medium
3576,327,3.1,tsp
3577,327,9.3,tablespoon
3578,327,2.71,teaspoon
3579,327,120.52,cup
3580,327,2.72,teaspoon
3581,327,10,"ring (3"" dia., 1/4"" thick)"
3582,328,4.8,"tbsp, ground"
3583,328,100,g
3584,328,1.8,"tbsp, leave"
3585,328,28.3495,wt. oz
3586,328,1.1,teaspoon
3587,328,1.08,teaspoon
3588,328,3.3,tablespoon
3589,328,0.6,"tsp, leave"
3590,328,1.6,"tsp, ground"
3591,329,245,sheet
3592,329,1.0,g
3593,329,40,shell
3594,329,100,g
3595,329,28.35,oz
3596,329,28.35,ounce
3597,330,56,bag
3598,330,1.0,g
3599,330,227,bag (8 oz)
3600,330,1.27,chip
3601,330,56,"cup, crushed"
3602,330,100,g
3603,330,28.35,oz
3604,330,56.0,cup
3605,330,28,oz
3606,330,28,chip
3607,331,238,"cup, fluid (yields 2 cups whipped)"
3608,331,240,cup
3609,331,100,g
3610,331,120,"cup, whipped"
3611,331,5,tsp
3612,331,15,tbsp
3613,331,29.8,fl oz
3614,331,238.0,cup
3615,332,28.35,oz
3616,332,100,g
3617,332,1.0,g
3618,332,226.8,cup
3619,333,96,cup
3620,333,100,g
3621,333,2,tsp
3622,333,28.3495,wt. oz
3623,333,6.0,tbsp
3624,333,6.0,tablespoon
3625,333,2.0,teaspoon
3626,334,100,g
3627,334,7.5,tbsp
3628,334,2.5,tsp
3629,334,28.3495,wt. oz
3630,334,120.0,cup
3631,335,22,cup
3632,335,6.1267,tablespoon
3633,335,100,g
3634,335,108,cup
3635,335,2.25,tsp
3636,335,98.0,cup
3637,335,28.3495,wt. oz
3638,335,6.75,tbsp
3639,335,2.0412,teaspoon
3640,335,88.0,cup
3641,335,6.125,tablespoon
3642,336,431,squash (4 inch dia)
3643,336,140.0,"cup, cube"
3644,336,100,g
3645,336,28.3495,wt. oz
3646,337,78.68,cup
3647,337,18,medium
3648,337,10,small
3649,337,70,"cup, pieces or slice"
3650,337,78.67,cup
3651,337,78.66,cup
3652,337,23,large
3653,337,100,g
3654,337,6,slice
3655,337,28.3495,wt. oz
3656,337,453.59,lb
3657,337,453.6,lb
3658,337,28.35,ounce
3659,337,35,cup piece
3660,337,96,"cup, whole"
3661,338,1,leave
3662,338,42.4,cup
3663,338,100,g
3664,338,2.65,tbsp
3665,338,28.3495,wt. oz
3666,338,2.65,tablespoon
3667,338,0.5,leaf
3668,338,0.88,tsp
3669,339,122.52,cup
3670,339,100,g
3671,339,18,cubic inch
3672,339,28.35,oz
3673,339,453.6,lb
3674,339,28,slice (1 oz)
3675,339,28.35,ounce
3676,339,132,"cup, diced"
3677,339,113,"cup, shredded"
3678,339,170,package (6 oz)
3679,340,183,cup
3680,340,100,g
3681,340,3.81,tsp
3682,340,11.44,tbsp
3683,340,28.3495,wt. oz
3684,340,453.59,lb
3685,340,28.35,ounce
3686,341,6,tsp
3687,341,259.4848,cup
3688,341,100,g
3689,341,36,tbsp
3690,341,259,cup
3691,341,130,cup
3692,341,259.5,cup
3693,341,28.3495,wt. oz
3694,341,28.35,ounce
3695,341,16.815,tablespoon
3696,341,18.0,tbsp
3697,342,28.25,cup
3698,342,7.06,tbsp
3699,342,100,g
3700,342,28.3495,wt. oz
3701,342,7.065,tablespoon
3702,342,453.59,lb
3703,342,28.35,ounce
3704,342,113,cup
3705,342,2.35,tsp
3706,343,220,package (10 oz) yield
3707,343,3.96,tsp
3708,343,100,g
3709,343,95,cup
3710,343,11.88,tbsp
3711,343,28.3495,wt. oz
3712,343,28.35,ounce
3713,343,220.0,package
3714,344,42,jumbo
3715,344,33.0,large
3716,344,5.09,teaspoon
3717,344,46,tbsp
3718,344,100,g
3719,344,243,cup
3720,344,5.06,tsp
3721,344,25,small
3722,344,29,medium
3723,344,28.3495,wt. oz
3724,344,37,extra large
3725,344,15.26,tablespoon
3726,345,5,tbsp
3727,345,100,g
3728,345,28.35,oz
3729,345,5.63,tablespoon
3730,345,2.08,tsp
3731,345,100,cup
3732,346,28.35,oz
3733,346,453.5933,lb
3734,346,100,g
3735,346,19,sheet dough
3736,347,30.6,ounce
3737,347,100,g
3738,347,980,quart
3739,347,1.0351,ml
3740,347,30.6,fl oz
3741,347,15.305,tablespoon
3742,347,5.1,tsp
3743,347,15.31,tbsp
3744,347,15.3067,tablespoon
3745,347,245,cup
3746,348,100,g
3747,348,165,cup piece
3748,348,28.35,oz
3749,348,453.59,lb
3750,348,165.0,cup
3751,348,336.0,fruit without refuse
3752,349,100,g
3753,349,7.5,tbsp
3754,349,7.5,tablespoon
3755,349,2.5,tsp
3756,349,28.3495,wt. oz
3757,349,28.35,ounce
3758,349,120,cup
3759,350,38,"slice, large (1/4"" thick)"
3760,350,110,"medium (2-1/2"" dia)"
3761,350,137.52,cup
3762,350,3.02,teaspoon
3763,350,137.5,cup
3764,350,100,g
3765,350,60,ring
3766,350,115,"cup, sliced"
3767,350,14,"slice, medium (1/8"" thick)"
3768,350,70,small
3769,350,28.3495,wt. oz
3770,350,150,large
3771,350,9.06,tablespoon
3772,350,20.33,slice
3773,350,27.5,"medium (2-1/2"" dia)"
3774,350,9,"slice, thin"
3775,350,10,tbsp chopped
3776,350,160,"cup, chopped"
3777,351,20,sprig
3778,351,0.33,tsp
3779,351,1,tbsp
3780,351,100,g
3781,351,1.0,tablespoon
3782,351,28.3495,wt. oz
3783,351,0.85,sprig
3784,351,28.35,ounce
3785,351,0.33,teaspoon
3786,351,32,bunch
3787,351,4,cup
3788,352,148.8,cup
3789,352,119,"medium (approx 2-3/4"" long, 2-1/2 dia.)"
3790,352,74,small
3791,352,164,"large (2-1/4 per pound, approx 3-3/4"" long, 3"" dia.)"
3792,352,100,g
3793,352,149,"cup, chopped"
3794,352,3.1,tsp
3795,352,28.3495,wt. oz
3796,352,120.5,cup
3797,352,92,"cup, sliced"
3798,352,9.3,tablespoon
3799,352,10,"ring (3"" dia., 1/4"" thick)"
3800,353,45.0,pepper
3801,353,100,g
3802,353,75,"cup, chopped or diced"
3803,353,28.3495,wt. oz
3804,353,28.35,ounce
3805,354,38,"slice, large (1/4"" thick)"
3806,354,110,"medium (2-1/2"" dia)"
3807,354,3.02,teaspoon
3808,354,137.5,cup
3809,354,100,g
3810,354,60,ring
3811,354,115,"cup, sliced"
3812,354,14,"slice, medium (1/8"" thick)"
3813,354,70,small
3814,354,28.3495,wt. oz
3815,354,150,large
3816,354,453.592,lb
3817,354,27.5,"medium (2-1/2"" dia)"
3818,354,9.0633,tablespoon
3819,354,20.335,slice
3820,354,9,"slice, thin"
3821,354,10,tbsp chopped
3822,354,160,"cup, chopped"
3823,355,113.0,"cup, sliced"
3824,355,100,g
3825,355,9.9,slice
3826,355,196,medium
3827,355,28.3495,wt. oz
3828,355,118,small
3829,355,323,large
3830,356,28.3495,wt. oz
3831,356,100,g
3832,356,62.0,tomato
3833,357,4.5,teaspoon
3834,357,100,g
3835,357,28.3495,wt. oz
3836,357,28.35,ounce
3837,357,13.5,tablespoon
3838,357,216,cup
3839,357,4.5,tsp
3840,357,6.75,tablespoon
3841,358,28.3495,wt. oz
3842,358,100,g
3843,358,6.1,pepper
3844,358,105,"cup, chopped"
3845,359,20,sprig
3846,359,0.33,tsp
3847,359,1,tbsp
3848,359,100,g
3849,359,1.0,tablespoon
3850,359,0.335,teaspoon
3851,359,28.3495,wt. oz
3852,359,0.85,sprig
3853,359,0.33,teaspoon
3854,359,32,bunch
3855,359,4,cup
3856,359,16.0,cup
3857,360,11.4,tbsp
3858,360,1.5,tbsp
3859,360,100,g
3860,360,1.9,tsp
3861,360,24,cup
3862,360,28.3495,wt. oz
3863,360,2.9,tablespoon
3864,360,0.3,leave
3865,361,96,cup
3866,361,100,g
3867,361,2,tsp
3868,361,28.3495,wt. oz
3869,361,6,tbsp
3870,361,6.0,tablespoon
3871,361,2.0,teaspoon
3872,362,42,fl oz
3873,362,42,shot
3874,362,27.88,ounce
3875,362,223.36,cup
3876,362,13.96,tablespoon
3877,362,100,g
3878,362,4.63,tsp
3879,362,13.9,tbsp
3880,362,27.9,ounce
3881,362,27.8,fl oz
3882,362,893.44,quart
3883,362,0.9441,ml
3884,362,222.4,cup
3885,363,130,"cup, halve"
3886,363,100,g
3887,363,130.0,cup
3888,363,28.3495,wt. oz
3889,363,453.6,lb
3890,363,3.5,half
3891,363,28.35,ounce
3892,364,14,packet (0.5 oz)
3893,364,20,tbsp
3894,364,100,g
3895,364,320,cup
3896,364,20.0,tablespoon
3897,364,28.3495,wt. oz
3898,364,28.35,ounce
3899,364,6.67,tsp
3900,365,148.8,cup
3901,365,119,"medium (approx 2-3/4"" long, 2-1/2 dia.)"
3902,365,74,small
3903,365,164,"large (2-1/4 per pound, approx 3-3/4"" long, 3"" dia.)"
3904,365,164.0,large
3905,365,100,g
3906,365,149,"cup, chopped"
3907,365,3.1,tsp
3908,365,119.0,medium
3909,365,28.3495,wt. oz
3910,365,120.5,cup
3911,365,92,"cup, sliced"
3912,365,9.3,tablespoon
3913,365,10,"ring (3"" dia., 1/4"" thick)"
3914,366,1.01,teaspoon
3915,366,0.2,0.25 tsp
3916,366,1.0,teaspoon
3917,366,1.0133,teaspoon
3918,366,100,g
3919,366,1.02,teaspoon
3920,366,87.36,cup
3921,366,28.3495,wt. oz
3922,366,1.82,tsp
3923,366,3.03,tablespoon
3924,366,5.46,tbsp
3925,367,170,package (6 oz)
3926,367,122.5,cup
3927,367,100,g
3928,367,28.35,oz
3929,367,453.597,lb
3930,367,453.6,lb
3931,367,28,slice (1 oz)
3932,367,28.35,ounce
3933,367,453.59,lb
3934,367,132,"cup, diced"
3935,367,113,"cup, shredded"
3936,367,17,cubic inch
3937,368,85,oz
3938,368,926,package
3939,368,5.42,tsp
3940,368,100,g
3941,368,16.25,tbsp
3942,368,272,piece
3943,368,189.0,breast
3944,368,260,cup
3945,369,4.42,teaspoon
3946,369,212.0,cup
3947,369,1000.0,kg
3948,369,84.0,"fruit (2-3/8"" dia)"
3949,369,7.0,slice
3950,369,212,"cup, section"
3951,369,58,"fruit (2-1/8"" dia)"
3952,369,100,g
3953,369,58,nlea serving
3954,369,28.3495,wt. oz
3955,369,28.35,ounce
3956,369,13.25,tablespoon
3957,369,7,"wedge or slice (1/8 of one 2-1/8"" dia lemon)"
3958,370,134,"cup, diced"
3959,370,100,g
3960,370,134.0,cup
3961,370,28.3495,wt. oz
3962,370,55,oz (1 serving)
3963,370,28.35,oz (1 serving)
3964,371,100,g
3965,371,249,"cup, crushed, sliced, or chunk"
3966,371,249.0,cup
3967,371,28.3495,wt. oz
3968,371,35,"slice or ring, drained"
3969,371,47,"slice or ring (3"" dia) with liquid"
3970,371,28.35,ounce
3971,372,101.0,cup chopped
3972,372,4,"strip (4"" long)"
3973,372,110,nlea serving
3974,372,7.5,tbsp
3975,372,100,g
3976,372,2.5,tsp
3977,372,28.3495,wt. oz
3978,372,17,"stalk, small (5"" long)"
3979,372,40,rib
3980,372,120,cup
3981,372,64,"stalk, large (11""-12"" long)"
3982,372,40,"stalk, medium (7-1/2"" - 8"" long)"
3983,373,3.8,olive
3984,373,8.42,tablespoon
3985,373,4.4,large
3986,373,3.2,small
3987,373,100,g
3988,373,2.8,tsp
3989,373,28.3495,wt. oz
3990,373,28.35,ounce
3991,373,135.0,cup
3992,373,8.4,tbsp
3993,373,28.36,ounce
3994,374,15,tablespoon
3995,374,240.0,cup
3996,374,100,g
3997,374,28.3495,wt. oz
3998,374,5,tsp
3999,375,189,cup
4000,375,100,g
4001,375,28.3495,wt. oz
4002,375,28.35,ounce
4003,375,11.81,tbsp
4004,375,3.94,tsp
4005,376,28.3333,oz
4006,376,85,oz
4007,376,3812,bird
4008,376,8.44,tbsp
4009,376,28.35,slice
4010,376,100,g
4011,376,226.67,cup
4012,376,453.5917,lb
4013,376,113.4,"oz, cooked"
4014,376,453.592,lb
4015,376,453.59,lb
4016,376,5002,bird
4017,376,2.81,tsp
4018,376,453.5933,lb
4019,376,135.0,cup
4020,377,242,nlea serving
4021,377,453.5867,lb
4022,377,125,"cup, quartered or chopped"
4023,377,100,g
4024,377,28.35,oz
4025,377,182.0,"medium (3"" dia)"
4026,377,117.0,cup
4027,377,101,"extra small (2-1/2"" dia)"
4028,377,109,cup slice
4029,377,149,"small (2-3/4"" dia)"
4030,377,182.0,medium
4031,377,223.0,large
4032,377,223,"large (3-1/4"" dia)"
4033,378,9.44,tbsp
4034,378,126,nlea serving
4035,378,100,g
4036,378,49,grape
4037,378,302.0,pint
4038,378,3.15,tsp
4039,378,151.0,cup
4040,378,28.34,oz
4041,378,5,grape
4042,379,100,g
4043,379,249,"cup, crushed, sliced, or chunk"
4044,379,28.3495,wt. oz
4045,379,35,"slice or ring, drained"
4046,379,47,"slice or ring (3"" dia) with liquid"
4047,379,28.35,ounce
4048,380,1000.0,kg
4049,380,2.7,olive
4050,380,14.175,tablespoon
4051,380,100,g
4052,380,28.3495,wt. oz
4053,380,28.35,ounce
4054,380,226.8,cup
4055,381,100,g
4056,381,14.7,tbsp
4057,381,28.3495,wt. oz
4058,381,29.4,tbsp
4059,381,4.9,tsp
4060,381,235.0,cup
4061,381,14.695,tablespoon
4062,382,0.83,tsp
4063,382,100,g
4064,382,64,slice
4065,382,40,cup
4066,382,470.0,loaf
4067,382,28.3495,wt. oz
4068,382,45,"cup, crumb"
4069,382,2.5,tbsp
4070,383,134,"cup, diced"
4071,383,28.3511,ounce
4072,383,145,slice
4073,383,920,roast
4074,383,100,g
4075,383,134.0,cup
4076,383,453.5911,lb
4077,383,85,serving (3 oz)
4078,383,28.3495,wt. oz
4079,383,453.6,lb
4080,383,28.35,oz
4081,383,21,thin slice
4082,383,63,thick slice
4083,383,28.35,ounce
4084,383,453.59,lb
4085,383,67.75,slice
4086,383,453.5933,lb
4087,383,42,medium slice
4088,384,27,slices 1 serving
4089,384,100,g
4090,384,9.8,slice
4091,384,453.6,lb
4092,384,28,oz
4093,385,1.0,g
4094,385,100,g
4095,385,28.35,oz
4096,385,135,"cup, whole"
4097,385,115,"cup, chopped"
4098,385,125.0,cup
4099,386,13,"anisette sponge (4"" x 1-1/8"" x 7/8"")"
4100,386,11.0,ladyfinger
4101,386,100,g
4102,386,28.35,oz
4103,386,24,"breakfast treat (approx 4"" x 2"" x 7/8"")"
4104,387,100,g
4105,387,28.35,oz
4106,387,448,cup
4107,387,28,serving
4108,387,453.59,lb
4109,387,28.35,ounce
4110,387,28,tbsp
4111,387,9.33,tsp
4112,387,453.5933,lb
4113,388,233.07,cup
4114,388,100,g
4115,388,14.7,tbsp
4116,388,14.565,tablespoon
4117,388,233.08,cup
4118,388,235.2,cup
4119,388,4.9,tsp
4120,388,233.06,cup
4121,388,29,fl oz
4122,389,4.1,tsp
4123,389,196.8,cup
4124,389,24.6,fl oz
4125,389,100,g
4126,389,12.3,tbsp
4127,389,36.9,shot (1.5 fl oz)
4128,389,12.3,tablespoon
4129,389,24.6,ounce
4130,390,12.865,tablespoon
4131,390,208,cup
4132,390,100,g
4133,390,13,tbsp
4134,390,4.29,teaspoon
4135,390,28.3495,wt. oz
4136,390,4.2,tsp
4137,391,14.2,oz hershey
4138,391,100,g
4139,391,28.35,oz
4140,391,453.59,lb
4141,391,28.35,ounce
4142,391,29,oz square baker
4143,391,132,"cup, grated"
4144,391,28.36,ounce
4145,392,54.0,cup
4146,392,1.13,tsp
4147,392,100,g
4148,392,28.35,oz
4149,392,2,piece
4150,392,3.38,tbsp
4151,393,1.0,g
4152,393,1.7,nut
4153,393,8.44,tbsp
4154,393,100,g
4155,393,28.35,oz (167 kernels)
4156,393,28.3495,wt. oz
4157,393,8.44,tablespoon
4158,393,2.815,teaspoon
4159,393,2.81,tsp
4160,393,135,cup
4161,394,133,"cup, cube"
4162,394,100,g
4163,394,133.0,cup
4164,394,130,sweet potato
4165,394,28.3495,wt. oz
4166,394,130,"sweetpotato, 5"" long"
4167,395,15.63,tbsp
4168,395,250,cup
4169,395,195.0,cup
4170,395,100,g
4171,395,5.21,tsp
4172,395,28.3495,wt. oz
4173,395,28.35,ounce
4174,395,140,"cup, unthawed"
4175,396,14.81,tablespoon
4176,396,236.978,cup
4177,396,14.8,tbsp
4178,396,100,g
4179,396,4.93,tsp
4180,396,236.976,cup
4181,396,473.96,pint
4182,396,4.94,teaspoon
4183,396,178,fl oz
4184,396,236.8,cup
4185,396,236.98,cup
4186,396,29.6,fl oz
4187,396,710.4,fl oz
4188,396,237,cup (8 fl oz)
4189,396,236.96,cup
4190,397,2.0,raspberry
4191,397,312.0,pint
4192,397,1.0,g
4193,397,19,raspberrie
4194,397,100,g
4195,397,7.69,tbsp
4196,397,28.35,oz
4197,397,123,cup
4198,397,28.35,ounce
4199,397,2.56,tsp
4200,397,312,"pint as purchased, yield"
4201,398,173.52,cup
4202,398,173.5,cup
4203,398,232,"cup, pureed"
4204,398,152,"cup, halve"
4205,398,18.0,large
4206,398,144,"cup, whole"
4207,398,357.0,pint
4208,398,698.0,quart
4209,398,100,g
4210,398,90,large
4211,398,18,"large (1-3/8"" dia)"
4212,398,28.3495,wt. oz
4213,398,3.64,teaspoon
4214,398,12,"medium (1-1/4"" dia)"
4215,398,357,"pint as purchased, yield"
4216,398,147,nlea serving
4217,398,27,"extra large (1-5/8"" dia)"
4218,398,7,"small (1"" dia)"
4219,398,453.6,lb
4220,398,166,"cup, sliced"
4221,399,5.315,teaspoon
4222,399,15.95,tablespoon
4223,399,100,g
4224,399,16,tbsp
4225,399,15.945,tablespoon
4226,399,28.3495,wt. oz
4227,399,5.3,tsp
4228,399,255,cup
4229,399,15.9467,tablespoon
4230,400,114,medium
4231,400,133,"cup, cube"
4232,400,453.592,lb
4233,400,100,g
4234,400,180,large
4235,400,4.17,tsp
4236,400,28.3495,wt. oz
4237,400,130,sweet potato
4238,400,60,small
4239,400,130,"sweetpotato, 5"" long"
4240,400,453.59,lb
4241,400,133.0,cup
4242,400,114,"medium (2"" dia, 5"" long, raw)"
4243,400,200.0,cup
4244,400,12.5,tbsp
4245,400,453.5933,lb
4246,400,28.35,ounce
4247,401,145,cup (not packed)
4248,401,100,g
4249,401,165,"cup, packed"
4250,401,28.3495,wt. oz
4251,401,155.0,cup
4252,402,28.3533,ounce
4253,402,120,cup unsifted
4254,402,1.0,g
4255,402,100,g
4256,402,100,cup sifted
4257,402,7.5,tbsp
4258,402,2.5,tsp
4259,402,28.3495,wt. oz
4260,402,2.44,teaspoon
4261,402,28.35,ounce
4262,402,453.59,lb
4263,402,120,cup
4264,402,110.0,cup
4265,402,8,tbsp unsifted
4266,402,0.4945,ml
4267,403,453.5867,lb
4268,403,100,g
4269,403,247,item
4270,403,28.3495,wt. oz
4271,403,453.59,lb
4272,403,453.5933,lb
4273,404,442,can
4274,404,100,g
4275,404,14.88,tbsp
4276,404,28.3495,wt. oz
4277,404,28.35,ounce
4278,404,4.96,tsp
4279,404,238,cup
4280,405,11.1,"container, individual"
4281,405,480.0,pint
4282,405,240.0,cup
4283,405,100,g
4284,405,5,tsp
4285,405,30,fl oz
4286,405,15,tbsp
4287,406,236.9697,cup
4288,406,14.8,tbsp
4289,406,100,g
4290,406,4.93,tsp
4291,406,178,fl oz
4292,406,236.8,cup
4293,406,236.98,cup
4294,406,29.6,fl oz
4295,406,710.4,fl oz
4296,406,237,cup (8 fl oz)
4297,407,85,oz
4298,407,926,package
4299,407,5.42,tsp
4300,407,100,g
4301,407,16.25,tbsp
4302,407,453.6,lb
4303,407,272,piece
4304,407,189.0,breast
4305,407,260,cup
4306,408,100,g
4307,408,28.3495,wt. oz
4308,408,453.6,lb
4309,408,453.59,lb
4310,408,91,"link, 5/lb"
4311,408,113,"link, 4/lb"
4312,409,244,cup
4313,409,623.2,can
4314,409,100,g
4315,409,488.0,bowl (2 cups)
4316,409,30.5,ounce
4317,409,30.5,fl oz
4318,409,5.08,tsp
4319,409,15.25,tbsp
4320,410,42,box (1.48 oz)
4321,410,48,package (1.69 oz)
4322,410,208.0,cup
4323,410,7,piece
4324,410,100,g
4325,410,15,fun size bag
4326,410,4.33,tsp
4327,410,13,tbsp
4328,410,48,bag
4329,410,28.3495,wt. oz
4330,410,21,serving
4331,411,0.5,tsp
4332,411,100,g
4333,411,11.54,tbsp
4334,411,28.3495,wt. oz
4335,411,184.62,cup
4336,411,0.48,yield from 1 pod
4337,412,131.59,manicotti
4338,412,28.3495,wt. oz
4339,412,100,g
4340,412,28.35,ounce
4341,413,6,tsp
4342,413,100,g
4343,413,288,cup
4344,413,28.3495,wt. oz
4345,413,28.35,ounce
4346,413,18,tbsp
4347,414,247.0,cup
4348,414,5.17,tsp
4349,414,100,g
4350,414,246,cup
4351,414,124,cup
4352,414,15.44,tablespoon
4353,414,28.35,oz
4354,414,453.59,lb
4355,414,28.35,ounce
4356,414,15.5,tbsp
4357,415,7.06,tbsp
4358,415,100,g
4359,415,28.3495,wt. oz
4360,415,113,"cup, shredded"
4361,415,113.0,cup
4362,415,2.35,tsp
4363,416,1.0,g
4364,416,240.0,cup
4365,416,100,g
4366,416,60,cup
4367,416,5,tsp
4368,416,120,cup
4369,416,30,fl oz
4370,416,15,tbsp
4371,417,132,cup
4372,417,100,g
4373,417,33.0,ounce
4374,417,132,serving 1/2 cup
4375,417,16.5,tbsp
4376,417,5.5,tsp
4377,417,33,fl oz
4378,417,264.0,cup
4379,418,2.58,nut
4380,418,100,g
4381,418,134.0,cup
4382,418,134,"cup, whole or halve"
4383,418,28.3495,wt. oz
4384,418,28.35,oz (10-12 kernels)
4385,419,96,cup
4386,419,100,g
4387,419,2,tsp
4388,419,28.3495,wt. oz
4389,419,6,tbsp
4390,419,6.0,tablespoon
4391,419,2.0,teaspoon
4392,420,103,"cup, with pits, yield"
4393,420,155,"cup, without pit"
4394,420,100,g
4395,420,28.3495,wt. oz
4396,420,129.0,cup
4397,421,28.35,oz (49 kernels)
4398,421,100,g
4399,421,7.69,tbsp
4400,421,28.3495,wt. oz
4401,421,123.0,cup
4402,421,2.56,tsp
4403,421,0.7,kernel
4404,422,115.0,cup
4405,422,100,g
4406,422,7.19,tbsp
4407,422,28.3495,wt. oz
4408,422,2.4,tsp
4409,423,244.0,cup
4410,423,122,container (4 oz)
4411,423,100,g
4412,423,28.3495,wt. oz
4413,423,976.0,quart
4414,423,5.08,tsp
4415,423,15.25,tbsp
4416,424,100.8,cup
4417,424,2.13,teaspoon
4418,424,100,g
4419,424,2.12,teaspoon
4420,424,28.3495,wt. oz
4421,424,6.5,tbsp
4422,424,2.14,teaspoon
4423,424,2.1667,teaspoon
4424,424,2.135,teaspoon
4425,424,0.13,pinch
4426,424,2.1,tsp
4427,425,105.6,cup
4428,425,7,tbsp
4429,425,100,g
4430,425,2.2,tsp
4431,425,28.3495,wt. oz
4432,425,2.28,teaspoon
4433,425,2.26,teaspoon
4434,425,2.27,teaspoon
4435,425,2.25,teaspoon
4436,426,0.58,tsp
4437,426,28.0,cup
4438,426,28,cup (1 nlea serving)
4439,426,1.75,tbsp
4440,426,100,g
4441,426,28.3495,wt. oz
4442,427,48.0,cup
4443,427,100,g
4444,427,28.3495,wt. oz
4445,427,3,tbsp
4446,427,2,packet
4447,427,1,tsp
4448,428,96,cup
4449,428,100,g
4450,428,2,tsp
4451,428,28.3495,wt. oz
4452,428,6,tbsp
4453,428,2.0,teaspoon
4454,429,15.0,tablespoon
4455,429,240.0,cup
4456,429,100,g
4457,429,15,"container, individual"
4458,429,28.3495,wt. oz
4459,429,5,tsp
4460,429,120,cup
4461,429,15,tbsp
4462,430,14.8,tablespoon
4463,430,4.93,tsp
4464,430,100,g
4465,430,236.8,cup
4466,430,29.6,fl oz
4467,430,14.8,tbsp
4468,431,1.0,g
4469,431,38.2,oz
4470,431,100,g
4471,431,38.2,ounce
4472,431,19.1,tbsp
4473,431,38.2,fl oz
4474,431,306.0,cup
4475,431,6.37,tsp
4476,432,28.35,oz
4477,432,38.0,piece (1/12 of 16 oz cake)
4478,432,100,g
4479,433,109.5,cup
4480,433,95,"cup, ground"
4481,433,109.5152,cup
4482,433,143,"cup, whole"
4483,433,100,g
4484,433,108,"cup, slivered"
4485,433,28.3495,wt. oz
4486,433,109.5067,cup
4487,433,92,"cup, sliced"
4488,433,28.35,oz (23 whole kernels)
4489,433,1.2,almond
4490,434,567.0,package
4491,434,221,"cup, thawed"
4492,434,100,g
4493,434,185.0,cup
4494,434,567,package (20 oz)
4495,434,28.3495,wt. oz
4496,434,10.6,berry
4497,434,28.35,ounce
4498,434,149,"cup, unthawed"
4499,435,113,oz
4500,435,100,g
4501,435,453.6,lb
4502,435,453.59,lb
4503,435,453.5933,lb
4504,436,164,large
4505,436,240,cup
4506,436,100,g
4507,436,190,can
4508,436,28.3493,ounce
4509,436,28.3495,wt. oz
4510,436,5,tsp
4511,436,28.35,ounce
4512,436,82,small
4513,436,15,tbsp
4514,436,111,medium
4515,437,177.0,cup
4516,437,11,tbsp
4517,437,100,g
4518,437,28.3495,wt. oz
4519,437,3.83,tsp
4520,437,184.0,cup
4521,437,28.35,ounce
4522,437,453.59,lb
4523,437,12.2,tbsp
4524,437,3.69,tsp
4525,438,202.0,cup
4526,438,100,g
4527,438,28.3495,wt. oz
4528,438,4.21,tsp
4529,438,12.6,tbsp
4530,439,240,cup
4531,439,100,g
4532,439,240,fl oz
4533,439,30.0,ounce
4534,439,5,tsp
4535,439,15,tbsp
4536,440,225.6,cup
4537,440,14.26,tablespoon
4538,440,0.595,dashe
4539,440,1.2,tsp
4540,440,14.1,tbsp
4541,440,4.76,teaspoon
4542,440,0.59,dash
4543,440,4.7467,teaspoon
4544,440,4.75,teaspoon
4545,440,100,g
4546,440,4.7533,teaspoon
4547,440,14.25,tablespoon
4548,440,28.3495,wt. oz
4549,440,4.7,tsp
4550,441,28.3495,wt. oz
4551,441,100,g
4552,441,453.59,lb
4553,441,62,tomato
4554,442,11.4,tbsp
4555,442,0.965,teaspoon
4556,442,1.5,tbsp
4557,442,100,g
4558,442,1.9,tsp
4559,442,24,cup
4560,442,28.3495,wt. oz
4561,442,28.35,ounce
4562,442,2.9,tablespoon
4563,442,0.97,teaspoon
4564,442,0.3,leave
4565,443,227,container (8 oz)
4566,443,14.175,tablespoon
4567,443,245,cup (8 fl oz)
4568,443,100,g
4569,443,28.3495,wt. oz
4570,443,170,container (6 oz)
4571,443,28.35,ounce
4572,443,226.8,cup
4573,443,226.7879,cup
4574,444,2.7,olive
4575,444,28.3495,wt. oz
4576,444,100,g
4577,445,173.0,cup
4578,445,10.81,tbsp
4579,445,100,g
4580,445,157,"cup, cooked"
4581,445,28.3495,wt. oz
4582,445,342.5,cup
4583,445,86,"oz, dry, yield"
4584,445,3.6,tsp
4585,445,528,"cup, dry, yield"
4586,446,20,tbsp
4587,446,20,serving
4588,446,100,g
4589,446,320.0,cup
4590,446,20.0,tablespoon
4591,446,28.3495,wt. oz
4592,446,14,package (0.5 oz)
4593,446,28.35,ounce
4594,446,6.67,tsp
4595,447,100,g
4596,447,16.0633,tablespoon
4597,447,32,tbsp
4598,447,28.3495,wt. oz
4599,447,258,cup
4600,447,453.59,lb
4601,447,16.065,tablespoon
4602,447,5.33,tsp
4603,448,5.403,teaspoon
4604,448,100,g
4605,448,259.2,cup
4606,448,5.4,each
4607,448,28.3495,wt. oz
4608,448,16.2,tbsp
4609,448,16.2,tablespoon
4610,448,5.4,teaspoon
4611,448,5.39,serving
4612,449,89,cup
4613,449,100,g
4614,449,1.85,tsp
4615,449,6,slice
4616,449,28.3495,wt. oz
4617,449,453.59,lb
4618,449,5.56,tbsp
4619,449,89,leek
4620,450,3.02,tsp
4621,450,160.0,cup
4622,450,100,g
4623,450,10,tbsp
4624,450,9.06,tbsp
4625,450,28.3495,wt. oz
4626,450,453.6,lb
4627,450,453.59,lb
4628,450,28.35,ounce
4629,450,3.33,tsp
4630,450,145,cup
4631,451,85,oz
4632,451,100,g
4633,451,453.59,lb
4634,451,396,link
4635,452,100,g
4636,452,16.0633,tablespoon
4637,452,5.355,teaspoon
4638,452,32,tbsp
4639,452,1.0864,ml
4640,452,28.3495,wt. oz
4641,452,258,cup
4642,452,28.35,ounce
4643,452,16.06,tablespoon
4644,452,16.065,tablespoon
4645,452,16.0625,tablespoon
4646,452,5.33,tsp
4647,453,20,sprig
4648,453,0.33,tsp
4649,453,1,tbsp
4650,453,100,g
4651,453,1.0,tablespoon
4652,453,0.0676,ml
4653,453,28.3495,wt. oz
4654,453,0.85,sprig
4655,453,32,bunch
4656,453,4,cup
4657,454,2.8164,teaspoon
4658,454,2.815,teaspoon
4659,454,136,cup
4660,454,100,g
4661,454,30,head
4662,454,8.45,tablespoon
4663,454,28.3495,wt. oz
4664,454,2.82,teaspoon
4665,454,2.8333,teaspoon
4666,454,0.572,ml
4667,454,0.18,pinch
4668,454,2.8,tsp
4669,454,8.44,tablespoon
4670,454,28.35,ounce
4671,454,2.8,teaspoon
4672,454,2.8133,teaspoon
4673,454,8.4467,tablespoon
4674,454,8.5,tbsp
4675,454,2.8175,teaspoon
4676,454,28.35,oz
4677,454,3,clove
4678,454,9,clove
4679,455,14,packet (0.5 oz)
4680,455,20,tbsp
4681,455,100,g
4682,455,320.0,cup
4683,455,20.0,tablespoon
4684,455,28.3495,wt. oz
4685,455,28.35,ounce
4686,455,6.67,tsp
4687,456,38,"slice, large (1/4"" thick)"
4688,456,110,"medium (2-1/2"" dia)"
4689,456,137.52,cup
4690,456,137.5,cup
4691,456,100,g
4692,456,60,ring
4693,456,110.0,medium
4694,456,115,"cup, sliced"
4695,456,14,"slice, medium (1/8"" thick)"
4696,456,70,small
4697,456,28.3495,wt. oz
4698,456,150,large
4699,456,27.5,"medium (2-1/2"" dia)"
4700,456,9,"slice, thin"
4701,456,10,tbsp chopped
4702,456,160.0,"cup, chopped"
4703,457,148.8,cup
4704,457,120.5067,cup
4705,457,10,"ring (3"" dia, 1/4"" thick)"
4706,457,74,small
4707,457,120.5075,cup
4708,457,100,g
4709,457,149.0,"cup, chopped"
4710,457,3.1,tsp
4711,457,164,"large (2-1/4 per lb, approx 3-3/4"" long, 3"" dia)"
4712,457,27,strip
4713,457,28.3495,wt. oz
4714,457,119.0,medium
4715,457,9.3,tbsp
4716,457,120.5,cup
4717,457,92,"cup, sliced"
4718,457,120.52,cup
4719,457,119,"medium (approx 2-3/4"" long, 2-1/2"" dia)"
4720,458,6,tbsp chopped
4721,458,100,g
4722,458,6.125,tablespoon
4723,458,28.3495,wt. oz
4724,458,15.0,"medium (4-1/8"" long)"
4725,458,25,large
4726,458,100,"cup, chopped"
4727,458,100.0,cup
4728,458,5,"small (3"" long)"
4729,458,15.0,medium
4730,459,9.88,tbsp
4731,459,100,g
4732,459,3.29,tsp
4733,459,28.3495,wt. oz
4734,459,158.0,cup
4735,460,100,g
4736,460,14.7,tbsp
4737,460,28.3495,wt. oz
4738,460,29.4,tbsp
4739,460,4.9,tsp
4740,460,235.0,cup
4741,461,50,package (1.75 oz)
4742,461,8.4,tablespoon
4743,461,134.4,cup
4744,461,100,g
4745,461,2.8,tsp
4746,461,28.35,oz
4747,461,50.0,package
4748,461,8.4,tbsp
4749,462,340,package (12 oz)
4750,462,2.17,tsp
4751,462,1.0,g
4752,462,100,g
4753,462,104.0,cup
4754,462,28.3495,wt. oz
4755,462,6.5,tbsp
4756,462,28.35,ounce
4757,463,14.55,tablespoon
4758,463,100,g
4759,463,14.2,tbsp
4760,463,28.3495,wt. oz
4761,463,255,cup
4762,463,4.5,tsp
4763,464,148.8,cup
4764,464,10,"ring (3"" dia, 1/4"" thick)"
4765,464,74,small
4766,464,164.0,large
4767,464,100,g
4768,464,149.0,"cup, chopped"
4769,464,3.1,tsp
4770,464,164,"large (2-1/4 per lb, approx 3-3/4"" long, 3"" dia)"
4771,464,27,strip
4772,464,28.3495,wt. oz
4773,464,119.0,medium
4774,464,9.3,tbsp
4775,464,92,"cup, sliced"
4776,464,119,"medium (approx 2-3/4"" long, 2-1/2"" dia)"
4777,465,47.0,cup
4778,465,100,g
4779,465,2.94,tbsp
4780,465,28.3495,wt. oz
4781,465,0.98,tsp
4782,466,34.0,"cup, chopped"
4783,466,100,g
4784,466,28.3495,wt. oz
4785,466,25,sprig
4786,466,2.5,sprig
4787,467,100,g
4788,467,201.0,"avocado, ns as to florida or california"
4789,467,28.3495,wt. oz
4790,467,150,"cup, cube"
4791,467,230,"cup, pureed"
4792,467,146,"cup, sliced"
4793,468,9.375,tablespoon
4794,468,150.0,cup
4795,468,38,wedge (1.33 oz)
4796,468,100,g
4797,468,28.35,oz
4798,468,453.6,lb
4799,468,453.592,lb
4800,468,28.35,ounce
4801,468,150,"cup, crumbled"
4802,468,17,cubic inch
4803,469,8.5,tbsp
4804,469,85,cup slice
4805,469,100,"beets (2"" dia, sphere)"
4806,469,100,g
4807,469,170.0,slice
4808,469,82,"beet (2"" dia)"
4809,469,200,bunch
4810,469,28.3495,wt. oz
4811,469,453.59,lb
4812,469,50,beet
4813,469,136.0,cup
4814,469,2.83,tsp
4815,469,170.0,cup
4816,470,5,medium
4817,470,10.0,jumbo
4818,470,85,oz
4819,470,4,small
4820,470,3.02,tsp
4821,470,100,g
4822,470,5,shrimp
4823,470,22,large
4824,470,6,large
4825,470,9.06,tbsp
4826,470,145,cup
4827,471,28.35,"oz, boneles"
4828,471,45,can (2 oz)
4829,471,20,anchovie
4830,471,100,g
4831,471,4.0,anchovy
4832,471,28.3495,wt. oz
4833,472,8.13,tbsp
4834,472,2.71,tsp
4835,472,100,g
4836,472,130,cup
4837,472,2.88,"olive, pitted"
4838,472,28.3495,wt. oz
4839,473,28.3495,wt. oz
4840,473,100,g
4841,473,135,"cup, strip"
4842,473,114.0,pepper
4843,474,1,slice
4844,474,100,g
4845,474,9,"large (1"" to 1-1/4"" dia)"
4846,474,7.25,tablespoon
4847,474,116,cup slice
4848,474,28.3495,wt. oz
4849,474,58,cup slice
4850,474,2,small
4851,474,4.5,"medium (3/4"" to 1"" dia)"
4852,475,31.3,ounce
4853,475,15.63,tbsp
4854,475,250.0,cup
4855,475,31.3,fl oz
4856,475,100,g
4857,475,5.21,tsp
4858,476,85,oz
4859,476,3.46,tsp
4860,476,166,cup
4861,476,100,g
4862,476,453.59,lb
4863,476,10.38,tbsp
4864,476,198,fillet
4865,477,85,oz
4866,477,197,unit (yield from 1 lb ready-to-cook chicken)
4867,477,329,"chicken, bone and skin removed"
4868,477,100,g
4869,477,453.6,lb
4870,478,28.35,oz
4871,478,100,g
4872,478,66.36,piece
4873,478,390,"can, refrigerated"
4874,479,15.9375,tablespoon
4875,479,15.94,tbsp
4876,479,100,g
4877,479,5.31,tsp
4878,479,28.3495,wt. oz
4879,479,510,bowl (2 cups)
4880,479,255,cup
4881,480,100,g
4882,480,28.3495,wt. oz
4883,480,453.6,lb
4884,480,21,slice (3/4 oz)
4885,480,19,slice (2/3 oz)
4886,481,244,"cup, melted"
4887,481,15,cubic inch
4888,481,108,"cup, shredded"
4889,481,100,g
4890,481,28.35,oz
4891,481,28.0,slice
4892,481,453.6,lb
4893,481,28,slice (1 oz)
4894,481,28.35,ounce
4895,481,120.0,cup
4896,481,132,"cup, diced"
4897,482,9.375,tablespoon
4898,482,369,"potato large (3"" to 4-1/4"" dia)"
4899,482,213.0,medium
4900,482,150.0,cup
4901,482,100,g
4902,482,213.0,potato medium
4903,482,75,"cup, diced"
4904,482,28.35,oz
4905,482,213,"potato medium (2-1/4"" to 3-1/4"" dia)"
4906,482,28.3495,wt. oz
4907,482,369.0,large
4908,482,31,baby potato
4909,482,170,"potato small (1-3/4"" to 2-1/2"" dia)"
4910,483,85,oz
4911,483,920,chicken
4912,483,453.5925,lb
4913,483,100,g
4914,483,453.59,lb
4915,483,276,unit (yield from 1 lb ready-to-cook chicken)
4916,483,460,"chicken, bone removed"
4917,484,3.3,cracker
4918,484,100,g
4919,484,72,"cup, crushed"
4920,484,28.3495,wt. oz
4921,484,16,cracker (1 nlea serving)
4922,485,100,g
4923,485,305,can
4924,485,305,oz
4925,485,5.25,tsp
4926,485,126,cup
4927,485,28.372,ounce
4928,485,15.75,tbsp
4929,486,1,slice
4930,486,192,cup
4931,486,66,"pimiento, whole"
4932,486,100,g
4933,486,4,tsp
4934,486,28.3495,wt. oz
4935,486,28.35,ounce
4936,486,12,tbsp
4937,487,20,tbsp
4938,487,100,g
4939,487,28.3495,wt. oz
4940,487,6.75,teaspoon
4941,487,6.83,tsp
4942,487,328.0,cup
4943,488,148.8,cup
4944,488,119,"medium (approx 2-3/4"" long, 2-1/2 dia.)"
4945,488,74,small
4946,488,164.0,large
4947,488,164,"large (2-1/4 per pound, approx 3-3/4"" long, 3"" dia.)"
4948,488,100,g
4949,488,149,"cup, chopped"
4950,488,3.1,tsp
4951,488,28.3495,wt. oz
4952,488,119.0,medium
4953,488,92,"cup, sliced"
4954,488,9.3,tablespoon
4955,488,10,"ring (3"" dia., 1/4"" thick)"
4956,489,15.0,tablespoon
4957,489,5.0,teaspoon
4958,489,240,cup
4959,489,100,g
4960,489,28.3495,wt. oz
4961,489,5,tsp
4962,489,15,tbsp
4963,490,28.335,cup
4964,490,85,oz
4965,490,85.05,serving
4966,490,100,g
4967,490,85,cup
4968,490,28.3333,cup
4969,491,122.0,cup
4970,491,100,g
4971,491,28.3495,wt. oz
4972,491,2.54,tsp
4973,491,7.63,tbsp
4974,492,20,slice or wedge
4975,492,11.25,tbsp
4976,492,123.0,medium
4977,492,3.75,tsp
4978,492,100,g
4979,492,453.5917,lb
4980,492,28.3495,wt. oz
4981,492,182,large
4982,492,180,cup
4983,492,91,small
4984,493,0.2,pod
4985,493,2.46,tsp
4986,493,100,g
4987,493,28.3495,wt. oz
4988,493,7.38,tbsp
4989,493,118.08,cup
4990,494,2.0533,teaspoon
4991,494,2.06,teaspoon
4992,494,100,g
4993,494,28.3495,wt. oz
4994,494,98.4,cup
4995,494,6,"tbsp, whole"
4996,494,2.1,"tsp, whole"
4997,494,2.05,teaspoon
4998,495,5,tbsp
4999,495,7.8,"tbsp, ground"
5000,495,100,g
5001,495,86.4,cup
5002,495,2.17,teaspoon
5003,495,2.6,"tsp, ground"
5004,495,104.0,cup
5005,495,28.3495,wt. oz
5006,495,1.8,tsp
5007,495,6.5,tablespoon
5008,496,18,medium
5009,496,10,small
5010,496,70,"cup, pieces or slice"
5011,496,1.0,g
5012,496,23,large
5013,496,100,g
5014,496,6,slice
5015,496,28.3495,wt. oz
5016,496,4.915,tablespoon
5017,496,35,cup piece
5018,496,78.665,cup
5019,496,96,"cup, whole"
5020,497,28.3533,ounce
5021,497,122.0,cup
5022,497,2.54,teaspoon
5023,497,100,g
5024,497,28.3495,wt. oz
5025,497,2.54,tsp
5026,497,7.63,tbsp
5027,497,7.6267,tablespoon
5028,498,113,oz
5029,498,145,cup (not packed)
5030,498,145.0,cup
5031,498,100,g
5032,499,0.58,tsp
5033,499,28.0,cup
5034,499,28,cup (1 nlea serving)
5035,499,1.75,tbsp
5036,499,100,g
5037,499,28.3495,wt. oz
5038,500,32,cup
5039,500,128.0,cup
5040,500,8,tbsp
5041,500,2.67,tsp
5042,500,128,"cup, shelled"
5043,500,8.0,tablespoon
5044,500,100,g
5045,500,28.4,"oz, shelled"
5046,500,28.35,oz
5047,500,27,package (1.875 oz) yield
5048,500,15,"oz, in shell, yield"
5049,500,46,"cup, in shell, yield"
5050,501,1000.0,kg
5051,501,147,"cup, chopped"
5052,501,147.0,cup
5053,501,1.0,g
5054,501,7.1,piece
5055,501,100,g
5056,501,28.3495,wt. oz
5057,501,453.59,lb
5058,501,28.35,ounce
5059,501,7.1,"date, pitted"
5060,501,453.5933,lb
5061,502,124.0,cup slice
5062,502,100,g
5063,502,36,waterchestnut
5064,502,62,cup slice
5065,502,124.0,cup
5066,502,28.3495,wt. oz
5067,502,28.35,ounce
5068,503,5.1,teaspoon
5069,503,5.09,teaspoon
5070,503,100,g
5071,503,5.0933,teaspoon
5072,503,5.08,teaspoon
5073,503,249,cup
5074,503,28.3495,wt. oz
5075,503,15.56,tbsp
5076,503,15.28,tablespoon
5077,503,5.095,teaspoon
5078,503,5.19,tsp
5079,503,5,tsp or 1 packet
5080,504,63,"cup, whole"
5081,504,100,g
5082,504,34,pea pod
5083,504,98,"cup, chopped"
5084,504,28.3495,wt. oz
5085,504,453.6,lb
5086,504,28.35,ounce
5087,505,82,"cup, cube"
5088,505,660.0,large
5089,505,418,small eggplant
5090,505,418.0,small
5091,505,100,g
5092,505,82.0,cup
5093,505,28.3495,wt. oz
5094,505,660,large eggplant
5095,505,458,"eggplant, peeled (yield from 1-1/4 lb)"
5096,505,548,"eggplant, unpeeled (approx 1-1/4 lb)"
5097,506,1.14,teaspoon
5098,506,1.2,tsp
5099,506,100,g
5100,506,28.3495,wt. oz
5101,506,3.3,tbsp
5102,506,1.15,teaspoon
5103,506,3.45,tablespoon
5104,506,57.6,cup
5105,507,0.83,tsp
5106,507,10,"slice, small (3-1/4"" x 2-1/2"" x 1/2"")"
5107,507,30,"slice, large (4-1/2"" x 3-1/4"" x 3/4"")"
5108,507,20.0,slice
5109,507,454.0,loaf
5110,507,100,g
5111,507,40,cup
5112,507,73,"6"" sandwich roll"
5113,507,28.35,oz
5114,507,20,"slice, medium"
5115,507,106,"8"" sandwich roll"
5116,507,2.5,tbsp
5117,507,153,"12"" sandwich roll"
5118,508,227,container (8 oz)
5119,508,14.175,tablespoon
5120,508,245,cup (8 fl oz)
5121,508,100,g
5122,508,28.3495,wt. oz
5123,508,170,container (6 oz)
5124,508,14.18,tablespoon
5125,508,226.7879,cup
5126,509,100,g
5127,509,113.4,oz
5128,509,10,leaf
5129,509,1.88,tbsp
5130,509,453.59,lb
5131,509,28.35,ounce
5132,509,30.0,cup
5133,509,284,package (10 oz)
5134,509,0.63,tsp
5135,509,90,cup
5136,509,340,bunch
5137,510,5.625,tablespoon
5138,510,1.875,teaspoon
5139,510,100,g
5140,510,90,"cup, sliced"
5141,510,28.3495,wt. oz
5142,510,14.0,pepper
5143,511,154.0,cup
5144,511,175.0,large
5145,511,130,"small (2-1/2"" dia)"
5146,511,224,"extra large (3"" dia)"
5147,511,100,g
5148,511,154.0,slice
5149,511,28.35,oz
5150,511,150,"medium (2-2/3"" dia)"
5151,511,154,cup slice
5152,511,175,"large (2-3/4"" dia)"
5153,511,150.0,medium
5154,511,147,nlea serving
5155,512,145,cup (not packed)
5156,512,28.35,oz (60 raisins)
5157,512,453.5867,lb
5158,512,100,g
5159,512,165,"cup, packed"
5160,512,14,miniature box (.5 oz)
5161,512,26,raisin
5162,512,28.3495,wt. oz
5163,512,453.59,lb
5164,512,453.6,lb
5165,512,155.0,cup
5166,512,43,small box (1.5 oz)
5167,513,160.0,cup
5168,513,100,g
5169,513,10,tbsp
5170,513,10.25,tbsp
5171,513,28.35,oz
5172,513,28.3495,wt. oz
5173,513,3.33,tsp
5174,513,28.35,ounce
5175,513,3.42,tsp
5176,513,164,cup
5177,514,100,g
5178,514,185.0,cup
5179,514,28.3495,wt. oz
5180,514,3.85,tsp
5181,514,11.56,tbsp
5182,515,1.14,teaspoon
5183,515,1.2,tsp
5184,515,1.16,teaspoon
5185,515,100,g
5186,515,28.3495,wt. oz
5187,515,3.3,tbsp
5188,515,1.15,teaspoon
5189,515,3.45,tablespoon
5190,515,57.6,cup
5191,516,9.0,tablespoon
5192,516,0.19,pinch
5193,516,144,cup
5194,516,1.0,g
5195,516,3,tsp
5196,516,100,g
5197,516,3.0,teaspoon
5198,516,28.3495,wt. oz
5199,516,9,tbsp
5200,516,1.5,tsp
5201,517,165,"cup, sliced"
5202,517,160.0,cup
5203,517,100,g
5204,517,28.35,oz
5205,517,155,"cup, halve"
5206,517,453.592,lb
5207,517,35,apricot
5208,518,68,berrie
5209,518,100,g
5210,518,1.36,berry
5211,518,28.35,oz
5212,518,3.08,tsp
5213,518,28.35,ounce
5214,518,9.25,tbsp
5215,518,74,cup
5216,518,148,cup
5217,519,5,tbsp
5218,519,100,g
5219,519,1.67,tsp
5220,519,4.25,tablespoon
5221,519,14,cup
5222,519,28.3495,wt. oz
5223,519,56.0,cup
5224,520,1.0,g
5225,520,453.5925,lb
5226,520,113,oz
5227,520,100,g
5228,520,453.6,lb
5229,520,453.59,lb
5230,520,453.592,lb
5231,520,453.5933,lb
5232,521,0.06,pinch
5233,521,2.75,tablespoon
5234,521,0.92,tsp
5235,521,44,cup
5236,521,100,g
5237,521,28.3495,wt. oz
5238,522,1.2,tsp
5239,522,14.4,tbsp
5240,522,4.8,teaspoon
5241,522,100,g
5242,522,230.4,cup
5243,522,28.3495,wt. oz
5244,522,4.8,tsp
5245,523,56,extra large
5246,523,243,cup (4.86 large eggs)
5247,523,100,g
5248,523,38,small
5249,523,28.3495,wt. oz
5250,523,63,jumbo
5251,523,50.0,large
5252,523,44,medium
5253,524,8.5,tbsp
5254,524,58,extra large
5255,524,100,g
5256,524,136,"cup, chopped"
5257,524,44,medium
5258,524,28.3495,wt. oz
5259,524,136,cup
5260,524,5,slice
5261,524,37,small
5262,524,2.83,tsp
5263,524,50.0,large
5264,524,65,jumbo
5265,525,7.81,tbsp
5266,525,125.0,cup
5267,525,100,g
5268,525,0.5283,ml
5269,525,28.3495,wt. oz
5270,525,2.6,tsp
5271,526,100,g
5272,526,28.3495,wt. oz
5273,526,3.08,tsp
5274,526,9.25,tbsp
5275,526,148.0,cup
5276,527,5.2,tbsp
5277,527,84,"cup, stirred"
5278,527,100,g
5279,527,28.3495,wt. oz
5280,527,83.2,cup
5281,527,1.73,tsp
5282,527,84.0,cup
5283,528,4.13,tsp
5284,528,100,g
5285,528,198.0,cup
5286,528,28.3495,wt. oz
5287,528,12.3,tbsp
5288,529,100,g
5289,529,2.48,tsp
5290,529,7.44,tbsp
5291,529,28.3495,wt. oz
5292,529,119.0,cup
5293,530,2.13,tsp
5294,530,6.38,tbsp
5295,530,102.0,cup
5296,530,100,g
5297,530,28.3495,wt. oz
5298,531,77,serving 14 round piece
5299,531,160,serving 29 round piece
5300,531,100,g
5301,531,5.5,round piece
5302,531,53,patty
5303,531,28.3495,wt. oz
5304,531,226.8,cup
5305,532,0.2,teaspoon
5306,532,1,sprig
5307,532,8.92,cup
5308,532,0.555,tablespoon
5309,532,100,g
5310,532,0.19,teaspoon
5311,532,28.3495,wt. oz
5312,532,0.185,teaspoon
5313,532,0.1818,teaspoon
5314,532,8.9,cup sprig
5315,532,0.18,teaspoon
5316,532,0.2,sprig
5317,533,217.5075,cup
5318,533,13.595,tablespoon
5319,533,217.52,cup
5320,533,113,oz
5321,533,225,"cup, small curd (not packed)"
5322,533,100,g
5323,533,4.53,tsp
5324,533,108.75,cup
5325,533,217.5,cup
5326,533,217.5152,cup
5327,533,453.59,lb
5328,533,13.59,tbsp
5329,533,453.5933,lb
5330,533,28.25,ounce
5331,533,210,"cup, large curd (not packed)"
5332,534,48,cup
5333,534,1.015,teaspoon
5334,534,3.1,tbsp
5335,534,1.0,teaspoon
5336,534,100,g
5337,534,1.02,teaspoon
5338,534,28.3495,wt. oz
5339,534,1,tsp
5340,535,38,"slice, large (1/4"" thick)"
5341,535,110,"medium (2-1/2"" dia)"
5342,535,137.5,cup
5343,535,100,g
5344,535,60,ring
5345,535,110.0,medium
5346,535,115,"cup, sliced"
5347,535,14,"slice, medium (1/8"" thick)"
5348,535,70,small
5349,535,28.3495,wt. oz
5350,535,150.0,large
5351,535,27.5,"medium (2-1/2"" dia)"
5352,535,9,"slice, thin"
5353,535,10,tbsp chopped
5354,535,160,"cup, chopped"
5355,536,18,medium
5356,536,10,small
5357,536,70,"cup, pieces or slice"
5358,536,23,large
5359,536,100,g
5360,536,6,slice
5361,536,28.3495,wt. oz
5362,536,453.59,lb
5363,536,35,cup piece
5364,536,96,"cup, whole"
5365,537,90,cup lasagna
5366,537,107,cup rotini
5367,537,107,cup ziti
5368,537,135,cup linguine
5369,537,116,cup lasagne
5370,537,132,cup elbows packed
5371,537,57,lasagna noodle (cooked)
5372,537,2.92,tsp
5373,537,100,g
5374,537,151,cup spaghetti packed
5375,537,91,cup spaghetti
5376,537,28.3495,wt. oz
5377,537,64,cup shell
5378,537,57,oz
5379,537,122,cup elbow
5380,537,81,cup farfalle
5381,537,96,cup rotini
5382,537,453.59,lb
5383,537,28.35,ounce
5384,537,28.5,ounce
5385,537,95,cup penne
5386,537,8.75,tbsp
5387,537,124,cup spaghetti not packed
5388,537,107,cup penne
5389,537,140,cup
5390,537,107,cup farfalle
5391,537,135,cup capellini
5392,537,120,cup elbows not packed
5393,537,105,cup shell
5394,538,14.926,tablespoon
5395,538,1.0094,ml
5396,538,14.9,tbsp
5397,538,4.9733,teaspoon
5398,538,14.925,tablespoon
5399,538,100,g
5400,538,28.3495,wt. oz
5401,538,5,tsp
5402,538,955.2,quart
5403,538,14.92,tablespoon
5404,538,238,cup
5405,539,100,g
5406,539,0.913,ml
5407,539,28.3495,wt. oz
5408,539,13.5,tablespoon
5409,539,216,cup
5410,539,4.5,tsp
5411,539,6.75,tablespoon
5412,540,85,oz
5413,540,1.0,gram
5414,540,100,g
5415,540,148,thigh without skin
5416,540,181,thigh
5417,541,227,container (8 oz)
5418,541,245,cup (8 fl oz)
5419,541,100,g
5420,541,0.9586,ml
5421,541,28.3495,wt. oz
5422,541,170,container (6 oz)
5423,541,226.8,cup
5424,541,113,container (4 oz)
5425,542,100,g
5426,542,138,"cup, with pits, yield"
5427,542,154,"cup, without pit"
5428,542,8.2,cherry
5429,542,28.35,oz
5430,542,453.59,lb
5431,542,28.35,ounce
5432,542,140,nlea serving
5433,543,142,"medium (2-1/2"" dia)"
5434,543,143,cup slice
5435,543,100,g
5436,543,143.0,cup
5437,543,129,"small (2-1/3"" dia)"
5438,543,28.35,oz
5439,543,156,"large (2-3/4"" dia)"
5440,543,140,nlea serving
5441,544,165,"cup, sliced"
5442,544,100,g
5443,544,28.35,oz
5444,544,151,nlea serving
5445,544,165.0,cup
5446,544,66,"fruit (2-1/8"" dia)"
5447,545,107,cup rotini
5448,545,107,cup ziti
5449,545,135,cup linguine
5450,545,116,cup lasagne
5451,545,132,cup elbows packed
5452,545,57.0,lasagna noodle (cooked)
5453,545,2.92,tsp
5454,545,100,g
5455,545,151,cup spaghetti packed
5456,545,28.3495,wt. oz
5457,545,28.35,ounce
5458,545,8.75,tbsp
5459,545,124,cup spaghetti not packed
5460,545,107,cup penne
5461,545,140,cup
5462,545,107,cup farfalle
5463,545,135,cup capellini
5464,545,120,cup elbows not packed
5465,545,105,cup shell
5466,546,113,oz
5467,546,100,g
5468,546,453.592,lb
5469,546,453.59,lb
5470,546,453.6,lb
5471,546,453.5933,lb
5472,547,1.8,"tsp, ground"
5473,547,1,"tsp, leave"
5474,547,1.4167,teaspoon
5475,547,100,g
5476,547,67.2121,cup
5477,547,28.3495,wt. oz
5478,547,4.2,tablespoon
5479,547,1.4,teaspoon
5480,547,0.09,pinch
5481,548,42,"croissant, small"
5482,548,100,g
5483,548,28.35,oz
5484,548,57,"croissant, medium"
5485,548,67.0,"croissant, large"
5486,548,28,"croissant, mini"
5487,549,11.3,tbsp
5488,549,3.5,tsp
5489,549,100,g
5490,549,181.2,cup
5491,549,28.3495,wt. oz
5492,549,11.04,tablespoon
5493,550,28.3495,wt. oz
5494,550,17,cake (0.6 oz)
5495,550,100,g
5496,550,28.36,ounce
5497,551,422.0,pint
5498,551,100,g
5499,551,230.0,cup
5500,551,28.3495,wt. oz
5501,551,4,tsp
5502,551,12,tablespoon
5503,552,7,slice
5504,552,158,small
5505,552,280,large
5506,552,453.5914,lb
5507,552,100,g
5508,552,52,cup slice
5509,552,104.0,cup
5510,552,301,"cucumber (8-1/4"")"
5511,552,28.3495,wt. oz
5512,552,1664.0,gallon
5513,552,416.0,quart
5514,552,453.5933,lb
5515,552,201,medium
5516,553,148.8,cup
5517,553,119,"medium (approx 2-3/4"" long, 2-1/2 dia.)"
5518,553,74,small
5519,553,164,"large (2-1/4 per pound, approx 3-3/4"" long, 3"" dia.)"
5520,553,164.0,large
5521,553,100,g
5522,553,149,"cup, chopped"
5523,553,3.1,tsp
5524,553,28.3495,wt. oz
5525,553,119.0,medium
5526,553,120.5,cup
5527,553,92,"cup, sliced"
5528,553,9.3,tablespoon
5529,553,10,"ring (3"" dia., 1/4"" thick)"
5530,554,4.97,teaspoon
5531,554,477.6,pint
5532,554,955.2,quart
5533,554,4.9733,teaspoon
5534,554,14.92,tablespoon
5535,554,14.9,tbsp
5536,554,14.925,tablespoon
5537,554,4.975,teaspoon
5538,554,100,g
5539,554,28.3495,wt. oz
5540,554,5,tsp
5541,554,14.9267,tablespoon
5542,554,4.98,teaspoon
5543,554,14.924,tablespoon
5544,554,28.35,ounce
5545,554,238.0,cup
5546,554,14.926,tablespoon
5547,554,1009.35,liter
5548,554,14.9233,tablespoon
5549,555,2.0533,teaspoon
5550,555,96,cup
5551,555,6.1493,tablespoon
5552,555,2.06,teaspoon
5553,555,100,g
5554,555,2,tsp
5555,555,28.3495,wt. oz
5556,555,6.3,tbsp
5557,555,6.15,tablespoon
5558,555,2.0833,teaspoon
5559,555,2.05,teaspoon
5560,556,96,cup
5561,556,2.0833,teaspoon
5562,556,100,g
5563,556,2,tsp
5564,556,28.3495,wt. oz
5565,556,6.5,tbsp
5566,556,2.085,teaspoon
5567,556,6.25,tablespoon
5568,556,2.0825,teaspoon
5569,557,113,oz
5570,557,100,g
5571,557,226,cup (not packed)
5572,557,226.0,cup
5573,558,100,g
5574,558,28.3721,ounce
5575,558,305,oz
5576,558,5.25,tsp
5577,558,252.0,cup
5578,558,305.0,can
5579,558,28.372,ounce
5580,558,15.75,tbsp
5581,558,126,cup
5582,559,100,g
5583,559,980,quart
5584,559,30.6,fl oz
5585,559,15.31,tbsp
5586,559,5.1,tsp
5587,559,245.0,cup
5588,560,4.4,tbsp
5589,560,1.48,teaspoon
5590,560,100,g
5591,560,28.3495,wt. oz
5592,560,72,cup
5593,560,1.5,tsp
5594,561,3.8,olive
5595,561,8.42,tablespoon
5596,561,4.4,large
5597,561,28.3485,ounce
5598,561,3.2,small
5599,561,100,g
5600,561,2.8,tsp
5601,561,28.3495,wt. oz
5602,561,28.35,ounce
5603,561,135,cup
5604,561,8.4,tbsp
5605,562,170,cup chip
5606,562,100,g
5607,562,3.54,tsp
5608,562,28.35,oz
5609,562,28.35,ounce
5610,562,10.63,tbsp
5611,562,170,cup
5612,563,0.65,tsp
5613,563,31.0,cup
5614,563,100,g
5615,563,31,cup (1 nlea serving)
5616,563,28.3495,wt. oz
5617,563,1.94,tbsp
5618,564,60,"cup, crushed"
5619,564,0.83,tsp
5620,564,100,g
5621,564,60,twist
5622,564,50.0,cup
5623,564,40,cup
5624,564,28.35,oz
5625,564,2.5,tbsp
5626,565,28.3333,oz
5627,565,85,oz
5628,565,100,g
5629,565,453.592,lb
5630,565,453.5933,lb
5631,565,1509,chicken
5632,566,96,cup
5633,566,100,g
5634,566,28.3495,wt. oz
5635,566,6,tbsp
5636,566,4,cube
5637,566,6.0,tablespoon
5638,566,2,teaspoon
5639,567,85,oz
5640,567,172,can
5641,567,28.3329,ounce
5642,567,28.3333,ounce
5643,567,100,g
5644,568,1,slice
5645,568,192,cup
5646,568,4.0,teaspoon
5647,568,66,"pimiento, whole"
5648,568,100,g
5649,568,4,tsp
5650,568,28.3495,wt. oz
5651,568,28.35,ounce
5652,568,1.0,strip
5653,568,12,tbsp
5654,568,12.0,tablespoon
5655,569,17,"cubic inch, boneles"
5656,569,85,oz
5657,569,28.35,"oz, boneles"
5658,569,1.0,g
5659,569,100,g
5660,569,136.0,cup
5661,569,136,"cup, cooked"
5662,570,1.0,g
5663,570,3.02,tsp
5664,570,100,g
5665,570,102,"ear, medium (6-3/4"" to 7-1/2"" long) yield"
5666,570,9.06,tbsp
5667,570,28.3495,wt. oz
5668,570,106.0,ear
5669,570,73,"ear, small (5-1/2"" to 6-1/2"" long)"
5670,570,145,cup
5671,570,143,"ear, large (7-3/4"" to 9"" long) yield"
5672,571,115.0,cup
5673,571,100,g
5674,571,14.38,tbsp
5675,571,28.3495,wt. oz
5676,571,7.19,tablespoon
5677,571,2.4,tsp
5678,572,248,"cup (1/2"" cubes)"
5679,572,120,"piece (2-1/2"" x 2-3/4"" x 1"")"
5680,572,100,g
5681,572,18,cubic inch
5682,572,116,block
5683,572,90,block
5684,572,28.3495,wt. oz
5685,572,28.35,ounce
5686,573,14.9,tbsp
5687,573,100,g
5688,573,14.95,tablespoon
5689,573,239,cup
5690,573,28.3495,wt. oz
5691,573,5,tsp
5692,573,4.98,teaspoon
5693,573,956.53,quart
5694,573,14.945,tablespoon
5695,574,28.3495,wt. oz
5696,574,100,g
5697,574,45.0,pepper
5698,575,96,cup
5699,575,2.0,teaspoon
5700,575,100,g
5701,575,28.3495,wt. oz
5702,575,6,tbsp
5703,575,6.0,tablespoon
5704,575,4,cube
5705,576,68,slice
5706,576,85,slice (3 oz)
5707,576,100,g
5708,576,28.3495,wt. oz
5709,576,453.59,lb
5710,576,453.5933,lb
5711,577,15.5,tablespoon
5712,577,31,fl oz
5713,577,5.17,tsp
5714,577,100,g
5715,577,992.0,quart
5716,577,248.0,cup
5717,577,15.5,tbsp
5718,578,34,tbsp
5719,578,279,cup
5720,578,17.33,tablespoon
5721,578,282.5,cup
5722,578,17,tbsp
5723,578,5.67,tsp
5724,578,100,g
5725,578,282.5152,cup
5726,578,143,cup
5727,578,28.3495,wt. oz
5728,578,5.7733,teaspoon
5729,579,425.25,can (15 oz)
5730,579,240.0,cup
5731,579,100,g
5732,579,28.3495,wt. oz
5733,579,5,tsp
5734,579,15,tbsp
5735,580,224.0,cup
5736,580,100,g
5737,580,14,tablespoon
5738,580,4.67,tsp
5739,580,28.3495,wt. oz
5740,580,28,tbsp
5741,581,5.875,tablespoon
5742,581,5.88,tbsp
5743,581,100,g
5744,581,1.96,tsp
5745,581,28.3495,wt. oz
5746,581,94.0,cup
5747,582,5,tbsp
5748,582,5.0,tablespoon
5749,582,1.0,g
5750,582,100,g
5751,582,1.67,tsp
5752,582,28.3495,wt. oz
5753,582,1.67,teaspoon
5754,582,80.0,cup
5755,583,133,"cup, cube"
5756,583,100,g
5757,583,133.0,cup
5758,583,130,sweet potato
5759,583,28.3495,wt. oz
5760,583,130,"sweetpotato, 5"" long"
5761,584,85,oz
5762,584,926,package
5763,584,5.42,tsp
5764,584,100,g
5765,584,28.3333,ounce
5766,584,16.25,tbsp
5767,584,272,piece
5768,584,189.0,breast
5769,584,260,cup
5770,585,43,serving
5771,585,28.3511,ounce
5772,585,2.51,tsp
5773,585,100,g
5774,585,524,package
5775,585,43,serving (1/12 package)
5776,585,524,package (18.50 oz)
5777,585,28.35,oz
5778,585,7.53,tbsp
5779,585,28.35,ounce
5780,585,120.5,cup
5781,586,14.8,tbsp
5782,586,100,g
5783,586,4.93,tsp
5784,586,178,fl oz
5785,586,236.8,cup
5786,586,29.6,fl oz
5787,586,710.4,fl oz
5788,586,237.0,cup (8 fl oz)
5789,587,43,serving
5790,587,2.51,tsp
5791,587,100,g
5792,587,524,package
5793,587,43,serving (1/12 package)
5794,587,524,package (18.50 oz)
5795,587,28.35,oz
5796,587,28.35,ounce
5797,587,7.53,tbsp
5798,587,120.5,cup
5799,588,567.0,package
5800,588,155,"cup, unthawed"
5801,588,100,g
5802,588,567,package (20 oz)
5803,588,28.3495,wt. oz
5804,588,155.0,cup
5805,589,85,package (3 oz)
5806,589,28.4,tbsp
5807,589,4.73,tsp
5808,589,227.2,cup
5809,589,100,g
5810,589,28.35,oz
5811,589,28.35,ounce
5812,590,204,fillet
5813,590,85,oz
5814,590,100,g
5815,590,453.59,lb
5816,591,70,pastry
5817,591,1.0,g
5818,591,100,g
5819,591,56.7,oz
5820,591,453.6,lb
5821,591,28.35,ounce
5822,592,31.5,ounce
5823,592,1.0,g
5824,592,31.5,fl oz
5825,592,100,g
5826,592,369,can (13 oz)
5827,592,252,cup
5828,592,5.25,tsp
5829,592,126,cup
5830,592,369.0,can
5831,592,31.5,oz
5832,592,15.75,tbsp
5833,592,1.0651,ml
5834,593,85,oz
5835,593,100,g
5836,593,453.59,lb
5837,594,8.88,tbsp
5838,594,2.96,tsp
5839,594,100,g
5840,594,2,nutmeat
5841,594,28.3495,wt. oz
5842,594,142.0,cup
5843,595,4.25,tbsp
5844,595,100,g
5845,595,1.42,tsp
5846,595,23,cup (makes 1 cup reconstituted milk)
5847,595,4.3,tablespoon
5848,595,28.3495,wt. oz
5849,595,91,envelope (1-1/3 cup)
5850,595,68.8486,cup
5851,595,4.305,tablespoon
5852,595,68,cup
5853,596,15.63,tbsp
5854,596,250,cup
5855,596,100,g
5856,596,5.21,tsp
5857,596,28.3493,ounce
5858,596,98,"half, with liquid"
5859,596,28.3495,wt. oz
5860,596,28.35,ounce
5861,596,248,"cup, halves or slice"
5862,597,1.0,g
5863,597,453.5867,lb
5864,597,100,g
5865,597,138,"cup, with pits, yield"
5866,597,154,"cup, without pit"
5867,597,8.2,cherry
5868,597,28.35,oz
5869,597,453.6,lb
5870,597,453.59,lb
5871,597,146.0,cup
5872,597,28.35,ounce
5873,597,140,nlea serving
5874,598,192.0,cup
5875,598,100,g
5876,598,12,tbsp
5877,598,28.3495,wt. oz
5878,598,453.59,lb
5879,598,4,tsp
5880,598,12,tablespoon
5881,599,8.75,tbsp
5882,599,2.92,tsp
5883,599,100,g
5884,599,140.0,cup
5885,599,28.3495,wt. oz
5886,600,120,cup pieces or chip
5887,600,104.2533,cup
5888,600,100,g
5889,600,117,"cup, chopped"
5890,600,28,"cup, in shell, edible yield (7 nuts)"
5891,600,2.03,walnut half
5892,600,100,cup shelled (50 halves)
5893,600,28.3495,wt. oz
5894,600,104.26,cup
5895,600,453.59,lb
5896,600,28.35,ounce
5897,600,104.24,cup
5898,600,28.35,oz (14 halves)
5899,600,80,"cup, ground"
5900,601,182,cup
5901,601,330.5,cup
5902,601,100,g
5903,601,11.38,tbsp
5904,601,3.79,tsp
5905,601,479,"cup dry, yield after cooking"
5906,601,28.3495,wt. oz
5907,601,453.59,lb
5908,601,68,"oz dry, yield after cooking"
5909,602,20,"oz raw, yield after cooking"
5910,602,100,g
5911,602,28.35,oz
5912,602,453.6,lb
5913,602,453.59,lb
5914,602,227,oz
5915,602,28.3625,ounce
5916,603,8.55,tablespoon
5917,603,100,g
5918,603,28.352,ounce
5919,603,28.3495,wt. oz
5920,603,5.7,tsp
5921,603,28.35,ounce
5922,603,28,packet
5923,603,136.8,cup
5924,603,28.3636,ounce
5925,603,8.55,tbsp
5926,603,28.36,ounce
5927,603,2.85,tsp
5928,604,8.69,tbsp
5929,604,100,g
5930,604,15,pepper
5931,604,113.4,can
5932,604,28.3495,wt. oz
5933,604,28.35,ounce
5934,604,139,cup
5935,604,2.9,tsp
5936,605,100,g
5937,605,28.3495,wt. oz
5938,605,453.59,lb
5939,605,15.33,"oz, with bone, raw (yield after cooking, bone removed)"
5940,605,453.5933,lb
5941,605,15.33,"oz, with bone, raw"
5942,606,0.2,pod
5943,606,2.46,tsp
5944,606,100,g
5945,606,28.3495,wt. oz
5946,606,7.38,tbsp
5947,606,118.08,cup
5948,607,100,g
5949,607,4.93,tsp
5950,607,14.79,tbsp
5951,607,28.3495,wt. oz
5952,607,4.93,teaspoon
5953,607,28.35,ounce
5954,607,4.9167,teaspoon
5955,607,236.64,cup
5956,608,15,crackers square (1 serving)
5957,608,1,"cracker, oyster"
5958,608,14.2,oz
5959,608,6,"cracker, rectangle"
5960,608,100,g
5961,608,10,"cracker, round large"
5962,608,3.0,cracker square
5963,608,45,cup oyster cracker
5964,608,14.9,cracker
5965,608,70,"cup, crushed"
5966,609,154.0,pie crust
5967,609,154,pie crust (average weight of 1 baked crust)
5968,609,28.3495,wt. oz
5969,609,100,g
5970,610,17,tbsp
5971,610,240,cup
5972,610,100,g
5973,610,5.67,tsp
5974,610,5.3343,teaspoon
5975,610,28.3495,wt. oz
5976,610,9,packet
5977,610,16.0,tablespoon
5978,611,0.68,teaspoon
5979,611,39.69,bunch
5980,611,0.69,teaspoon
5981,611,5.3,"tbsp, chopped"
5982,611,100,g
5983,611,2.08,tablespoon
5984,611,28.3495,wt. oz
5985,611,6,"cup leaves, whole"
5986,611,0.5,leaf
5987,611,0.7,teaspoon
5988,611,2.5,leave
5989,612,2.3533,teaspoon
5990,612,2.36,teaspoon
5991,612,100,g
5992,612,2.35,teaspoon
5993,612,28.3495,wt. oz
5994,612,6.9,tbsp
5995,612,112.8,cup
5996,612,7.05,tablespoon
5997,612,2.352,teaspoon
5998,612,115.2,cup
5999,612,2.3333,teaspoon
6000,612,2.4,tsp
6001,613,90,cup lasagna
6002,613,107,cup rotini
6003,613,107,cup ziti
6004,613,135,cup linguine
6005,613,116,cup lasagne
6006,613,132,cup elbows packed
6007,613,91.285,cup
6008,613,57,lasagna noodle (cooked)
6009,613,2.92,tsp
6010,613,100,g
6011,613,91.2867,cup
6012,613,151,cup spaghetti packed
6013,613,91,cup spaghetti
6014,613,28.3495,wt. oz
6015,613,64,cup shell
6016,613,57,oz
6017,613,122,cup elbow
6018,613,81,cup farfalle
6019,613,96,cup rotini
6020,613,453.59,lb
6021,613,28.5,ounce
6022,613,95,cup penne
6023,613,122.0,cup
6024,613,8.75,tbsp
6025,613,124,cup spaghetti not packed
6026,613,107,cup penne
6027,613,140,cup
6028,613,28.35,oz
6029,613,107,cup farfalle
6030,613,135,cup capellini
6031,613,120,cup elbows not packed
6032,613,105,cup shell
6033,614,85,patty (cooked from 4 oz raw)
6034,614,453.0,lb
6035,614,28.35,oz
6036,614,100,g
6037,615,66,cup
6038,615,100,g
6039,615,16,tbsp
6040,615,262,cup
6041,615,28.3495,wt. oz
6042,615,5.5,tsp
6043,615,28.35,ounce
6044,615,170,can (6 oz)
6045,616,52.0,sandwich roll
6046,616,28.35,oz
6047,616,38,roll
6048,616,100,g
6049,617,50.0,medium
6050,617,85,oz
6051,617,100,g
6052,618,6.56,tsp
6053,618,314.78,cup
6054,618,100,g
6055,618,14.0,tablespoon
6056,618,28.3495,wt. oz
6057,618,19.67,tbsp
6058,619,28.3333,oz
6059,619,85,oz
6060,619,926,package
6061,619,5.42,tsp
6062,619,100,g
6063,619,16.25,tbsp
6064,619,272,piece
6065,619,189,breast
6066,619,260,cup
6067,620,28.3495,wt. oz
6068,620,100,g
6069,620,28.35,ounce
6070,620,62,tomato
6071,621,0.04,pinch
6072,621,0.68,teaspoon
6073,621,39.69,bunch
6074,621,0.69,teaspoon
6075,621,5.3,"tbsp, chopped"
6076,621,100,g
6077,621,0.5,leave
6078,621,2.08,tablespoon
6079,621,28.3495,wt. oz
6080,621,6,"cup leaves, whole"
6081,621,0.5,leaf
6082,621,2.0767,tablespoon
6083,621,0.7,teaspoon
6084,621,2.5,leave
6085,621,2.075,tablespoon
6086,622,240.0,cup
6087,622,100,g
6088,622,240,cup cooked
6089,622,28.3495,wt. oz
6090,622,5,tsp
6091,622,15,tbsp
6092,623,28.3495,wt. oz
6093,623,100,g
6094,623,2.3,cube
6095,624,100,g
6096,624,108.0,cup
6097,624,2.25,tsp
6098,624,28.35,oz
6099,624,6.75,tbsp
6100,624,27,cup
6101,625,1.0,g
6102,625,100,g
6103,625,7.25,tablespoon
6104,625,28.3495,wt. oz
6105,625,5.1,tsp
6106,625,15.31,tbsp
6107,625,28.35,ounce
6108,625,116,"cup (1"" cubes)"
6109,625,245.0,cup
6110,625,116.0,cup
6111,625,245,"cup, mashed"
6112,626,435,can
6113,626,240.0,cup
6114,626,100,g
6115,626,28.3495,wt. oz
6116,626,5,tsp
6117,626,15,tbsp
6118,627,122.0,cup
6119,627,100,g
6120,627,7.625,tablespoon
6121,627,28.3495,wt. oz
6122,627,2.54,tsp
6123,627,7.63,tbsp
6124,627,7.63,tablespoon
6125,628,9.88,tbsp
6126,628,100,g
6127,628,3.29,tsp
6128,628,28.3495,wt. oz
6129,628,453.59,lb
6130,628,158.0,cup
6131,629,9.38,tablespoon
6132,629,45.0,pepper
6133,629,100,g
6134,629,75,"cup, chopped or diced"
6135,629,28.3495,wt. oz
6136,630,250.0,cup
6137,630,100,g
6138,630,32,tbsp
6139,630,16,tbsp
6140,630,28.3495,wt. oz
6141,630,5.33,tsp
6142,631,95,cup penne
6143,631,90,cup lasagna
6144,631,81,cup farfalle
6145,631,8.75,tbsp
6146,631,2.92,tsp
6147,631,453.5867,lb
6148,631,100,g
6149,631,140,cup
6150,631,91.2867,cup
6151,631,96,cup rotini
6152,631,91,cup spaghetti
6153,631,28.3495,wt. oz
6154,631,453.59,lb
6155,631,28.35,ounce
6156,631,64,cup shell
6157,631,57,oz
6158,631,28.5,ounce
6159,631,122,cup elbow
6160,632,113,oz
6161,632,100,g
6162,632,28.25,ounce
6163,633,1.96,teaspoon
6164,633,5.9,tablespoon
6165,633,100,g
6166,633,2,"tsp, whole"
6167,633,28.3495,wt. oz
6168,633,5.8,"tbsp, whole"
6169,634,113,oz
6170,634,100,g
6171,634,226,cup (not packed)
6172,634,226.0,cup
6173,635,453.5867,lb
6174,635,100,g
6175,635,113.4,oz
6176,635,10,leaf
6177,635,1.88,tbsp
6178,635,28.35,ounce
6179,635,453.59,lb
6180,635,30,cup
6181,635,284,package (10 oz)
6182,635,0.63,tsp
6183,635,90,cup
6184,635,284.0,package
6185,635,340,bunch
6186,636,28,leaf outer
6187,636,17.0,leave
6188,636,94,cups shredded
6189,636,85,nlea serving
6190,636,47.0,cup
6191,636,100,g
6192,636,47,cup shredded
6193,636,28.3495,wt. oz
6194,636,28.35,ounce
6195,636,6,leaf inner
6196,636,47.0,cups shredded
6197,636,85,leave
6198,636,626,head
6199,637,34,tbsp
6200,637,100,g
6201,637,16.94,tbsp
6202,637,28.3495,wt. oz
6203,637,271.04,cup
6204,637,5.65,tsp
6205,637,28.35,ounce
6206,637,271.5152,cup
6207,638,100,g
6208,638,28.35,oz
6209,638,198,bag (7 oz)
6210,638,28,oz
6211,638,28,bag
6212,638,28.176,ounce
6213,639,237.6,cup
6214,639,29.7,fl oz
6215,639,14.85,tbsp
6216,639,475.2,fl oz
6217,639,475.2,pint
6218,639,100,g
6219,639,356,can or bottle
6220,639,14.85,tablespoon
6221,639,356,can
6222,639,4.95,tsp
6223,639,29.7,ounce
6224,640,254.4,cup
6225,640,5.3,teaspoon
6226,640,100,g
6227,640,28.3495,wt. oz
6228,640,5.3,tsp
6229,640,15.9,tbsp
6230,641,85,oz
6231,641,100,g
6232,641,608,steak
6233,641,453.59,lb
6234,641,453.5933,lb
6235,642,39.69,bunch
6236,642,5.3,"tbsp, chopped"
6237,642,100,g
6238,642,24.0,cup
6239,642,28.3495,wt. oz
6240,642,6,"cup leaves, whole"
6241,642,0.5,leaf
6242,642,2.5,leave
6243,642,2.075,tablespoon
6244,643,81.2033,cup
6245,643,1.0,g
6246,643,0.3432,ml
6247,643,81,cup dry
6248,643,81.2,cup
6249,643,100,g
6250,643,40.5,cup
6251,643,81.205,cup
6252,643,28.3495,wt. oz
6253,643,27,cup
6254,643,1.69,tsp
6255,643,28.35,ounce
6256,643,81.204,cup
6257,643,81,cup
6258,643,5.06,tbsp
6259,644,9.88,tbsp
6260,644,100,g
6261,644,185.0,cup
6262,644,3.29,tsp
6263,644,28.3495,wt. oz
6264,644,453.59,lb
6265,644,3.85,tsp
6266,644,11.56,tbsp
6267,644,158.0,cup
6268,645,1.0,g
6269,645,100,g
6270,645,113.4,oz
6271,645,10,leaf
6272,645,1.88,tbsp
6273,645,28.35,ounce
6274,645,30,cup
6275,645,284,package (10 oz)
6276,645,0.63,tsp
6277,645,90,cup
6278,645,340,bunch
6279,646,120,"artichoke, medium"
6280,646,255,can
6281,646,100,g
6282,646,84,cup heart
6283,646,28.3495,wt. oz
6284,646,5.31,piece
6285,646,28.35,ounce
6286,647,11,tbsp
6287,647,176,cup
6288,647,100,g
6289,647,28.35,oz
6290,647,28.35,ounce
6291,647,3.67,tsp
6292,648,4.5,teaspoon
6293,648,100,g
6294,648,13.5,tbsp
6295,648,13.5067,tablespoon
6296,648,28.3495,wt. oz
6297,648,13.5,tablespoon
6298,648,216,cup
6299,648,4.5,tsp
6300,649,1.0,g
6301,649,63,"cup, whole"
6302,649,100,g
6303,649,34,pea pod
6304,649,98,"cup, chopped"
6305,649,28.3495,wt. oz
6306,649,453.6,lb
6307,649,28.35,ounce
6308,649,80.5,cup
6309,650,14.55,tablespoon
6310,650,4.85,teaspoon
6311,650,100,g
6312,650,14.2,tbsp
6313,650,28.3495,wt. oz
6314,650,255.0,cup
6315,650,4.5,tsp
6316,650,14.545,tablespoon
6317,651,137.0,cup
6318,651,1.57,cashew
6319,651,100,g
6320,651,28.35,oz
6321,651,137,"cup, halves and whole"
6322,652,14.175,tablespoon
6323,652,100,g
6324,652,28.3495,wt. oz
6325,652,28,slice (1 oz)
6326,652,28.35,ounce
6327,652,21,slice (3/4 oz)
6328,652,226.8,cup
6329,652,19,slice (2/3 oz)
6330,652,453.59,lb
6331,652,453.5933,lb
6332,653,435,can
6333,653,240.0,cup
6334,653,100,g
6335,653,28.3495,wt. oz
6336,653,5,tsp
6337,653,15,tbsp
6338,654,35.5,fl oz
6339,654,5.92,tsp
6340,654,17.75,tbsp
6341,654,100,g
6342,654,284.0,cup
6343,654,35.5,ounce
6344,654,142,cup
6345,654,142,cup from 19211
6346,655,186,"pepper, large (3-3/4"" long, 3"" dia)"
6347,655,100,g
6348,655,149,"cup, chopped"
6349,655,149.0,cup
6350,655,119,medium
6351,655,28.3495,wt. oz
6352,655,186.0,"pepper, large"
6353,655,52,strip
6354,656,100,g
6355,656,206.0,large
6356,656,109,"cup, sliced"
6357,656,144,small
6358,656,28.3495,wt. oz
6359,656,167,medium
6360,657,2.8,serving packet
6361,657,100,g
6362,657,28.3495,wt. oz
6363,657,2.3,serving 1 cube
6364,657,200.0,cup
6365,657,4.2,tsp
6366,657,12.55,tablespoon
6367,657,12.6,tbsp
6368,658,128,"cup, poured from box"
6369,658,100,g
6370,658,28.35,oz
6371,658,120.644,cup
6372,658,40,cup (nlea serving size)
6373,658,120.64,cup
6374,658,120,"cup, purchased"
6375,658,114,"cup, homemade"
6376,658,120,"cup, spooned into cup"
6377,659,43,serving
6378,659,28.3511,ounce
6379,659,2.51,tsp
6380,659,100,g
6381,659,524.0,package
6382,659,43,serving (1/12 package)
6383,659,524,package (18.50 oz)
6384,659,28.35,oz
6385,659,453.6,lb
6386,659,7.53,tbsp
6387,659,28.35,ounce
6388,659,120.5,cup
6389,660,8,square
6390,660,7,piece
6391,660,7,"bar, miniature"
6392,660,44.0,bar (1.55 oz)
6393,660,100,g
6394,660,28.3495,wt. oz
6395,660,168,cup chip
6396,660,7,coin
6397,661,157.0,cup
6398,661,3.27,tsp
6399,661,100,g
6400,661,4.17,tsp
6401,661,9.81,tbsp
6402,661,28.3495,wt. oz
6403,661,28.35,ounce
6404,661,200,cup
6405,661,12.5,tbsp
6406,662,28.3495,wt. oz
6407,662,100,g
6408,662,135,"cup, strip"
6409,662,114.0,pepper
6410,663,132,cup
6411,663,100,g
6412,663,132,serving 1/2 cup
6413,663,16.5,tbsp
6414,663,5.5,tsp
6415,663,33,fl oz
6416,663,264.0,cup
6417,664,148.8,cup
6418,664,10,"ring (3"" dia, 1/4"" thick)"
6419,664,8.12,tablespoon
6420,664,74,small
6421,664,164.0,large
6422,664,100,g
6423,664,149,"cup, chopped"
6424,664,3.1,tsp
6425,664,164,"large (2-1/4 per lb, approx 3-3/4"" long, 3"" dia)"
6426,664,27,strip
6427,664,28.3495,wt. oz
6428,664,119.0,medium
6429,664,9.3,tbsp
6430,664,120.5,cup
6431,664,92,"cup, sliced"
6432,664,119,"medium (approx 2-3/4"" long, 2-1/2"" dia)"
6433,665,1.0,g
6434,665,164,large
6435,665,240,cup
6436,665,100,g
6437,665,190,can
6438,665,28.3495,wt. oz
6439,665,5,tsp
6440,665,28.35,ounce
6441,665,82,small
6442,665,15,tbsp
6443,665,111,medium
6444,666,21,crab
6445,666,85,oz
6446,666,100,g
6447,666,453.59,lb
6448,667,100,g
6449,667,108.0,cup
6450,667,2.25,tsp
6451,667,28.35,oz
6452,667,6.75,tbsp
6453,667,27,cup
6454,667,6.75,tablespoon
6455,668,154.0,cup
6456,668,130,"small (2-1/2"" dia)"
6457,668,224,"extra large (3"" dia)"
6458,668,100,g
6459,668,28.35,oz
6460,668,150,"medium (2-2/3"" dia)"
6461,668,453.59,lb
6462,668,28.35,ounce
6463,668,154,cup slice
6464,668,175,"large (2-3/4"" dia)"
6465,668,147,nlea serving
6466,669,3.25,tsp
6467,669,3.248,teaspoon
6468,669,156,cup
6469,669,100,g
6470,669,0.81,tsp
6471,669,3.25,teaspoon
6472,669,28.3495,wt. oz
6473,669,9.75,tbsp
6474,669,3.24,teaspoon
6475,669,9.76,tablespoon
6476,670,135,"cup, crumbled, not packed"
6477,670,100,g
6478,670,28.35,oz
6479,670,28.35,ounce
6480,670,17,cubic inch
6481,670,135.0,cup
6482,671,182.0,cup
6483,671,100,g
6484,671,3.79,tsp
6485,671,28.3495,wt. oz
6486,671,8.4,tbsp
6487,672,85,oz
6488,672,453.6,lb
6489,672,100,g
6490,672,288,"steak without refuse (yield from 1 raw steak, with refuse, weighing 380g)"
6491,673,256.0,cup
6492,673,100,g
6493,673,16,tbsp
6494,673,28.3495,wt. oz
6495,673,5.335,teaspoon
6496,673,16.0,tablespoon
6497,673,5.33,tsp
6498,674,85,oz
6499,674,100,g
6500,674,432,piece
6501,674,453.5925,lb
6502,675,234,cup
6503,675,233.664,cup
6504,675,14.6,tbsp
6505,675,233.67,cup
6506,675,233.6667,cup
6507,675,100,g
6508,675,4.88,tsp
6509,675,175,cup
6510,675,141,packet
6511,675,28.3495,wt. oz
6512,675,233.66,cup
6513,675,233.666,cup
6514,675,233.6692,cup
6515,675,233.665,cup
6516,676,208,cup
6517,676,100,g
6518,676,13,tbsp
6519,676,12.8675,tablespoon
6520,676,4.29,teaspoon
6521,676,28.3495,wt. oz
6522,676,4.28,teaspoon
6523,676,4.2,tsp
6524,677,100,g
6525,677,47.22,"large (4"" diameter)"
6526,677,28.3495,wt. oz
6527,677,22,"small (2"" diameter)"
6528,677,28.35,ounce
6529,677,32,"medium (3"" diameter)"
6530,678,1.0,g
6531,678,100,g
6532,678,10.1,piece
6533,678,28.3495,wt. oz
6534,678,28.35,ounce
6535,678,71,package (2.5 oz)
6536,679,85,oz
6537,679,50,rib
6538,679,453.59,lb
6539,679,100,g
6540,680,31.38,fl oz
6541,680,15.69,tbsp
6542,680,609.0,can
6543,680,100,g
6544,680,609,"can (11 oz), prepared"
6545,680,251,cup
6546,680,5.23,tsp
6547,681,184,small
6548,681,113.0,"cup, sliced"
6549,681,342,medium
6550,681,100,g
6551,681,180,"cup, sliced"
6552,681,9.9,slice
6553,681,196,medium
6554,681,28.3495,wt. oz
6555,681,514,large
6556,681,113.0,cup
6557,681,118,small
6558,681,28.35,ounce
6559,681,323,large
6560,681,180.0,cup
6561,682,28.35,oz
6562,682,100,g
6563,682,125.0,"piece (1/8 of 9"" dia)"
6564,682,117,"piece (1/6 of 8"" pie)"
6565,683,100,g
6566,683,4.17,tsp
6567,683,28.35,oz
6568,683,28.35,ounce
6569,683,200.0,cup
6570,683,12.5,tbsp
6571,683,100,cup
6572,684,6,tsp
6573,684,100,g
6574,684,36,tbsp
6575,684,259,cup
6576,684,259.5,cup
6577,684,130,cup
6578,684,28.3495,wt. oz
6579,685,2.3,"tsp, ground"
6580,685,2.07,teaspoon
6581,685,2.08,teaspoon
6582,685,100,g
6583,685,6.9,"tbsp, ground"
6584,685,6.2233,tablespoon
6585,685,28.3495,wt. oz
6586,685,6.22,tablespoon
6587,685,28.35,ounce
6588,685,6.225,tablespoon
6589,685,2.9,"tsp, whole"
6590,685,0.1,dash
6591,685,2.075,teaspoon
6592,686,34,medium
6593,686,66,"cup, chopped or diced"
6594,686,100,g
6595,686,28.3495,wt. oz
6596,686,28.35,ounce
6597,687,28.35,oz
6598,687,100,g
6599,687,24.0,tortilla
6600,687,19,enchilada
6601,688,205,cup
6602,688,100,g
6603,688,12.805,tablespoon
6604,688,4.27,tsp
6605,688,28.3495,wt. oz
6606,688,12.8,tbsp
6607,688,453.59,lb
6608,688,28.35,ounce
6609,688,12.8067,tablespoon
6610,689,9.375,tablespoon
6611,689,45,pepper
6612,689,100,g
6613,689,75,"cup, chopped or diced"
6614,689,28.3495,wt. oz
6615,690,9.375,tablespoon
6616,690,45,pepper
6617,690,100,g
6618,690,75,"cup, chopped or diced"
6619,690,28.3495,wt. oz
6620,691,100,g
6621,691,85,oz
6622,691,135,"cup, diced"
6623,691,135.0,cup
6624,692,237,serving 8 fl oz
6625,692,236.728,cup
6626,692,236.72,cup
6627,692,100,g
6628,692,4.93,tsp
6629,692,14.7967,tablespoon
6630,692,14.795,tablespoon
6631,692,1000,liter
6632,692,236.8,cup
6633,692,236.7273,cup
6634,692,29.6,fl oz
6635,692,4.9325,teaspoon
6636,692,14.8,tbsp
6637,693,10.31,tbsp
6638,693,100,g
6639,693,28.3495,wt. oz
6640,693,28.35,ounce
6641,693,165.0,cup
6642,693,3.44,tsp
6643,694,192,cup
6644,694,4.0,teaspoon
6645,694,100,g
6646,694,12,tbsp
6647,694,28.3495,wt. oz
6648,694,0.95,serving
6649,694,0.5,dash
6650,694,4,tsp
6651,695,5.3,tbsp
6652,695,1.7,tsp
6653,695,1.75,teaspoon
6654,695,1.73,teaspoon
6655,695,0.22,dash
6656,695,100,g
6657,695,1.7333,teaspoon
6658,695,28.3495,wt. oz
6659,695,1.74,teaspoon
6660,695,81.6,cup
6661,695,1.72,teaspoon
6662,695,0.11,pinch
6663,696,96.0,cup
6664,696,100,g
6665,696,2,tsp
6666,696,28.3495,wt. oz
6667,696,6,tbsp
6668,697,5,tbsp
6669,697,7.8,"tbsp, ground"
6670,697,100,g
6671,697,86.4,cup
6672,697,2.6,"tsp, ground"
6673,697,28.3495,wt. oz
6674,697,1.8,tsp
6675,697,6.5,tablespoon
6676,697,6.5022,tablespoon
6677,698,192,cup
6678,698,4.0,teaspoon
6679,698,100,g
6680,698,12,tbsp
6681,698,28.3495,wt. oz
6682,698,0.95,serving
6683,698,4,tsp
6684,699,8.44,tbsp
6685,699,100,g
6686,699,126.68,cutlet
6687,699,28.3495,wt. oz
6688,699,2.81,tsp
6689,699,135,cup
6690,700,85,oz
6691,700,920.0,chicken
6692,700,100,g
6693,700,276,unit (yield from 1 lb ready-to-cook chicken)
6694,700,460,"chicken, bone removed"
6695,700,453.5933,lb
6696,701,100,g
6697,701,249,cup
6698,701,28.3495,wt. oz
6699,701,15.56,tbsp
6700,701,28.35,ounce
6701,701,5.19,tsp
6702,702,100,g
6703,702,4.38,tsp
6704,702,28.3495,wt. oz
6705,702,13.13,tbsp
6706,702,210.0,cup
6707,703,128,"cup, poured from box"
6708,703,100,g
6709,703,7.525,tablespoon
6710,703,28.35,oz
6711,703,40,cup (nlea serving size)
6712,703,120.64,cup
6713,703,120,"cup, purchased"
6714,703,114,"cup, homemade"
6715,703,120,"cup, spooned into cup"
6716,704,81.0,package
6717,704,100,g
6718,704,81,package without flavor packet
6719,704,28.3495,wt. oz
6720,704,28.35,ounce
6721,704,5.8,packet
6722,705,1.2,tsp
6723,705,14.4,tbsp
6724,705,230.4167,cup
6725,705,4.8,teaspoon
6726,705,100,g
6727,705,230.4,cup
6728,705,28.3495,wt. oz
6729,705,4.8,tsp
6730,705,0.6,dash
6731,706,13.47,tbsp
6732,706,13.47,tablespoon
6733,706,4.5,teaspoon
6734,706,100,g
6735,706,4.49,teaspoon
6736,706,28.3514,ounce
6737,706,28.3495,wt. oz
6738,706,4.48,teaspoon
6739,706,215.52,cup
6740,706,4.49,tsp
6741,707,81,cup dry
6742,707,81.2,cup
6743,707,100,g
6744,707,40.5,cup
6745,707,81.205,cup
6746,707,81.208,cup
6747,707,28.3495,wt. oz
6748,707,27,cup
6749,707,1.69,tsp
6750,707,81.2067,cup
6751,707,81,cup
6752,707,5.06,tbsp
6753,708,1.3,stick
6754,708,28.3495,wt. oz
6755,708,100,g
6756,709,369,"potato large (3"" to 4-1/4"" dia)"
6757,709,100,g
6758,709,75,"cup, diced"
6759,709,213,"potato medium (2-1/4"" to 3-1/4"" dia)"
6760,709,28.3495,wt. oz
6761,709,453.59,lb
6762,709,31,baby potato
6763,709,170,"potato small (1-3/4"" to 2-1/2"" dia)"
6764,710,9.375,tablespoon
6765,710,45.0,pepper
6766,710,100,g
6767,710,75,"cup, chopped or diced"
6768,710,28.3495,wt. oz
6769,710,28.35,ounce
6770,711,28.3333,oz
6771,711,85,oz
6772,711,100,g
6773,711,148,thigh without skin
6774,711,453.59,lb
6775,711,181,thigh
6776,712,0.635,teaspoon
6777,712,0.63,teaspoon
6778,712,100,g
6779,712,0.7,tsp
6780,712,33.6,cup
6781,712,3,sprig
6782,712,1.7,tbsp
6783,712,28.3495,wt. oz
6784,712,1.9,tablespoon
6785,713,85,oz
6786,713,634,duck
6787,713,453.5925,lb
6788,713,100,g
6789,713,453.5933,lb
6790,713,287,unit (yield from 1 lb ready-to-cook duck)
6791,714,2.865,teaspoon
6792,714,8.6,tablespoon
6793,714,134.4,cup
6794,714,100,g
6795,714,2.8,tsp
6796,714,28.3495,wt. oz
6797,714,8.8,tbsp
6798,715,9.88,tbsp
6799,715,100,g
6800,715,185.0,cup
6801,715,3.29,tsp
6802,715,28.3495,wt. oz
6803,715,3.85,tsp
6804,715,11.56,tbsp
6805,715,158.0,cup
6806,716,215,personal pizza
6807,716,727,package 24 oz pizza
6808,716,100,g
6809,716,28.3495,wt. oz
6810,716,199,serving 1 serving per 8 oz box
6811,716,146,serving 2 servings per 9.8 oz package
6812,716,28.35,ounce
6813,716,452,package 15.1 oz pizza
6814,716,293,package 9.8 oz pizza
6815,716,199,package 8 oz pizza
6816,716,151,serving 3 servings per 15.1 oz package
6817,716,81,serving 9 servings per 24 oz package
6818,717,5,tbsp
6819,717,142,package (5 oz)
6820,717,100,g
6821,717,1.67,tsp
6822,717,28.35,oz
6823,717,80.0,cup
6824,718,91,"small whole (2-2/5"" dia)"
6825,718,20,"slice, medium (1/4"" thick)"
6826,718,149,cup cherry tomatoe
6827,718,182,"large whole (3"" dia)"
6828,718,123.0,medium
6829,718,100,g
6830,718,123,"medium whole (2-3/5"" dia)"
6831,718,27,"slice, thick/large (1/2"" thick)"
6832,718,62,italian tomato
6833,718,148,nlea serving
6834,718,28.3495,wt. oz
6835,718,31,wedge (1/4 of medium tomato)
6836,718,17,cherry
6837,718,180,"cup, chopped or sliced"
6838,718,15,"slice, thin/small"
6839,718,62.0,plum tomato
6840,719,15.63,tbsp
6841,719,15.625,tablespoon
6842,719,1.0567,ml
6843,719,822,can (29 oz) (401 x 411)
6844,719,250,cup
6845,719,100,g
6846,719,5.21,tsp
6847,719,28.3495,wt. oz
6848,719,28.35,ounce
6849,720,12.6,tablespoon
6850,720,4.2,teaspoon
6851,720,100,g
6852,720,201.6,cup
6853,720,28.3495,wt. oz
6854,720,0.525,dashe
6855,720,4.2,tsp
6856,720,12.6,tbsp
6857,721,9.13,tbsp
6858,721,100,g
6859,721,3.04,tsp
6860,721,28.35,oz
6861,721,146.0,cup
6862,722,149.0,small
6863,722,242,nlea serving
6864,722,125,"cup, quartered or chopped"
6865,722,100,g
6866,722,28.35,oz
6867,722,182,"medium (3"" dia)"
6868,722,101,"extra small (2-1/2"" dia)"
6869,722,109,cup slice
6870,722,149,"small (2-3/4"" dia)"
6871,722,223.0,large
6872,722,223,"large (3-1/4"" dia)"
6873,723,5.6,tbsp
6874,723,1.7,tsp
6875,723,1.785,teaspoon
6876,723,100,g
6877,723,28.3495,wt. oz
6878,723,81.6,cup
6879,723,1.8,teaspoon
6880,723,1.78,teaspoon
6881,724,85,oz
6882,724,1.0,g
6883,724,926,package
6884,724,5.42,tsp
6885,724,100,g
6886,724,16.25,tbsp
6887,724,272,piece
6888,724,189,breast
6889,724,260,cup
6890,725,154.0,pie crust
6891,725,154,pie crust (average weight of 1 baked crust)
6892,725,28.3495,wt. oz
6893,725,100,g
6894,726,122.0,cup
6895,726,100,g
6896,726,28.3495,wt. oz
6897,726,51,stalk
6898,726,453.59,lb
6899,726,122,"cup, diced"
6900,727,28.3533,ounce
6901,727,246.25,cup
6902,727,100,g
6903,727,28.3495,wt. oz
6904,727,28.35,ounce
6905,727,123.1,cup
6906,727,15.39,tbsp
6907,727,5.13,tsp
6908,728,7.5,serving 1 tbsp
6909,728,28.3533,ounce
6910,728,39,packet
6911,728,4.725,teaspoon
6912,728,100,g
6913,728,28.3495,wt. oz
6914,728,28.36,ounce
6915,729,9.0,tablespoon
6916,729,144.0,cup
6917,729,3,tsp
6918,729,100,g
6919,729,28.3495,wt. oz
6920,729,453.59,lb
6921,729,28.35,ounce
6922,729,9,tbsp
6923,730,3.23,tsp
6924,730,100,g
6925,730,156.0,cup
6926,730,28.3495,wt. oz
6927,730,9.7,tbsp
6928,731,15.69,tbsp
6929,731,100,g
6930,731,31.4,fl oz
6931,731,251.0,cup
6932,731,5.23,tsp
6933,732,8.6,tablespoon
6934,732,134.4,cup
6935,732,100,g
6936,732,137.6,cup
6937,732,2.8,tsp
6938,732,28.3495,wt. oz
6939,732,137.597,cup
6940,732,8.8,tbsp
6941,733,1.0,g
6942,733,100,g
6943,733,38.2,ounce
6944,733,19.1,tbsp
6945,733,38.2,fl oz
6946,733,306,cup
6947,733,19.11,tablespoon
6948,733,6.37,tsp
6949,734,15.13,tbsp
6950,734,100,g
6951,734,30.8,fl oz
6952,734,44,lime yield
6953,734,242.0,cup
6954,734,5.04,tsp
6955,735,7.5,tbsp
6956,735,100,g
6957,735,2.5,tsp
6958,735,28.3495,wt. oz
6959,735,120.0,cup
6960,736,144.0,cup
6961,736,3,tsp
6962,736,100,g
6963,736,28.35,oz
6964,736,6.5,blackberry
6965,736,9,tbsp
6966,737,367.5022,cup
6967,737,177,"oz, dry, yield"
6968,737,234,"cup, cooked"
6969,737,100,g
6970,737,177,"packet, cooked"
6971,737,501,"cup, dry, yield"
6972,737,28.3495,wt. oz
6973,737,177,"packet, dry, yield"
6974,737,28,packet
6975,737,226.8,cup
6976,738,28.35,oz
6977,738,100,g
6978,738,57.0,muffin
6979,739,9.5,tablespoon
6980,739,100,g
6981,739,28.3495,wt. oz
6982,739,3.1675,teaspoon
6983,739,152.0,cup
6984,739,9.5,tbsp
6985,739,3.17,tsp
6986,740,1,slice
6987,740,100,g
6988,740,9,"large (1"" to 1-1/4"" dia)"
6989,740,116,cup slice
6990,740,28.3495,wt. oz
6991,740,58,cup slice
6992,740,2,small
6993,740,116.0,cup
6994,740,4.5,"medium (3/4"" to 1"" dia)"
6995,741,453.5925,lb
6996,741,100,g
6997,741,298.0,pint
6998,741,149,cup
6999,741,28.3495,wt. oz
7000,741,9.31,tbsp
7001,741,17,cherry
7002,741,3.1,tsp
7003,742,15.45,tbsp
7004,742,988.535,quart
7005,742,247,cup
7006,742,100,g
7007,742,5.15,tsp
7008,742,247,cup 8 fl oz
7009,742,30.9,ounce
7010,742,30.9,fl oz
7011,743,112.0,cup
7012,743,100,g
7013,743,28.35,oz
7014,743,112,"cup, crumb"
7015,743,6,wafer
7016,744,112,cup
7017,744,2.34,teaspoon
7018,744,1.0,g
7019,744,2.3333,teaspoon
7020,744,2.33,teaspoon
7021,744,7.0,tbsp
7022,744,100,g
7023,744,7.0,tablespoon
7024,744,7,envelope (1 tbsp)
7025,744,28,package (1 oz)
7026,744,28.3495,wt. oz
7027,744,28.0,package
7028,744,28.35,ounce
7029,744,2.33,tsp
7030,744,28.36,ounce
7031,745,144.0,cup
7032,745,3,tsp
7033,745,100,g
7034,745,28.3495,wt. oz
7035,745,9,tbsp
7036,746,0.16,pinch
7037,746,7.8,tbsp
7038,746,100,g
7039,746,2.6,teaspoon
7040,746,28.3495,wt. oz
7041,746,7.8,tablespoon
7042,746,124.8,cup
7043,746,2.6,tsp
7044,747,244.0,cup
7045,747,15.2,tablespoon
7046,747,100,g
7047,747,1.0279,ml
7048,747,976,quart
7049,747,30.5,fl oz
7050,747,5.08,tsp
7051,747,15,tbsp
7052,748,85,oz
7053,748,172,can
7054,748,28.3333,ounce
7055,748,100,g
7056,748,28.3338,ounce
7057,749,8,square
7058,749,7,piece
7059,749,44,bar (1.55 oz)
7060,749,7,"bar, miniature"
7061,749,100,g
7062,749,28.3495,wt. oz
7063,749,168,cup chip
7064,749,28.35,ounce
7065,749,7,coin
7066,750,2.38,tsp
7067,750,100,g
7068,750,114.0,cup
7069,750,28.3495,wt. oz
7070,750,7.13,tbsp
7071,751,14.9,tbsp
7072,751,100,g
7073,751,14.6,tablespoon
7074,751,28.3495,wt. oz
7075,751,232,cup
7076,751,4.8,tsp
7077,752,28.3511,ounce
7078,752,100,g
7079,752,28.35,oz
7080,752,517.0,package
7081,752,28.35,ounce
7082,752,517,package (18.25 oz)
7083,753,605.835,can
7084,753,616.67,can
7085,753,100,g
7086,753,0.9586,ml
7087,753,74,can
7088,753,28.3495,wt. oz
7089,753,453.59,lb
7090,753,28.35,ounce
7091,753,226.8,cup
7092,753,595,can (21 oz)
7093,754,100,g
7094,754,76,"small (2-1/4"" dia)"
7095,754,28.3495,wt. oz
7096,754,195,"cup, section"
7097,754,28.35,ounce
7098,754,88,"medium (2-1/2"" dia)"
7099,754,109,nlea serving
7100,754,120,"large (2-3/4"" dia)"
7101,755,100,g
7102,755,50.0,cup
7103,755,7.2,regular
7104,755,50,cup of miniature
7105,755,28.3495,wt. oz
7106,755,28.35,ounce
7107,755,7,miniature
7108,756,137,"cup unsifted, dipped"
7109,756,1.0,g
7110,756,137,cup
7111,756,100,g
7112,756,28.3495,wt. oz
7113,756,8.56,tbsp
7114,756,2.85,tsp
7115,757,1.0,g
7116,757,690,recipe
7117,757,20,tbsp
7118,757,100,g
7119,757,320,cup
7120,757,20.0,tablespoon
7121,757,28.3495,wt. oz
7122,757,6.67,tsp
7123,758,20.475,tablespoon
7124,758,100,g
7125,758,327.6,cup
7126,758,28.3495,wt. oz
7127,758,6.83,tsp
7128,758,20.48,tbsp
7129,759,15.38,tbsp
7130,759,100,g
7131,759,28.3495,wt. oz
7132,759,123,cup
7133,759,28.35,ounce
7134,759,5.13,tsp
7135,760,275,package (10 oz) yield
7136,760,182.0,cup
7137,760,100,g
7138,760,11.38,tbsp
7139,760,3.79,tsp
7140,760,28.3495,wt. oz
7141,760,91,cup
7142,761,205,cup
7143,761,100,g
7144,761,12.81,tbsp
7145,761,4.27,tsp
7146,761,28,oz
7147,761,28.0,ounce
7148,761,125,can (5 oz) yield
7149,762,425.25,can
7150,762,100,g
7151,762,28.3495,wt. oz
7152,762,5.1,tsp
7153,762,15.31,tbsp
7154,762,28.35,ounce
7155,762,453.59,lb
7156,762,245.0,cup
7157,763,96,cup
7158,763,100,g
7159,763,2,tsp
7160,763,6,packet
7161,763,28.3495,wt. oz
7162,763,6,tbsp
7163,763,28.35,ounce
7164,763,3.6,cube
7165,763,2.0,teaspoon
7166,764,33,tbsp
7167,764,100,g
7168,764,28.3495,wt. oz
7169,764,5.5,tsp
7170,764,28.35,ounce
7171,764,264,cup
7172,765,2.8533,teaspoon
7173,765,100,g
7174,765,28.3495,wt. oz
7175,765,5.7,tsp
7176,765,28,packet
7177,765,136.8,cup
7178,765,8.55,tbsp
7179,766,2.0514,teaspoon
7180,766,2.04,teaspoon
7181,766,2.06,teaspoon
7182,766,100,g
7183,766,0.26,dash
7184,766,28.3495,wt. oz
7185,766,6,"tbsp, whole"
7186,766,6.15,tablespoon
7187,766,2.1,"tsp, whole"
7188,766,2.05,teaspoon
7189,767,5.02,tsp
7190,767,100,g
7191,767,411,can (14.5 oz)
7192,767,28.3495,wt. oz
7193,767,15.06,tbsp
7194,767,28.35,ounce
7195,767,241,cup
7196,768,5,tbsp
7197,768,7.8,"tbsp, ground"
7198,768,100,g
7199,768,86.4,cup
7200,768,2.17,teaspoon
7201,768,2.6,"tsp, ground"
7202,768,28.3495,wt. oz
7203,768,2.16,teaspoon
7204,768,1.8,tsp
7205,768,2.1667,teaspoon
7206,769,28.3495,wt. oz
7207,769,4.3,pepper
7208,769,100,g
7209,769,4.73,teaspoon
7210,770,273,cup
7211,770,1461.18,recipe
7212,770,17,tbsp
7213,770,100,g
7214,770,5.68,teaspoon
7215,770,28.3495,wt. oz
7216,770,5.69,tsp
7217,771,100,g
7218,771,101,"biscuit (4"" dia)"
7219,771,28.35,oz
7220,771,14,"small (1-1/2"" dia)"
7221,771,28.35,ounce
7222,771,60,"biscuit (2-1/2"" dia)"
7223,772,85,oz
7224,772,1000.0,kg
7225,772,100,g
7226,772,453.59,lb
7227,772,453.5933,lb
7228,773,90,cup lasagna
7229,773,107,cup rotini
7230,773,107,cup ziti
7231,773,135,cup linguine
7232,773,116,cup lasagne
7233,773,132,cup elbows packed
7234,773,57,lasagna noodle (cooked)
7235,773,2.92,tsp
7236,773,100,g
7237,773,151,cup spaghetti packed
7238,773,91,cup spaghetti
7239,773,28.3495,wt. oz
7240,773,64,cup shell
7241,773,57,oz
7242,773,122,cup elbow
7243,773,81,cup farfalle
7244,773,96,cup rotini
7245,773,28.5,ounce
7246,773,95,cup penne
7247,773,122.0,cup
7248,773,8.75,tbsp
7249,773,124,cup spaghetti not packed
7250,773,107,cup penne
7251,773,140,cup
7252,773,107,cup farfalle
7253,773,135,cup capellini
7254,773,120,cup elbows not packed
7255,773,105,cup shell
7256,774,91,"small whole (2-2/5"" dia)"
7257,774,20,"slice, medium (1/4"" thick)"
7258,774,149,cup cherry tomatoe
7259,774,182,"large whole (3"" dia)"
7260,774,100,g
7261,774,123,"medium whole (2-3/5"" dia)"
7262,774,27,"slice, thick/large (1/2"" thick)"
7263,774,62,italian tomato
7264,774,148,nlea serving
7265,774,28.3495,wt. oz
7266,774,31,wedge (1/4 of medium tomato)
7267,774,164.5067,cup
7268,774,180,"cup, chopped or sliced"
7269,774,17,cherry
7270,774,28.35,ounce
7271,774,15,"slice, thin/small"
7272,774,62,plum tomato
7273,775,46.0,hamburger bun
7274,775,100,g
7275,775,52,hot dog bun
7276,775,28.35,oz
7277,775,44,roll 1 serving
7278,776,101.0,"cup, cube"
7279,776,100,g
7280,776,28.3495,wt. oz
7281,776,101,cup
7282,776,6.31,tbsp
7283,776,860,squash
7284,776,2.1,tsp
7285,777,5.3133,tablespoon
7286,777,100,g
7287,777,85.0,cup
7288,777,28.35,oz
7289,777,28.3514,oz
7290,777,5.31,tbsp
7291,777,1.77,tsp
7292,778,9.13,tbsp
7293,778,1.0,g
7294,778,100,g
7295,778,3.04,tsp
7296,778,28.35,oz
7297,778,146.0,cup
7298,778,1,peanut
7299,779,113,oz
7300,779,100,g
7301,779,28.35,oz
7302,779,453.59,lb
7303,779,226.8,cup
7304,779,28.3,ounce
7305,780,107,cup rotini
7306,780,107,cup ziti
7307,780,135,cup linguine
7308,780,116,cup lasagne
7309,780,132,cup elbows packed
7310,780,57,lasagna noodle (cooked)
7311,780,2.92,tsp
7312,780,100,g
7313,780,151,cup spaghetti packed
7314,780,28.3495,wt. oz
7315,780,28.35,ounce
7316,780,8.75,tbsp
7317,780,124,cup spaghetti not packed
7318,780,107,cup penne
7319,780,140,cup
7320,780,107,cup farfalle
7321,780,135,cup capellini
7322,780,120,cup elbows not packed
7323,780,105,cup shell
7324,781,100,g
7325,781,76,"small (2-1/4"" dia)"
7326,781,28.3495,wt. oz
7327,781,195,"cup, section"
7328,781,88.0,"medium (2-1/2"" dia)"
7329,781,109,nlea serving
7330,781,120,"large (2-3/4"" dia)"
7331,782,0.5,tsp
7332,782,100,g
7333,782,24,cup
7334,782,28.3495,wt. oz
7335,782,0.5167,teaspoon
7336,782,1.6,tbsp
7337,782,0.52,teaspoon
7338,783,13.8,slice rectangle
7339,783,9.3,slice oval
7340,783,100,g
7341,783,28.3495,wt. oz
7342,783,453.59,lb
7343,783,226.8,cup
7344,784,2.3,"tsp, ground"
7345,784,2.0833,teaspoon
7346,784,2.08,teaspoon
7347,784,100,g
7348,784,6.9,"tbsp, ground"
7349,784,28.3495,wt. oz
7350,784,0.13,pinch
7351,784,2.9,"tsp, whole"
7352,784,0.1,dash
7353,785,177,"cup, ball"
7354,785,102,"wedge, large (1/8 of large melon)"
7355,785,248.0,small
7356,785,156,"cup, diced"
7357,785,69,"wedge, medium (1/8 of medium melon)"
7358,785,100,g
7359,785,552,"melon, medium (about 5"" dia)"
7360,785,28.35,oz
7361,785,814,"melon, large (about 6-1/2"" dia)"
7362,785,441,"melon, small (about 4-1/4"" dia)"
7363,785,55,"wedge, small (1/8 of small melon)"
7364,785,160,"cup, cube"
7365,785,134,nlea serving
7366,785,138,cantaloupe ball
7367,786,72,10-inch
7368,786,49.0,"tortilla (approx 7-8"" dia)"
7369,786,100,g
7370,786,28.35,oz
7371,786,72,"tortilla (approx 10"" dia)"
7372,786,117,"tortilla (approx 12"" dia)"
7373,786,117,12-inch
7374,786,32,"tortilla, medium (approx 6"" dia)"
7375,786,49,8 inch
7376,786,32,6-inch
7377,787,100,g
7378,787,230.0,cup
7379,787,28.3495,wt. oz
7380,787,4,tsp
7381,787,12,tablespoon
7382,788,122.5,cup
7383,788,28.3511,ounce
7384,788,100,g
7385,788,28.35,oz
7386,788,28,slice (1 oz)
7387,788,132,"cup, diced"
7388,788,113,"cup, shredded"
7389,788,17,cubic inch
7390,789,77,package
7391,789,28.3495,wt. oz
7392,789,100,g
7393,789,38.5,twinkie
7394,790,24,"spear, extra large (8-3/4"" to 10"" long)"
7395,790,3.5,"spear tip (2"" long or less)"
7396,790,1.0,g
7397,790,20,"spear, large (7-1/4"" to 8-1/2"")"
7398,790,8.38,tbsp
7399,790,134,cup
7400,790,100,g
7401,790,28.3495,wt. oz
7402,790,16,"spear, medium (5-1/4"" to 7"" long)"
7403,790,12,"spear, small (5"" long or less)"
7404,790,2.79,tsp
7405,790,28.35,ounce
7406,791,113,"cup, sliced"
7407,791,124,"cup, chopped"
7408,791,100,g
7409,791,9.9,slice
7410,791,196,medium
7411,791,28.3495,wt. oz
7412,791,118.0,small
7413,791,323,large
7414,792,9.13,tbsp
7415,792,28.3511,ounce
7416,792,100,g
7417,792,3.04,tsp
7418,792,28.35,oz
7419,792,146,cup
7420,792,1,peanut
7421,793,0.2,tablespoon
7422,793,100,g
7423,793,28.3495,wt. oz
7424,793,0.8,cup
7425,793,0.07,tsp
7426,793,0.2,tbsp
7427,794,139,slice
7428,794,18,inch
7429,794,0.83,tsp
7430,794,42.5,cup
7431,794,90.75,slice
7432,794,64,regular slice
7433,794,100,g
7434,794,40,cup
7435,794,470,loaf
7436,794,28.35,oz
7437,794,45,"cup, crumb"
7438,794,324,baguette
7439,794,96,"slice, large (6"" x 2-1/2"" x 1-3/4"")"
7440,794,2.5,tbsp
7441,794,64,"slice, medium (4"" x 2-1/2"" x 1-3/4"")"
7442,795,125,"ear, yield"
7443,795,100,g
7444,795,28.3495,wt. oz
7445,795,28.35,ounce
7446,795,165,cup kernel
7447,795,165.0,cup
7448,796,100,g
7449,796,90,"cup, sliced"
7450,796,28.3495,wt. oz
7451,796,5.63,tablespoon
7452,796,1.88,teaspoon
7453,796,14,pepper
7454,796,90.0,cup
7455,797,100,g
7456,797,16.94,tbsp
7457,797,28.3495,wt. oz
7458,797,5.65,tsp
7459,797,271.0,cup
7460,798,100,g
7461,798,230,cup
7462,798,14.375,tablespoon
7463,798,14.38,tbsp
7464,798,28,oz
7465,798,4.79,tsp
7466,799,14,packet (0.5 oz)
7467,799,20,tbsp
7468,799,100,g
7469,799,320.0,cup
7470,799,28.3495,wt. oz
7471,799,6.67,tsp
7472,800,31.1,fl oz
7473,800,100,g
7474,800,249.0,cup
7475,800,15.56,tbsp
7476,800,5.19,tsp
7477,801,5,tbsp
7478,801,100,g
7479,801,1.67,tsp
7480,801,14,cup
7481,801,28.3495,wt. oz
7482,801,4.25,tablespoon
7483,801,1.4,teaspoon
7484,802,149.08,piece
7485,802,28.3495,wt. oz
7486,802,100,g
7487,802,75,cupcake
7488,803,587,package yield (2 cups)
7489,803,147,cup
7490,803,100,g
7491,803,18.38,tbsp
7492,803,294.0,cup
7493,803,28.3495,wt. oz
7494,803,28.35,ounce
7495,803,6.13,tsp
7496,803,587.0,package
7497,804,28.3495,wt. oz
7498,804,100,g
7499,804,155.0,"cup, unthawed"
7500,804,567,package (20 oz)
7501,805,28.3533,ounce
7502,805,594,box
7503,805,12.38,tbsp
7504,805,1.0,g
7505,805,100,g
7506,805,4.13,tsp
7507,805,198,cup
7508,805,28.3495,wt. oz
7509,806,356.99,serving
7510,806,5.02,tsp
7511,806,100,g
7512,806,28.3495,wt. oz
7513,806,15.06,tbsp
7514,806,28.35,ounce
7515,806,241,cup
7516,807,5.0,teaspoon
7517,807,240,cup
7518,807,100,g
7519,807,28.3495,wt. oz
7520,807,5,tsp
7521,807,15,tbsp
7522,808,5.06,teaspoon
7523,808,100,g
7524,808,28.3495,wt. oz
7525,808,5,tsp
7526,808,245,cup
7527,808,15.16,tablespoon
7528,808,15,tbsp
7529,809,96,cup
7530,809,100,g
7531,809,2,tsp
7532,809,28.3495,wt. oz
7533,809,6.0,tbsp
7534,809,12,serving
7535,809,28.35,ounce
7536,810,8.75,tbsp
7537,810,2.92,tsp
7538,810,100,g
7539,810,140,cup
7540,810,28.3495,wt. oz
7541,810,15,fruit
7542,810,453.5933,lb
7543,811,85,oz
7544,811,100,g
7545,811,148,thigh without skin
7546,811,191,thigh with skin
7547,811,453.59,lb
7548,812,272.0,cup
7549,812,17,tbsp
7550,812,5.67,tsp
7551,812,100,g
7552,812,28.3495,wt. oz
7553,812,28.19,serving
7554,813,1.0,g
7555,813,12.57,tbsp
7556,813,4.2,teaspoon
7557,813,100,g
7558,813,201.12,cup
7559,813,0.26,pinch
7560,813,28.3495,wt. oz
7561,813,1.05,tsp
7562,813,4.2,tsp
7563,813,0.52,dash
7564,813,4.19,tsp
7565,814,4.25,tbsp
7566,814,100,g
7567,814,1.42,tsp
7568,814,23,cup (makes 1 cup reconstituted milk)
7569,814,68.84,cup
7570,814,28.3495,wt. oz
7571,814,91,envelope (1-1/3 cup)
7572,814,275.3943,quart
7573,814,68,cup
7574,815,160.0,cup
7575,815,100,g
7576,815,40,cup
7577,815,10,tbsp
7578,815,28.3495,wt. oz
7579,815,3.33,tsp
7580,816,95,cup penne
7581,816,91.285,cup
7582,816,81,cup farfalle
7583,816,90,cup lasagna
7584,816,100,g
7585,816,96,cup rotini
7586,816,91,cup spaghetti
7587,816,64,cup shell
7588,816,91.29,cup
7589,816,57,oz
7590,816,453.5933,lb
7591,816,28.5,ounce
7592,816,122,cup elbow
7593,817,31.5,ounce
7594,817,31.5,fl oz
7595,817,100,g
7596,817,63,cup
7597,817,5.25,tsp
7598,817,15.75,tbsp
7599,818,136.0,"potato (2-1/2"" dia, sphere)"
7600,818,3.25,tsp
7601,818,100,g
7602,818,28.3495,wt. oz
7603,818,78,cup
7604,818,9.75,tbsp
7605,819,100,g
7606,819,61,loaf 1/6 of the loaf
7607,819,61.0,piece
7608,819,28.3495,wt. oz
7609,819,49,piece individually wrapped cake
7610,820,28.35,oz
7611,820,100,g
7612,820,147.0,"piece (1/8 of 9"" dia)"
7613,820,226.8,cup
7614,821,480,bowl (2 cups)
7615,821,5.0,teaspoon
7616,821,240,cup
7617,821,100,g
7618,821,28.3495,wt. oz
7619,821,5,tsp
7620,821,28.35,ounce
7621,821,15,tbsp
7622,822,480.0,pint
7623,822,240,cup
7624,822,100,g
7625,822,5,tsp
7626,822,30,fl oz
7627,822,960.0,quart
7628,822,15,tbsp
7629,823,0.5,tsp
7630,823,1.55,tablespoon
7631,823,100,g
7632,823,24.8,cup
7633,823,24,cup
7634,823,28.3495,wt. oz
7635,823,1.6,tbsp
7636,823,0.52,teaspoon
7637,823,1.5533,tablespoon
7638,823,0.515,teaspoon
7639,824,251.52,cup
7640,824,5.25,teaspoon
7641,824,5.22,tsp
7642,824,100,g
7643,824,15.72,tbsp
7644,824,28.3495,wt. oz
7645,824,5.22,teaspoon
7646,824,250.56,cup
7647,824,1.3,tsp
7648,824,5.24,tsp
7649,825,100,g
7650,825,15.1575,tablespoon
7651,825,15.1567,tablespoon
7652,825,15.155,tablespoon
7653,825,28.3495,wt. oz
7654,825,5,tsp
7655,825,10,packet (2/3 tbsp)
7656,825,245,cup
7657,825,15.16,tablespoon
7658,825,15,tbsp
7659,826,100,g
7660,826,246.4,cup
7661,826,30.8,fl oz
7662,826,370,can or bottle (12 fl oz)
7663,826,15.4,tbsp
7664,826,493,can or bottle (16 fl oz)
7665,826,5.13,tsp
7666,827,453.5925,lb
7667,827,100,g
7668,827,980,quart
7669,827,30.6,fl oz
7670,827,15.31,tbsp
7671,827,5.1,tsp
7672,827,453.592,lb
7673,827,245,cup
7674,828,240.0,cup
7675,828,100,g
7676,828,5,tsp
7677,828,30,fl oz
7678,828,15,tbsp
7679,829,39,serving 2 tbsp
7680,829,18.75,tablespoon
7681,829,6.25,tsp
7682,829,100,g
7683,829,28.3495,wt. oz
7684,829,6.25,teaspoon
7685,829,300,cup
7686,829,18.75,tbsp
7687,830,42,shot
7688,830,3.63,teaspoon
7689,830,27.8,glas
7690,830,27.8,ounce
7691,830,174.16,cup
7692,830,100,g
7693,830,4.63,tsp
7694,830,13.9,tbsp
7695,830,10.885,tablespoon
7696,830,27.8,fl oz
7697,830,42,jigger (1.5 fl oz)
7698,830,174.1533,cup
7699,830,222.4,cup
7700,831,11.4,tbsp
7701,831,1.5,tbsp
7702,831,100,g
7703,831,1.9,tsp
7704,831,24.0,cup
7705,831,28.3495,wt. oz
7706,831,0.3,leave
7707,832,0.4,tsp
7708,832,1,sprig
7709,832,38.4,cup
7710,832,100,g
7711,832,2.4,tbsp
7712,832,0.8,teaspoon
7713,832,28.3495,wt. oz
7714,832,2.4,tablespoon
7715,832,0.8,tsp
7716,833,107,cup rotini
7717,833,107,cup ziti
7718,833,135,cup linguine
7719,833,116,cup lasagne
7720,833,132,cup elbows packed
7721,833,57,lasagna noodle (cooked)
7722,833,2.92,tsp
7723,833,100,g
7724,833,151,cup spaghetti packed
7725,833,28.3495,wt. oz
7726,833,122.0,cup
7727,833,8.75,tbsp
7728,833,124,cup spaghetti not packed
7729,833,107,cup penne
7730,833,140,cup
7731,833,107,cup farfalle
7732,833,135,cup capellini
7733,833,120,cup elbows not packed
7734,833,105,cup shell
7735,834,9.44,tbsp
7736,834,126,nlea serving
7737,834,100,g
7738,834,49,grape
7739,834,3.15,tsp
7740,834,151.0,cup
7741,834,28.34,oz
7742,834,5,grape
7743,835,9.44,tbsp
7744,835,126,nlea serving
7745,835,100,g
7746,835,49,grape
7747,835,3.15,tsp
7748,835,151.0,cup
7749,835,28.34,oz
7750,835,5,grape
7751,836,16.38,tbsp
7752,836,213,can (6 fl oz)
7753,836,100,g
7754,836,33.0,ounce
7755,836,5.46,tsp
7756,836,16.4575,tablespoon
7757,836,262.0,cup
7758,836,33,fl oz
7759,837,27,"extra large (1-5/8"" dia)"
7760,837,173.5,cup
7761,837,144,"cup, whole"
7762,837,7,"small (1"" dia)"
7763,837,100,g
7764,837,232,"cup, pureed"
7765,837,152,"cup, halve"
7766,837,12,"medium (1-1/4"" dia)"
7767,837,90,large
7768,837,18,"large (1-3/8"" dia)"
7769,837,28.3495,wt. oz
7770,837,28.35,ounce
7771,837,166,"cup, sliced"
7772,837,357,"pint as purchased, yield"
7773,837,18.0,large
7774,837,147,nlea serving
7775,838,227,container (8 oz)
7776,838,245,cup (8 fl oz)
7777,838,100,g
7778,838,907.2,quart
7779,838,113,4oz container
7780,838,28.3495,wt. oz
7781,838,453.6,lb
7782,838,170,container (6 oz)
7783,838,226.8,cup
7784,838,113,container (4 oz)
7785,839,118.0,cup
7786,839,2.46,tsp
7787,839,100,g
7788,839,28.3495,wt. oz
7789,839,7.38,tbsp
7790,840,27,"extra large (1-5/8"" dia)"
7791,840,173.5,cup
7792,840,144,"cup, whole"
7793,840,357.0,pint
7794,840,7,"small (1"" dia)"
7795,840,100,g
7796,840,232,"cup, pureed"
7797,840,152,"cup, halve"
7798,840,12,"medium (1-1/4"" dia)"
7799,840,90,large
7800,840,18,"large (1-3/8"" dia)"
7801,840,28.3495,wt. oz
7802,840,28.35,ounce
7803,840,166,"cup, sliced"
7804,840,357,"pint as purchased, yield"
7805,840,147,nlea serving
7806,841,227,container (8 oz)
7807,841,14.175,tablespoon
7808,841,142,container (5 oz)
7809,841,245,cup (8 fl oz)
7810,841,100,g
7811,841,125,container (4.4 oz)
7812,841,28.3495,wt. oz
7813,841,170,container (6 oz)
7814,841,226.8,cup
7815,841,113,container (4 oz)
7816,842,28.3333,oz
7817,842,85,oz
7818,842,100,g
7819,842,28.3331,ounce
7820,842,453.59,lb
7821,842,453.5933,lb
7822,843,15.94,tbsp
7823,843,100,g
7824,843,5.31,tsp
7825,843,28.3495,wt. oz
7826,843,28.35,ounce
7827,843,255,cup
7828,844,135,"cup, strip"
7829,844,100,g
7830,844,28.3495,wt. oz
7831,844,114,pepper
7832,844,135.0,cup
7833,845,45,pepper
7834,845,100,g
7835,845,0.2,pinch
7836,845,75,"cup, chopped or diced"
7837,845,28.3495,wt. oz
7838,845,3.1667,teaspoon
7839,846,5.3,tbsp
7840,846,1.75,teaspoon
7841,846,0.22,dash
7842,846,100,g
7843,846,86.4,cup
7844,846,28.3495,wt. oz
7845,846,1.8,tsp
7846,846,1.78,teaspoon
7847,847,256,cup
7848,847,100,g
7849,847,16,tbsp
7850,847,28.3495,wt. oz
7851,847,16.0,tablespoon
7852,847,5.33,tsp
7853,848,10.67,teaspoon
7854,848,10.66,teaspoon
7855,848,100,g
7856,848,32,tbsp
7857,848,10.67,tsp
7858,848,28.3495,wt. oz
7859,848,512,cup
7860,848,32.0,tablespoon
7861,848,10.68,teaspoon
7862,849,32,"wrapper, eggroll (7"" square)"
7863,849,8,"wrapper, wonton (3-1/2"" square)"
7864,849,100,g
7865,849,28.35,oz
7866,849,453.59,lb
7867,850,6,tsp
7868,850,100,g
7869,850,288.0,cup
7870,850,28.3495,wt. oz
7871,850,18,tbsp
7872,851,85,oz
7873,851,453.5925,lb
7874,851,100,g
7875,851,453.59,lb
7876,851,188,steak
7877,852,292,cup
7878,852,6,tsp
7879,852,16.37,tablespoon
7880,852,100,g
7881,852,28.3495,wt. oz
7882,852,0.4,dash
7883,852,453.5933,lb
7884,852,28.35,ounce
7885,852,5.46,teaspoon
7886,852,1.5,to taste
7887,852,18,tbsp
7888,852,0.34,pinch
7889,852,1.5,tsp
7890,853,9.38,tablespoon
7891,853,45.0,pepper
7892,853,3.12,teaspoon
7893,853,100,g
7894,853,75,"cup, chopped or diced"
7895,853,28.3495,wt. oz
7896,854,28.3333,oz
7897,854,85,oz
7898,854,3.46,tsp
7899,854,166,cup
7900,854,100,g
7901,854,28.3333,ounce
7902,854,453.59,lb
7903,854,10.38,tbsp
7904,854,198,fillet
7905,855,32,cup
7906,855,14.2,oz
7907,855,0.67,tsp
7908,855,1,pork rind
7909,855,100,g
7910,855,28.35,oz
7911,855,453.59,lb
7912,855,2,tbsp
7913,856,21.0,slice
7914,856,28.35,oz
7915,856,100,g
7916,856,45,roll
7917,857,145,cup (not packed)
7918,857,100,g
7919,857,165,"cup, packed"
7920,857,28.3495,wt. oz
7921,857,453.59,lb
7922,857,28.35,ounce
7923,857,155.0,cup
7924,858,74,cup (4 fl oz)
7925,858,100,g
7926,858,66,bar (2.75 fl oz)
7927,858,3628.8,gallon
7928,858,28.3495,wt. oz
7929,858,226.8,cup
7930,859,26.0,slice
7931,859,100,g
7932,859,23,"slice, thin"
7933,859,28.35,oz
7934,859,32,"slice, large"
7935,860,109.0,cup
7936,860,100,g
7937,860,206,large
7938,860,109,"cup, sliced"
7939,860,144,small
7940,860,28.3495,wt. oz
7941,860,167,medium
7942,861,244.0,cup
7943,861,100,g
7944,861,976,quart
7945,861,30.5,fl oz
7946,861,5.08,tsp
7947,861,15.25,tbsp
7948,862,286.0,wedge (approx 1/16 of melon)
7949,862,154,"cup, ball"
7950,862,100,g
7951,862,280,nlea serving
7952,862,122,watermelon ball
7953,862,28.35,oz
7954,862,152,"cup, diced"
7955,862,4518,"melon (15"" long x 7-1/2"" dia)"
7956,863,100.8,cup
7957,863,100,g
7958,863,28.3495,wt. oz
7959,863,6.5,tbsp
7960,863,2.14,teaspoon
7961,863,28.35,ounce
7962,863,2.135,teaspoon
7963,863,6.4,tablespoon
7964,863,2.1,tsp
7965,864,20.0,slice
7966,864,100,g
7967,864,28.3495,wt. oz
7968,864,21,slice (3/4 oz)
7969,864,28.35,ounce
7970,864,226.8,cup
7971,864,19,slice (2/3 oz)
7972,865,28.3495,wt. oz
7973,865,39.19,piece
7974,865,100,g
7975,865,226.8,cup
7976,866,4.02,teaspoon
7977,866,100,g
7978,866,12.12,tbsp
7979,866,28.3495,wt. oz
7980,866,193.92,cup
7981,866,12.06,tablespoon
7982,866,1,tsp
7983,867,10,tbsp (1/8 cup)
7984,867,100,g
7985,867,2.6,sheet
7986,867,26,sheet
7987,867,28.3495,wt. oz
7988,867,5.0,tbsp (1/8 cup)
7989,868,100,g
7990,868,28.3495,wt. oz
7991,868,14.97,tbsp
7992,868,239.6,cup
7993,868,14.97,tablespoon
7994,868,4.99,tsp
7995,869,100,g
7996,869,42.53,shallot
7997,869,10.0,tablespoon
7998,869,28.3495,wt. oz
7999,869,10,tbsp chopped
8000,870,113.0,"cup, sliced"
8001,870,100,g
8002,870,9.9,slice
8003,870,196,medium
8004,870,28.3495,wt. oz
8005,870,118,small
8006,870,323,large
8007,871,100,g
8008,871,4.17,tsp
8009,871,28.3495,wt. oz
8010,871,200.0,cup
8011,871,12.5,tbsp
8012,872,7.5,serving 1 tbsp
8013,872,28.3495,wt. oz
8014,872,100,g
8015,872,39,packet
8016,873,256.0,cup
8017,873,100,g
8018,873,16,tbsp
8019,873,430,oz
8020,873,28.1969,ounce
8021,873,5.33,tsp
8022,874,253.0,cup
8023,874,5.27,tsp
8024,874,100,g
8025,874,182,fl oz
8026,874,15.81,tbsp
8027,875,32.14,cup
8028,875,85,oz
8029,875,0.67,tsp
8030,875,100,g
8031,875,2.01,tbsp
8032,875,28.3337,oz
8033,876,0.2,pod
8034,876,2.165,teaspoon
8035,876,100,g
8036,876,6.7,"tbsp, whole"
8037,876,28.3495,wt. oz
8038,876,6.5,tablespoon
8039,876,2.1,"tsp, whole"
8040,877,208,cup
8041,877,100,g
8042,877,13,tbsp
8043,877,4.29,teaspoon
8044,877,28.3495,wt. oz
8045,877,4.28,teaspoon
8046,877,4.2,tsp
8047,878,11.5,tbsp
8048,878,3.25,tsp
8049,878,156,cup
8050,878,100,g
8051,878,28.3495,wt. oz
8052,878,3.83,tsp
8053,878,453.59,lb
8054,878,28.35,ounce
8055,878,9.75,tbsp
8056,878,284,package (10 oz)
8057,878,184,cup
8058,879,126,cup (4 fl oz)
8059,879,28.3498,oz
8060,879,100,g
8061,879,28.3495,wt. oz
8062,879,28.35,ounce
8063,879,305,can (10.75 oz)
8064,880,1,slice
8065,880,192.0,cup
8066,880,4.0,teaspoon
8067,880,100,g
8068,880,66,"pimiento, whole"
8069,880,4,tsp
8070,880,28.3495,wt. oz
8071,880,28.35,ounce
8072,880,12,tbsp
8073,880,12.0,tablespoon
8074,881,114,medium
8075,881,100,g
8076,881,180,large
8077,881,4.17,tsp
8078,881,28.3495,wt. oz
8079,881,60,small
8080,881,114,"medium (2"" dia, 5"" long, raw)"
8081,881,200.0,cup
8082,881,12.5,tbsp
8083,882,28.3495,wt. oz
8084,882,100,g
8085,882,91,"link, 5/lb"
8086,882,113.0,"link, 4/lb"
8087,883,448,can (total can contents)
8088,883,240,cup
8089,883,100,g
8090,883,28.3495,wt. oz
8091,883,5,tsp
8092,883,28.35,ounce
8093,883,15,tbsp
8094,884,86,cup
8095,884,100,g
8096,884,10.75,tbsp
8097,884,172,cup
8098,884,28.3495,wt. oz
8099,884,3.58,tsp
8100,884,28.35,ounce
8101,884,266,can drained solid
8102,885,100,g
8103,885,28.3495,wt. oz
8104,885,5,tsp
8105,885,10,packet (2/3 tbsp)
8106,885,245.0,cup
8107,885,15,tbsp
8108,886,100,g
8109,886,28.3495,wt. oz
8110,886,5,tsp
8111,886,10,packet (2/3 tbsp)
8112,886,245.0,cup
8113,886,15,tbsp
8114,887,85,oz
8115,887,272.0,strip
8116,887,926,package
8117,887,5.42,tsp
8118,887,100,g
8119,887,16.25,tbsp
8120,887,453.5933,lb
8121,887,272,piece
8122,887,189.0,breast
8123,887,260,cup
8124,888,4,strip medium
8125,888,100,g
8126,888,72,"large (7-1/4"" to 8-/1/2"" long)"
8127,888,122,cup strips or slice
8128,888,110,cup grated
8129,888,61,medium
8130,888,50,"small (5-1/2"" long)"
8131,888,3,slice
8132,888,28.3495,wt. oz
8133,888,128,cup chopped
8134,888,120.0,cup
8135,888,7,"strip large (3"" long)"
8136,889,227,container (8 oz)
8137,889,142,container (5 oz)
8138,889,245,cup (8 fl oz)
8139,889,100,g
8140,889,125,container (4.4 oz)
8141,889,28.3495,wt. oz
8142,889,170,container (6 oz)
8143,889,226.8,cup
8144,889,113,container (4 oz)
8145,890,1.0,g
8146,890,100,g
8147,890,0.8,serving 1 packet sugar twin
8148,890,28.3495,wt. oz
8149,890,1,serving 1 packet
8150,891,31.38,fl oz
8151,891,15.69,tbsp
8152,891,100,g
8153,891,31.38,ounce
8154,891,609,"can (11 oz), prepared"
8155,891,251,cup
8156,891,5.23,tsp
8157,892,0.8876,ml
8158,892,100,g
8159,892,4.38,tsp
8160,892,28.3495,wt. oz
8161,892,13.13,tbsp
8162,892,210,cup
8163,893,0.9586,ml
8164,893,284,package (10 oz)
8165,893,95,package (10 oz)
8166,893,100,g
8167,893,28.3495,wt. oz
8168,893,28.35,ounce
8169,893,226.8,cup
8170,893,1134,pack (2-1/2 lb)
8171,894,519.2,cup
8172,894,32.45,tbsp
8173,894,100,g
8174,894,129.78,serving
8175,894,10.82,tsp
8176,894,28.3495,wt. oz
8177,894,129.8,cup
8178,895,21.25,cup
8179,895,100,g
8180,895,85.0,cup
8181,895,28.35,oz
8182,895,5.31,tbsp
8183,895,1.77,tsp
8184,896,5.0533,teaspoon
8185,896,5.05,teaspoon
8186,896,5.06,teaspoon
8187,896,0.6325,dashe
8188,896,5.04,teaspoon
8189,896,100,g
8190,896,28.3495,wt. oz
8191,896,5,tsp
8192,896,0.63,dash
8193,896,15.155,tablespoon
8194,896,5.0833,teaspoon
8195,896,245,cup
8196,896,15.16,tablespoon
8197,896,15,tbsp
8198,897,245,cup
8199,897,100,g
8200,897,28.3495,wt. oz
8201,897,5.1,tsp
8202,897,15.31,tbsp
8203,897,28.35,ounce
8204,897,245,"cup, chunk"
8205,898,15.45,tbsp
8206,898,247.2,cup
8207,898,100,g
8208,898,5.15,tsp
8209,898,30.9,ounce
8210,898,247,cup 8 fl oz
8211,898,30.9,fl oz
8212,899,1.0,g
8213,899,8.5633,tablespoon
8214,899,137.0,cup
8215,899,1.57,cashew
8216,899,100,g
8217,899,28.35,oz
8218,899,137,"cup, halves and whole"
8219,900,132,cup
8220,900,5.5,teaspoon
8221,900,100,g
8222,900,132,serving 1/2 cup
8223,900,16.5,tbsp
8224,900,5.5,tsp
8225,900,33,fl oz
8226,901,312,cup
8227,901,6.5,tsp
8228,901,100,g
8229,901,28.3495,wt. oz
8230,901,19.5,tbsp
8231,901,6.5,teaspoon
8232,902,28.3333,oz
8233,902,85,oz
8234,902,185,thigh with skin
8235,902,100,g
8236,902,49,back with skin
8237,902,344,"leg, with skin (sum of drumstick+thigh+back)"
8238,902,111,drumstick with skin
8239,903,18.0,tablespoon
8240,903,6,tsp
8241,903,100,g
8242,903,288,cup
8243,903,28.3495,wt. oz
8244,903,18,tbsp
8245,904,5.2,tbsp
8246,904,1.75,teaspoon
8247,904,100,g
8248,904,86.4,cup
8249,904,1.77,teaspoon
8250,904,28.3495,wt. oz
8251,904,1.8,tsp
8252,904,1.76,teaspoon
8253,905,0.6,"tsp, crumbled"
8254,905,0.2,leaf
8255,905,1.8,"tbsp, crumbled"
8256,905,100,g
8257,905,28.3495,wt. oz
8258,906,85,oz
8259,906,13,scallop
8260,906,100,g
8261,906,453.59,lb
8262,906,30,unit 2 large or 5 small
8263,906,226.806,cup
8264,907,100,g
8265,907,32,"large (approx 3-1/2"" to 4"" dia)"
8266,907,28.35,oz
8267,907,226.8,cup
8268,907,7,cookie
8269,908,31.5,ounce
8270,908,31.5,fl oz
8271,908,100,g
8272,908,63,cup
8273,908,252.0,cup
8274,908,5.25,tsp
8275,908,31.5,tbsp
8276,909,1.96,teaspoon
8277,909,5.9,tablespoon
8278,909,0.12,pinch
8279,909,100,g
8280,909,28.3495,wt. oz
8281,909,1.97,teaspoon
8282,909,5.8,"tbsp, ground"
8283,909,2,"tsp, ground"
8284,910,11.25,tbsp
8285,910,1.0,g
8286,910,3.75,tsp
8287,910,100,g
8288,910,180,cup
8289,910,28.3495,wt. oz
8290,910,453.6,lb
8291,910,28.35,ounce
8292,910,45,cup
8293,911,100,g
8294,911,474.14,pint
8295,911,4.93,tsp
8296,911,178,fl oz
8297,911,236.8,cup
8298,911,29.6,fl oz
8299,911,14.8,tbsp
8300,912,4.42,teaspoon
8301,912,100,g
8302,912,30.3,fl oz
8303,912,13.26,tablespoon
8304,912,151.5,glas
8305,912,5.05,tsp
8306,912,15.15,tbsp
8307,912,242.4,cup
8308,912,768.5,bottle
8309,912,212.1,cup
8310,913,50,medium brownie
8311,913,90,large brownie
8312,913,28.3499,ounce
8313,913,100,g
8314,913,28.3495,wt. oz
8315,913,30,small brownie
8316,914,19,bar snack size
8317,914,100,g
8318,914,28.3495,wt. oz
8319,914,28.35,ounce
8320,914,49,package 1.76 oz
8321,915,0.29,tsp
8322,915,14.2,oz
8323,915,0.88,tbsp
8324,915,100,g
8325,915,14.0,cup
8326,916,109.0,cup
8327,916,100,g
8328,916,28.35,oz
8329,916,28.3495,wt. oz
8330,916,6.81,tbsp
8331,916,2.27,tsp
8332,917,249.12,cup
8333,917,100,g
8334,917,15.57,tbsp
8335,917,15.57,tablespoon
8336,917,28.3495,wt. oz
8337,917,5.19,tsp
8338,918,28.3333,oz
8339,918,85,oz
8340,918,3.46,tsp
8341,918,453.5925,lb
8342,918,28.3331,oz
8343,918,166,cup
8344,918,100,g
8345,918,10.38,tbsp
8346,918,453.5933,lb
8347,918,198,fillet
8348,919,5,"leaf, small"
8349,919,100,g
8350,919,755,"head, large"
8351,919,8,"leaf, medium"
8352,919,28.3495,wt. oz
8353,919,539.34,head
8354,919,57,"cup, chopped (1/2"" pieces, loosely packed)"
8355,919,324,"head, small"
8356,919,72,cup shredded
8357,919,539.33,head
8358,919,539,"head, medium (6"" dia)"
8359,919,89,nlea serving
8360,919,15,"leaf, large"
8361,920,160.0,cup
8362,920,100,g
8363,920,148,nlea serving
8364,920,331,onion
8365,920,28.3495,wt. oz
8366,920,160,"cup, chopped"
8367,921,3.02,tsp
8368,921,160.0,cup
8369,921,100,g
8370,921,10,tbsp
8371,921,28.3493,ounce
8372,921,9.06,tbsp
8373,921,28.3495,wt. oz
8374,921,3.33,tsp
8375,921,453.59,lb
8376,921,28.35,ounce
8377,921,145,cup
8378,922,100,g
8379,922,14.7,tbsp
8380,922,28.3495,wt. oz
8381,922,28.35,ounce
8382,922,29.4,tbsp
8383,922,4.9,tsp
8384,922,235.0,cup
8385,923,100,g
8386,923,230.0,cup
8387,923,28.3495,wt. oz
8388,923,4,tsp
8389,923,12,tablespoon
8390,924,100,g
8391,924,28.3495,wt. oz
8392,924,33.0,cup
8393,924,3,tbsp
8394,924,0.69,tsp
8395,925,100,g
8396,925,108,cup
8397,925,2.25,tsp
8398,925,28.35,oz
8399,925,6.75,tbsp
8400,925,28.35,ounce
8401,926,1200,large
8402,926,8.13,tbsp
8403,926,2.71,tsp
8404,926,100,g
8405,926,120,cup slice
8406,926,130,cup
8407,926,28.35,oz
8408,926,659,medium
8409,926,6,slice
8410,926,28.3495,wt. oz
8411,926,365,small
8412,926,125.0,cup
8413,927,28.35,oz
8414,927,100,g
8415,927,7.0,cookie
8416,927,32,"large (approx 3-1/2"" to 4"" dia)"
8417,928,100,g
8418,928,28.35,oz
8419,928,11.8,cookie
8420,928,28.35,ounce
8421,929,14.9,tbsp
8422,929,100,g
8423,929,14.6,tablespoon
8424,929,28.3495,wt. oz
8425,929,232,cup
8426,929,4.8,tsp
8427,930,28.3495,wt. oz
8428,930,100,g
8429,930,1.0,amount
8430,931,113,oz
8431,931,100,g
8432,931,28.35,oz
8433,931,28.32,ounce
8434,931,226.8,cup
8435,931,28.3,ounce
8436,932,4,cracker
8437,932,100,g
8438,932,16,"crackers, regular size, round (1 serving)"
8439,932,16,cracker
8440,932,3.2,"cracker, round"
8441,932,28.3495,wt. oz
8442,932,52.0,cup
8443,932,52,cup crushed
8444,932,4,"cracker, rectangular"
8445,933,40,piece
8446,933,10,"jelly ring (1-1/4"" dia)"
8447,933,22,gummy bear
8448,933,63,gummy dinosaur
8449,933,11.6,"gumdrop, large (1"" dia)"
8450,933,3.2,"gumdrop, small (1/2"" dia)"
8451,933,7.4,gummy worm
8452,933,100,g
8453,933,9.5,spice stick
8454,933,24,spice drop
8455,933,74,gummy worm
8456,933,4.2,"gumdrop, medium (3/4"" dia)"
8457,933,182,cup gumdrop
8458,933,28.3495,wt. oz
8459,933,28.35,ounce
8460,933,36,gumdrop
8461,933,50,gummy fish
8462,934,5,tbsp
8463,934,100,g
8464,934,28.35,oz
8465,934,2.08,tsp
8466,934,100.0,cup
8467,935,244.0,cup
8468,935,76,"half, with liquid"
8469,935,100,g
8470,935,28.3495,wt. oz
8471,935,244,"cup, halve"
8472,936,602.0,quart
8473,936,166,nlea serving
8474,936,140,"cup, slice"
8475,936,178,medium
8476,936,148,small
8477,936,100,g
8478,936,161,"cup, cube"
8479,936,28.35,oz
8480,936,230,large
8481,937,228,cup
8482,937,14.25,tbsp
8483,937,57,cup
8484,937,273,jar 10.5 oz
8485,937,28.5,fl oz
8486,937,100,g
8487,937,14.25,tablespoon
8488,937,4.75,tsp
8489,937,324,jar 12 oz
8490,938,8.5,tbsp
8491,938,100,g
8492,938,82.0,"beet (2"" dia)"
8493,938,28.3495,wt. oz
8494,938,136,cup
8495,938,2.83,tsp
8496,939,0.2,0.25 tsp
8497,939,5.46,tbsp
8498,939,100,g
8499,939,28.3495,wt. oz
8500,939,1.82,tsp
8501,939,1.01,teaspoon
8502,939,87.36,cup
8503,940,5.3,tbsp
8504,940,1.784,teaspoon
8505,940,5.35,tablespoon
8506,940,100,g
8507,940,86.4,cup
8508,940,28.3495,wt. oz
8509,940,1.8,tsp
8510,940,1.8,teaspoon
8511,940,1.78,teaspoon
8512,941,2.6033,teaspoon
8513,941,7.81,tbsp
8514,941,125.0,cup
8515,941,100,g
8516,941,28.3495,wt. oz
8517,941,2.6,tsp
8518,942,17,serving
8519,942,282.0,cup
8520,942,17,tbsp
8521,942,5.67,tsp
8522,942,100,g
8523,942,28.3495,wt. oz
8524,943,6,tsp
8525,943,4,piece
8526,943,100,g
8527,943,288.0,cup
8528,943,28.3495,wt. oz
8529,943,453.59,lb
8530,943,18,tbsp
8531,944,103,glass (3.5 fl oz)
8532,944,14.75,tbsp
8533,944,100,g
8534,944,4.92,tsp
8535,944,236.0,cup
8536,944,29.5,ounce
8537,944,29.5,fl oz
8538,945,2.0733,teaspoon
8539,945,2.3,"tsp, ground"
8540,945,100,g
8541,945,6.9,"tbsp, ground"
8542,945,28.3495,wt. oz
8543,945,6.22,tablespoon
8544,945,28.35,ounce
8545,945,2.9,"tsp, whole"
8546,945,0.1,dash
8547,946,100,g
8548,946,425.25,can
8549,946,28.3495,wt. oz
8550,946,5.1,tsp
8551,946,15.31,tbsp
8552,946,28.35,ounce
8553,946,245,cup
8554,947,17,tbsp
8555,947,5.67,tsp
8556,947,100,g
8557,947,275.0,cup
8558,947,28.3495,wt. oz
8559,947,17.0933,tablespoon
8560,948,128,cup
8561,948,8,tbsp
8562,948,2.67,tsp
8563,948,2.665,teaspoon
8564,948,8.0,tablespoon
8565,948,100,g
8566,948,28.35,oz
8567,949,20,sprig
8568,949,0.33,tsp
8569,949,1,tbsp
8570,949,100,g
8571,949,28.3495,wt. oz
8572,949,0.85,sprig
8573,949,32.0,bunch
8574,949,4,cup
8575,950,85,oz
8576,950,453.5933,lb
8577,950,608,steak
8578,950,100,g
8579,951,3.22,tsp
8580,951,153.6,cup
8581,951,100,g
8582,951,38.4,cup
8583,951,28.3495,wt. oz
8584,951,9.6,tbsp
8585,952,100,g
8586,952,28.3495,wt. oz
8587,952,5.1,tsp
8588,952,15.31,tbsp
8589,952,28.35,ounce
8590,952,245,cup
8591,953,100,g
8592,953,4.17,tsp
8593,953,28.35,oz
8594,953,28.35,ounce
8595,953,12.5,tbsp
8596,953,100,cup
8597,954,1.88,tsp
8598,954,5.63,tbsp
8599,954,100,g
8600,954,28.35,oz
8601,954,28,slice
8602,954,28.35,ounce
8603,954,90,cup
8604,955,28.35,oz
8605,955,453.6,lb
8606,955,100,g
8607,956,0.83,tsp
8608,956,31.055,slice
8609,956,36.8,slice (1.3 oz)
8610,956,29,slice
8611,956,31.053,slice
8612,956,20,"slice, thin"
8613,956,45.52,slice (1.5 oz)
8614,956,12,slice crust not eaten
8615,956,15,"slice, very thin"
8616,956,100,g
8617,956,31.0532,slice
8618,956,45,"cup, crumb"
8619,956,25,slice
8620,956,754,whole loaf
8621,956,40,cup
8622,956,2.5,tbsp
8623,956,9,"slice thin, crust not eaten"
8624,956,30,"slice, large"
8625,956,28.35,oz
8626,956,35,"cup, cube"
8627,956,31.0533,slice
8628,957,100,g
8629,957,28.3495,wt. oz
8630,957,14.1767,tablespoon
8631,957,201,serving
8632,957,37,piece
8633,958,100,g
8634,958,4.17,tsp
8635,958,28.3495,wt. oz
8636,958,200.0,cup
8637,958,12.5,tbsp
8638,959,4.4,tbsp
8639,959,100,g
8640,959,1.4,tsp
8641,959,1.435,teaspoon
8642,959,28.3495,wt. oz
8643,959,67.2,cup
8644,959,1.44,teaspoon
8645,960,113.4,oz
8646,960,100,g
8647,960,453.5933,lb
8648,960,28.34,oz
8649,961,130.0,"cup, cube"
8650,961,65,"cup, cube"
8651,961,100,g
8652,961,183,large
8653,961,61,small
8654,961,28.3495,wt. oz
8655,961,122,medium
8656,961,15,slice
8657,962,100,g
8658,962,87,bag
8659,962,31.6,quart
8660,962,0.16,tsp
8661,962,28.3495,wt. oz
8662,962,7.9,cup
8663,962,0.49,tbsp
8664,963,100.0,pint
8665,963,100,g
8666,963,50.0,cup
8667,963,7.2,regular
8668,963,50,cup of miniature
8669,963,28.3495,wt. oz
8670,963,453.59,lb
8671,963,7,miniature
8672,964,40,piece
8673,964,10,"jelly ring (1-1/4"" dia)"
8674,964,22,gummy bear
8675,964,63,gummy dinosaur
8676,964,11.6,"gumdrop, large (1"" dia)"
8677,964,3.2,"gumdrop, small (1/2"" dia)"
8678,964,50,gummy fish
8679,964,100,g
8680,964,9.5,spice stick
8681,964,24,spice drop
8682,964,74,gummy worm
8683,964,4.2,"gumdrop, medium (3/4"" dia)"
8684,964,182,cup gumdrop
8685,964,453.59,lb
8686,964,28.3495,wt. oz
8687,964,36,gumdrop
8688,965,948.265,quart
8689,965,237.0667,cup
8690,965,237.0597,cup
8691,965,100,g
8692,965,4.93,tsp
8693,965,237.08,cup
8694,965,178,fl oz
8695,965,236.8,cup
8696,965,29.6,fl oz
8697,965,237.065,cup
8698,965,14.8,tbsp
8699,965,237.07,cup
8700,966,17.58,pearl onion
8701,966,100,g
8702,966,13.55,tbsp
8703,966,4.52,tsp
8704,966,28.3495,wt. oz
8705,966,453.59,lb
8706,966,28.35,ounce
8707,966,216.8,cup
8708,966,867.2,quart
8709,967,32,"wrapper, eggroll (7"" square)"
8710,967,8,"wrapper, wonton (3-1/2"" square)"
8711,967,8.0,"wrapper, wonton"
8712,967,100,g
8713,967,28.35,oz
8714,967,28.35,ounce
8715,968,30,wafer
8716,968,100,g
8717,968,28.3495,wt. oz
8718,968,28.35,ounce
8719,968,3.75,wafer
8720,968,11.6,wafers mini wafer
8721,969,100,g
8722,969,58.0,cup
8723,969,1.21,tsp
8724,969,28.3495,wt. oz
8725,969,3.63,tbsp
8726,970,4.02,teaspoon
8727,970,100,g
8728,970,12.12,tbsp
8729,970,28.3495,wt. oz
8730,970,193.92,cup
8731,970,1,tsp
8732,971,15,tablespoon
8733,971,240.0,cup
8734,971,100,g
8735,971,30,tablespoon
8736,971,28.3495,wt. oz
8737,971,5,tsp
8738,971,28.35,ounce
8739,971,30,serving
8740,972,100,g
8741,972,28.3495,wt. oz
8742,972,35,tbsp
8743,972,280.0,cup
8744,972,5.83,tsp
8745,973,15.63,tbsp
8746,973,250.0,cup
8747,973,1000,quart
8748,973,100,g
8749,973,5.21,tsp
8750,973,31.2,fl oz
8751,974,100,g
8752,974,28.3495,wt. oz
8753,974,15.31,tbsp
8754,974,5.1,tsp
8755,974,245.0,cup
8756,975,5.6,teaspoon
8757,975,100,g
8758,975,16.8,tbsp
8759,975,28.3495,wt. oz
8760,975,268.8,cup
8761,975,5.6,tsp
8762,976,28.3495,wt. oz
8763,976,100,g
8764,976,56.0,roll
8765,977,100,g
8766,977,28.35,oz
8767,977,135,"cup, whole"
8768,977,115,"cup, chopped"
8769,977,125.0,cup
8770,978,21,serving 0.75 oz bar
8771,978,26,butterfinger bb'
8772,978,100,g
8773,978,4.17,tsp
8774,978,28.3495,wt. oz
8775,978,108,bar king size
8776,978,7,bar bite size
8777,978,25,tbsp
8778,978,60,serving 2.1 oz bar
8779,978,42.8,bar
8780,978,28.3524,oz
8781,978,200,cup
8782,978,18,serving 1 fun size bar 0.65 oz
8783,978,174,cup bb'
8784,979,6.4,ring
8785,979,1.79,tsp
8786,979,86.0,cup
8787,979,5.38,tbsp
8788,979,100,g
8789,979,28.3495,wt. oz
8790,980,100,g
8791,980,8.4,fig
8792,980,149.0,cup
8793,980,28.3495,wt. oz
8794,980,9.31,tbsp
8795,980,3.1,tsp
8796,981,0.29,tsp
8797,981,14.2,oz
8798,981,0.88,tbsp
8799,981,100,g
8800,981,14.0,cup
8801,982,5.12,tsp
8802,982,30.8,tbsp
8803,982,100,g
8804,982,28.35,oz
8805,982,246.08,cup
8806,982,15.36,tbsp
8807,982,245.76,cup
8808,983,85,oz
8809,983,28.35,"oz, boneles"
8810,983,100,g
8811,983,453.5933,lb
8812,983,163,fillet
8813,984,3.3,cracker
8814,984,100,g
8815,984,72,"cup, crushed"
8816,984,16,cracker (1 nlea serving)
8817,984,72.0,cup
8818,984,28.3495,wt. oz
8819,985,28.3495,wt. oz
8820,985,100,g
8821,985,17.22,piece
8822,986,100,g
8823,986,28.3495,wt. oz
8824,986,453.59,lb
8825,986,446,package
8826,986,50,frankfurter
8827,987,100,g
8828,987,28.3495,wt. oz
8829,987,152.0,cup
8830,987,9.5,tbsp
8831,987,3.17,tsp
8832,988,8,square
8833,988,7,piece
8834,988,7,"bar, miniature"
8835,988,44.0,bar (1.55 oz)
8836,988,100,g
8837,988,28.3495,wt. oz
8838,988,168,cup chip
8839,988,28.35,ounce
8840,988,7,coin
8841,989,28.35,oz
8842,989,11.8,cookie
8843,989,100,g
8844,990,3.5,tsp
8845,990,0.5,chip
8846,990,100,g
8847,990,10.5,tbsp
8848,990,28.3495,wt. oz
8849,990,168,cup
8850,990,28.35,ounce
8851,990,453.59,lb
8852,991,192.0,cup
8853,991,100,g
8854,991,12,tbsp
8855,991,28.3495,wt. oz
8856,991,4,tsp
8857,992,256,cup
8858,992,100,g
8859,992,482,can (303 x 406)
8860,992,16,tbsp
8861,992,28.3495,wt. oz
8862,992,482.0,can
8863,992,28.35,ounce
8864,992,5.33,tsp
8865,993,16,"link, little (2"" long x 3/4"" dia)"
8866,993,68,"link (4"" long x 1-1/8"" dia)"
8867,993,100,g
8868,993,56.7,oz
8869,993,453.6,lb
8870,993,28.35,ounce
8871,994,28.3497,ounce
8872,994,256,cup
8873,994,100,g
8874,994,482,can (303 x 406)
8875,994,16,tbsp
8876,994,28.3495,wt. oz
8877,994,28.35,ounce
8878,994,5.33,tsp
8879,995,100,g
8880,995,174,"cup, pitted"
8881,995,28.3495,wt. oz
8882,995,453.6,lb
8883,995,174.0,cup
8884,995,9.5,"prune, pitted"
8885,996,80,"cup, shredded"
8886,996,397,medium
8887,996,100,g
8888,996,45,"piece (2"" x 2"" x 1/2"")"
8889,996,28.3495,wt. oz
8890,996,80.0,cup
8891,997,85,oz
8892,997,1000.0,kg
8893,997,100,g
8894,997,148,thigh without skin
8895,997,453.59,lb
8896,997,181,thigh
8897,998,31.1,fl oz
8898,998,100,g
8899,998,249.0,cup
8900,998,15.56,tbsp
8901,998,5.19,tsp
8902,999,5.17,tsp
8903,999,100,g
8904,999,28.3493,ounce
8905,999,28.3495,wt. oz
8906,999,28.35,ounce
8907,999,248,cup
8908,999,15.5,tbsp
8909,1000,100,g
8910,1000,3.56,tsp
8911,1000,10.6,tbsp
8912,1000,4.02,tsp
8913,1000,28.3495,wt. oz
8914,1000,453.6,lb
8915,1000,28.35,ounce
8916,1000,171.0,cup
8917,1000,12,tbsp
8918,1000,193.0,cup
8919,1001,13.58,tablespoon
8920,1001,218,cup
8921,1001,100,g
8922,1001,28.3495,wt. oz
8923,1001,13.6,tbsp
8924,1001,13.575,tablespoon
8925,1001,4.5,tsp
8926,1001,13.5767,tablespoon
8927,1002,3.8,olive
8928,1002,4.4,large
8929,1002,3.2,small
8930,1002,100,g
8931,1002,2.8,tsp
8932,1002,8.4,tbsp
8933,1002,28.3495,wt. oz
8934,1002,135,cup
8935,1003,100,g
8936,1003,149,cup
8937,1003,28.3495,wt. oz
8938,1003,9.31,tbsp
8939,1003,17.0,cherry
8940,1003,3.1,tsp
8941,1004,100,g
8942,1004,67.0,piece
8943,1004,28.35,oz
8944,1004,67,serving
8945,1004,75,cupcake
8946,1005,5.87,tsp
8947,1005,17.6,tbsp
8948,1005,35.2,ounce
8949,1005,100,g
8950,1005,281.6,cup
8951,1005,281.6061,cup
8952,1005,35.2,fl oz
8953,1005,423,can (12 fl oz)
8954,1006,240,fl oz
8955,1006,100,g
8956,1006,240,cup
8957,1006,5,tsp
8958,1006,960.0,quart
8959,1006,15,tbsp
8960,1007,74,cup (4 fl oz)
8961,1007,100,g
8962,1007,66,bar (2.75 fl oz)
8963,1007,907.2,quart
8964,1007,28.3495,wt. oz
8965,1008,100,g
8966,1008,180,"cup, sliced"
8967,1008,148,nlea serving
8968,1008,28.35,oz
8969,1008,69.0,"fruit (2"" dia)"
8970,1009,10.15,tbsp
8971,1009,100,g
8972,1009,3.38,tsp
8973,1009,28.3495,wt. oz
8974,1009,453.59,lb
8975,1009,162.4,cup
8976,1010,100,g
8977,1010,242.0,cup
8978,1010,30.2,fl oz
8979,1010,5.03,tsp
8980,1010,15,tbsp
8981,1010,15,"container, individual (.5 fl oz)"
8982,1011,227,container (8 oz)
8983,1011,245,cup (8 fl oz)
8984,1011,100,g
8985,1011,28.3495,wt. oz
8986,1011,170,container (6 oz)
8987,1011,28.35,ounce
8988,1011,226.8,cup
8989,1011,113,container (4 oz)
8990,1012,1746,bottle (60 fl oz)
8991,1012,4.85,tsp
8992,1012,14.55,tablespoon
8993,1012,100,g
8994,1012,29.1,fl oz
8995,1012,174.6,fl oz
8996,1012,14.55,tbsp
8997,1012,232.8,cup
8998,1013,4.5,teaspoon
8999,1013,100,g
9000,1013,13.5,tbsp
9001,1013,28.3495,wt. oz
9002,1013,216,cup
9003,1013,4.5,tsp
9004,1014,100,g
9005,1014,14,large rectangular piece or 2 squares or 4 small rectangular piece
9006,1014,28.35,oz
9007,1014,15.0,cracker
9008,1014,84,"cup, crushed"
9009,1014,28.35,ounce
9010,1015,100,g
9011,1015,4.17,tsp
9012,1015,28.3495,wt. oz
9013,1015,453.59,lb
9014,1015,200.0,cup
9015,1015,12.5,tbsp
9016,1016,8.75,tbsp
9017,1016,2.92,tsp
9018,1016,70,cup
9019,1016,100,g
9020,1016,28.3495,wt. oz
9021,1016,28.35,ounce
9022,1016,284,package (10 oz)
9023,1017,186,"pepper, large (3-3/4"" long, 3"" dia)"
9024,1017,100,g
9025,1017,149,"cup, chopped"
9026,1017,149.0,cup
9027,1017,119,medium
9028,1017,28.3495,wt. oz
9029,1017,52,strip
9030,1018,0.6,tsp
9031,1018,100,g
9032,1018,7.2,tbsp
9033,1018,7.2,tablespoon
9034,1018,2.4,teaspoon
9035,1018,28.3495,wt. oz
9036,1018,115.2,cup
9037,1018,2.4,tsp
9038,1019,8,square
9039,1019,7,piece
9040,1019,44,bar (1.55 oz)
9041,1019,7,"bar, miniature"
9042,1019,100,g
9043,1019,28.3495,wt. oz
9044,1019,168,cup chip
9045,1019,28.35,ounce
9046,1019,7,coin
9047,1020,1.56,tsp
9048,1020,8,tbsp
9049,1020,4,tbsp
9050,1020,100,g
9051,1020,28.35,oz
9052,1020,28.3495,wt. oz
9053,1020,28.35,ounce
9054,1020,75,cup
9055,1021,2.04,teaspoon
9056,1021,96,cup
9057,1021,100,g
9058,1021,2,tsp
9059,1021,28.3495,wt. oz
9060,1021,6.3,tbsp
9061,1022,113,oz
9062,1022,100,g
9063,1022,453.59,lb
9064,1022,453.5923,lb
9065,1023,435,can
9066,1023,435,bottle
9067,1023,100,g
9068,1023,18.13,tbsp
9069,1023,6.04,tsp
9070,1023,1.2257,ml
9071,1023,580,fl oz
9072,1023,290,cup
9073,1023,580,pint
9074,1024,100,g
9075,1024,28.3495,wt. oz
9076,1024,453.6,lb
9077,1024,91,"link, 5/lb"
9078,1024,113,"link, 4/lb"
9079,1025,28.3506,ounce
9080,1025,3.5,tsp
9081,1025,100,g
9082,1025,27,heart
9083,1025,10.5,tbsp
9084,1025,28.35,oz
9085,1025,28.3495,wt. oz
9086,1025,168,cup
9087,1025,28.35,ounce
9088,1026,840,"head large (6-7"" dia.)"
9089,1026,588,"head medium (5-6"" dia.)"
9090,1026,265,"head small (4"" dia.)"
9091,1026,100,g
9092,1026,13,floweret
9093,1026,28.3495,wt. oz
9094,1026,107.0,cup
9095,1026,107,"cup chopped (1/2"" pieces)"
9096,1027,160.0,cup
9097,1027,100,g
9098,1027,10,tbsp
9099,1027,28.3495,wt. oz
9100,1027,3.33,tsp
9101,1028,28.3533,ounce
9102,1028,100,g
9103,1028,122.5067,cup
9104,1028,28.35,oz
9105,1028,28,slice (1 oz)
9106,1028,132,"cup, diced"
9107,1028,113,"cup, shredded"
9108,1028,17,cubic inch
9109,1029,2.3,"tsp, ground"
9110,1029,2.0833,teaspoon
9111,1029,2.08,teaspoon
9112,1029,2.07,teaspoon
9113,1029,100,g
9114,1029,6.9,"tbsp, ground"
9115,1029,28.3495,wt. oz
9116,1029,6.22,tablespoon
9117,1029,2.9,"tsp, whole"
9118,1029,0.1,dash
9119,1029,2.075,teaspoon
9120,1030,100,g
9121,1030,7.5,tbsp
9122,1030,2.5,tsp
9123,1030,28.35,oz
9124,1030,28.35,ounce
9125,1030,120,cup
9126,1031,8.13,tbsp
9127,1031,2.71,tsp
9128,1031,100,g
9129,1031,130.0,cup
9130,1031,2.88,"olive, pitted"
9131,1031,28.3495,wt. oz
9132,1032,107,cup rotini
9133,1032,107,cup ziti
9134,1032,135,cup linguine
9135,1032,116,cup lasagne
9136,1032,132,cup elbows packed
9137,1032,57,lasagna noodle (cooked)
9138,1032,2.92,tsp
9139,1032,100,g
9140,1032,151,cup spaghetti packed
9141,1032,28.3495,wt. oz
9142,1032,28.35,ounce
9143,1032,8.75,tbsp
9144,1032,453.5867,lb
9145,1032,124,cup spaghetti not packed
9146,1032,107,cup penne
9147,1032,140,cup
9148,1032,107,cup farfalle
9149,1032,135,cup capellini
9150,1032,120,cup elbows not packed
9151,1032,105,cup shell
9152,1033,1.0,g
9153,1033,113,oz
9154,1033,100,g
9155,1033,565,liver
9156,1033,28.35,oz
9157,1034,28.35,oz
9158,1034,453.6,lb
9159,1034,100,g
9160,1034,1.0,g
9161,1035,28.35,oz
9162,1035,453.6,lb
9163,1035,100,g
9164,1035,1.0,g
9165,1036,28.35,"oz, boneles"
9166,1036,45,can (2 oz)
9167,1036,20,anchovie
9168,1036,100,g
9169,1036,4.0,anchovy
9170,1036,28.3495,wt. oz
9171,1037,6,tsp
9172,1037,100,g
9173,1037,36,tbsp
9174,1037,259,cup
9175,1037,130,cup
9176,1037,28.3495,wt. oz
9177,1037,16.815,tablespoon
9178,1038,150.0,"cup, diced"
9179,1038,369,"potato large (3"" to 4-1/4"" dia)"
9180,1038,453.5867,lb
9181,1038,170,"potato small (1-3/4"" to 2-1/4"" dia)"
9182,1038,100,g
9183,1038,75,"cup, diced"
9184,1038,170.0,small
9185,1038,213,"potato medium (2-1/4"" to 3-1/4"" dia)"
9186,1038,453.592,lb
9187,1038,28.3495,wt. oz
9188,1039,369,"potato large (3"" to 4-1/4"" dia)"
9189,1039,170,"potato small (1-3/4"" to 2-1/4"" dia)"
9190,1039,100,g
9191,1039,75,"cup, diced"
9192,1039,213,"potato medium (2-1/4"" to 3-1/4"" dia)"
9193,1039,453.592,lb
9194,1039,28.3495,wt. oz
9195,1040,9.13,tbsp
9196,1040,100,g
9197,1040,3.04,tsp
9198,1040,28.35,oz
9199,1040,146.0,cup
9200,1040,1,peanut
9201,1041,247.0,cup
9202,1041,5.17,tsp
9203,1041,100,g
9204,1041,246,cup
9205,1041,124,cup
9206,1041,28.35,oz
9207,1041,15.5,tbsp
9208,1042,28.3333,oz
9209,1042,85,oz
9210,1042,100,g
9211,1042,416,rabbit
9212,1042,299,"piece, cooked (yield from 1 lb raw meat, boneless)"
9213,1043,167,cup
9214,1043,3.48,tsp
9215,1043,1.0,g
9216,1043,100,g
9217,1043,28.3495,wt. oz
9218,1043,10.44,tbsp
9219,1044,85,oz
9220,1044,505,"roast (yield from 1 raw roast, with refuse, weighing 504g)"
9221,1044,100,g
9222,1044,1.0,g
9223,1045,85,oz
9224,1045,1000.0,kg
9225,1045,100,g
9226,1045,50,rib
9227,1046,96,cup
9228,1046,2.0,teaspoon
9229,1046,100,g
9230,1046,28.3495,wt. oz
9231,1046,6,tbsp
9232,1046,4,cube
9233,1047,100,g
9234,1047,28.3507,ounce
9235,1047,28.3495,wt. oz
9236,1047,6.25,tbsp
9237,1047,28.35,ounce
9238,1047,2.08,tsp
9239,1047,100.0,cup
9240,1047,95,"pods (3"" long)"
9241,1048,156.0,cup slice
9242,1048,3.23,tsp
9243,1048,46,carrot
9244,1048,100,g
9245,1048,78,cup slice
9246,1048,155.2,cup
9247,1048,28.3495,wt. oz
9248,1048,9.7,tbsp
9249,1049,14.75,tbsp
9250,1049,100,g
9251,1049,4.92,tsp
9252,1049,236.0,cup
9253,1049,29.5,fl oz
9254,1050,100,g
9255,1050,259.2,cup
9256,1050,5.4,each
9257,1050,28.3495,wt. oz
9258,1050,16.2,tbsp
9259,1050,5.4,teaspoon
9260,1050,5.39,serving
9261,1051,28.35,oz
9262,1051,453.6,lb
9263,1051,100,g
9264,1052,107,cup rotini
9265,1052,107,cup ziti
9266,1052,135,cup linguine
9267,1052,116,cup lasagne
9268,1052,132,cup elbows packed
9269,1052,57,lasagna noodle (cooked)
9270,1052,2.92,tsp
9271,1052,100,g
9272,1052,151,cup spaghetti packed
9273,1052,28.3495,wt. oz
9274,1052,453.59,lb
9275,1052,8.75,tbsp
9276,1052,124,cup spaghetti not packed
9277,1052,107,cup penne
9278,1052,140,cup
9279,1052,453.6,lb
9280,1052,107,cup farfalle
9281,1052,135,cup capellini
9282,1052,120,cup elbows not packed
9283,1052,105,cup shell
9284,1053,233.065,cup
9285,1053,100,g
9286,1053,14.7,tbsp
9287,1053,233.0597,cup
9288,1053,235.2,cup
9289,1053,4.9,tsp
9290,1053,233.06,cup
9291,1053,29,fl oz
9292,1054,28.3495,wt. oz
9293,1054,100,g
9294,1054,1.67,teaspoon
9295,1054,10,tbsp (1/8 cup)
9296,1055,195.0,cup
9297,1055,100,g
9298,1055,76,"small (2-1/4"" dia)"
9299,1055,28.3495,wt. oz
9300,1055,195,"cup, section"
9301,1055,28.35,ounce
9302,1055,88,"medium (2-1/2"" dia)"
9303,1055,109,nlea serving
9304,1055,120,"large (2-3/4"" dia)"
9305,1056,28.35,oz
9306,1056,453.6,lb
9307,1056,100,g
9308,1057,80,"cup, shredded"
9309,1057,397,medium
9310,1057,100,g
9311,1057,45,"piece (2"" x 2"" x 1/2"")"
9312,1057,28.3495,wt. oz
9313,1057,28.35,ounce
9314,1057,80.0,cup
9315,1058,82,"cup, cube"
9316,1058,418,small eggplant
9317,1058,100,g
9318,1058,82.0,cup
9319,1058,28.3495,wt. oz
9320,1058,660,large eggplant
9321,1058,458,"eggplant, peeled (yield from 1-1/4 lb)"
9322,1058,548,"eggplant, unpeeled (approx 1-1/4 lb)"
9323,1058,453.5933,lb
9324,1059,64,"large (2-1/2"" dia)"
9325,1059,100,g
9326,1059,40,"small (1-1/2"" dia)"
9327,1059,28.3495,wt. oz
9328,1059,226.8,cup
9329,1059,50,"medium (2-1/4"" dia)"
9330,1060,136,"cup, cube"
9331,1060,100,g
9332,1060,68,"cup, cube"
9333,1060,28.3507,ounce
9334,1060,28.3495,wt. oz
9335,1060,453.59,lb
9336,1060,136.0,cup
9337,1060,150,"cup, cube"
9338,1061,40,piece
9339,1061,160.0,cup
9340,1061,100,g
9341,1061,40,cup
9342,1061,10,tbsp
9343,1061,28.3495,wt. oz
9344,1061,3.33,tsp
9345,1061,683.2,recipe
9346,1062,29.8133,ounce
9347,1062,240,fl oz
9348,1062,100,g
9349,1062,14.81,tbsp
9350,1062,29.815,ounce
9351,1062,237.04,cup
9352,1062,200,fl oz
9353,1062,477.04,pint
9354,1062,29.8148,ounce
9355,1062,238.52,cup
9356,1062,4.94,tsp
9357,1063,148.8,cup
9358,1063,10,"ring (3"" dia, 1/4"" thick)"
9359,1063,74,small
9360,1063,100,g
9361,1063,149.0,"cup, chopped"
9362,1063,3.1,tsp
9363,1063,164,"large (2-1/4 per lb, approx 3-3/4"" long, 3"" dia)"
9364,1063,27,strip
9365,1063,28.3495,wt. oz
9366,1063,9.3,tbsp
9367,1063,92,"cup, sliced"
9368,1063,119,"medium (approx 2-3/4"" long, 2-1/2"" dia)"
9369,1064,227,container (8 oz)
9370,1064,245,cup (8 fl oz)
9371,1064,100,g
9372,1064,28.35,oz
9373,1064,28.3495,wt. oz
9374,1064,113,container (4 oz)
9375,1065,145,cup (not packed)
9376,1065,100,g
9377,1065,165,"cup, packed"
9378,1065,28.3495,wt. oz
9379,1065,28.35,ounce
9380,1065,155.0,cup
9381,1066,154.0,cup
9382,1066,130,"small (2-1/2"" dia)"
9383,1066,154.0,c
9384,1066,224,"extra large (3"" dia)"
9385,1066,100,g
9386,1066,28.35,oz
9387,1066,150,"medium (2-2/3"" dia)"
9388,1066,154,cup slice
9389,1066,175,"large (2-3/4"" dia)"
9390,1066,147,nlea serving
9391,1067,28.3333,oz
9392,1067,85,oz
9393,1067,100,g
9394,1067,302,steak
9395,1068,150.0,cup
9396,1068,100,g
9397,1068,205,"package yield, 12 oz"
9398,1068,150,cup prepared
9399,1068,29,"patty, oval (approx 3"" x 1-1/2"" x 1/2"")"
9400,1068,28.3495,wt. oz
9401,1068,28.35,ounce
9402,1069,7.06,tbsp
9403,1069,100,g
9404,1069,28.3495,wt. oz
9405,1069,28,serving
9406,1069,113.0,cup
9407,1069,2.35,tsp
9408,1070,85,package (3 oz)
9409,1070,1.0,g
9410,1070,100,g
9411,1070,28.35,oz
9412,1070,453.6,lb
9413,1071,1.0,g
9414,1071,100,g
9415,1071,112,oz crumbled
9416,1071,28.3495,wt. oz
9417,1071,453.6,lb
9418,1071,453.59,lb
9419,1071,28.35,ounce
9420,1072,15.94,tbsp
9421,1072,100,g
9422,1072,5.31,tsp
9423,1072,28.3495,wt. oz
9424,1072,28.35,ounce
9425,1072,255,cup
9426,1073,5,tbsp
9427,1073,5.625,tablespoon
9428,1073,100,g
9429,1073,28.35,oz
9430,1073,1.88,teaspoon
9431,1073,2.08,tsp
9432,1073,100.0,cup
9433,1074,95,cup penne
9434,1074,90,cup lasagna
9435,1074,81,cup farfalle
9436,1074,100,g
9437,1074,96,cup rotini
9438,1074,91,cup spaghetti
9439,1074,453.592,lb
9440,1074,64,cup shell
9441,1074,57,oz
9442,1074,122,cup elbow
9443,1075,64.0,cup
9444,1075,1.33,tsp
9445,1075,4,tbsp
9446,1075,28.35,oz (85 seeds)
9447,1075,100,g
9448,1075,4.0,tablespoon
9449,1075,28.3495,wt. oz
9450,1076,200.58,cup
9451,1076,12.54,tbsp
9452,1076,4.18,tsp
9453,1076,100,g
9454,1076,28.3495,wt. oz
9455,1076,28.35,ounce
9456,1077,1.0,g
9457,1077,100,g
9458,1077,32,tbsp
9459,1077,28.3495,wt. oz
9460,1077,258.0,cup
9461,1077,16.065,tablespoon
9462,1077,5.33,tsp
9463,1078,100,g
9464,1078,32,tbsp
9465,1078,28.3495,wt. oz
9466,1078,258,cup
9467,1078,28.35,ounce
9468,1078,5.33,tsp
9469,1079,0.83,tsp
9470,1079,14.2,oz
9471,1079,100,g
9472,1079,10,"package, fast food"
9473,1079,40.0,cup
9474,1079,1,cube
9475,1079,2.5,tbsp
9476,1080,162,"artichoke, large"
9477,1080,100,g
9478,1080,128.0,"artichoke, medium"
9479,1080,28.3495,wt. oz
9480,1080,28.35,ounce
9481,1081,31.25,ounce
9482,1081,15.63,tbsp
9483,1081,250,cup
9484,1081,31.25,fl oz
9485,1081,100,g
9486,1081,5.21,tsp
9487,1081,35.9,serving
9488,1081,62.5,cup
9489,1082,8.88,tbsp
9490,1082,236,"cup, undrained"
9491,1082,2.96,tsp
9492,1082,100,g
9493,1082,28.3495,wt. oz
9494,1082,453.59,lb
9495,1082,28.35,ounce
9496,1082,142,cup
9497,1083,0.83,tsp
9498,1083,32,"slice, regular"
9499,1083,100,g
9500,1083,40,cup
9501,1083,28.35,oz
9502,1083,2.5,tbsp
9503,1083,21.3337,slice
9504,1083,25,"slice, thin"
9505,1083,7,"slice, snack-size"
9506,1084,250.0,cup
9507,1084,100,g
9508,1084,16,tbsp
9509,1084,28.3495,wt. oz
9510,1084,30,serving (2 tbsp)
9511,1084,5.33,tsp
9512,1085,100,g
9513,1085,28.35,oz
9514,1085,453.6,lb
9515,1085,28.35,ounce
9516,1086,85,oz
9517,1086,100,g
9518,1086,226.6667,cup
9519,1086,453.592,lb
9520,1086,453.5933,lb
9521,1086,27,crayfish
9522,1086,226.66,cup
9523,1087,100,g
9524,1087,14,large rectangular piece or 2 squares or 4 small rectangular piece
9525,1087,28.35,oz
9526,1087,15,cracker
9527,1087,453.59,lb
9528,1087,84,"cup, crushed"
9529,1087,84.0,cup
9530,1088,6.4,ring
9531,1088,1.79,tsp
9532,1088,5.375,tablespoon
9533,1088,86,cup
9534,1088,5.38,tbsp
9535,1088,100,g
9536,1088,28.3495,wt. oz
9537,1089,8.5,tbsp
9538,1089,100,g
9539,1089,28.35,oz
9540,1089,28.35,ounce
9541,1089,136.0,cup
9542,1089,2.83,tsp
9543,1089,28.4,piece
9544,1090,15.0,tablespoon
9545,1090,5.0,teaspoon
9546,1090,240,cup
9547,1090,100,g
9548,1090,28.3495,wt. oz
9549,1090,5,tsp
9550,1090,28.35,ounce
9551,1090,15,tbsp
9552,1091,6.56,tsp
9553,1091,314.78,cup
9554,1091,100,g
9555,1091,14.0,tablespoon
9556,1091,28.3495,wt. oz
9557,1091,5.61,teaspoon
9558,1091,19.67,tbsp
9559,1092,2.75,tablespoon
9560,1092,0.92,tsp
9561,1092,100,g
9562,1092,44,cup
9563,1092,0.92,teaspoon
9564,1092,28.3495,wt. oz
9565,1093,112.0,cup
9566,1093,7,tbsp
9567,1093,100,g
9568,1093,28.3495,wt. oz
9569,1093,2.33,tsp
9570,1094,13,"slice, very thin"
9571,1094,11,slice crust not eaten
9572,1094,27,"slice, large"
9573,1094,100,g
9574,1094,8,"slice thin, crust not eaten"
9575,1094,42,"cup, cube"
9576,1094,17,"slice, thin"
9577,1094,22.0,slice
9578,1094,28.35,oz
9579,1094,45,"cup, crumb"
9580,1095,139,slice
9581,1095,18,inch
9582,1095,0.83,tsp
9583,1095,64,regular slice
9584,1095,100,g
9585,1095,40,cup
9586,1095,470,loaf
9587,1095,28.35,oz
9588,1095,45,"cup, crumb"
9589,1095,324.0,baguette
9590,1095,96,"slice, large (6"" x 2-1/2"" x 1-3/4"")"
9591,1095,2.5,tbsp
9592,1095,64,"slice, medium (4"" x 2-1/2"" x 1-3/4"")"
9593,1096,40,piece
9594,1096,160.0,cup
9595,1096,100,g
9596,1096,40,cup
9597,1096,10,tbsp
9598,1096,10.0,tablespoon
9599,1096,28.3495,wt. oz
9600,1096,3.33,tsp
9601,1096,683.2,recipe
9602,1097,3.8,"pat (1"" sq, 1/3"" high)"
9603,1097,76,stick
9604,1097,100,g
9605,1097,28.3495,wt. oz
9606,1097,3.13,tsp
9607,1097,28.35,ounce
9608,1097,9.4,tbsp
9609,1097,151,cup
9610,1098,170,cup chip
9611,1098,14,tbsp
9612,1098,1.0,g
9613,1098,100,g
9614,1098,224,cup
9615,1098,4.67,tsp
9616,1098,28.3495,wt. oz
9617,1098,28.35,ounce
9618,1098,85,bar (3 oz)
9619,1099,91.2,cup
9620,1099,100,g
9621,1099,1.9,tsp
9622,1099,1.95,teaspoon
9623,1099,28.3495,wt. oz
9624,1099,6,tbsp
9625,1100,85,oz
9626,1100,926,package
9627,1100,5.42,tsp
9628,1100,100,g
9629,1100,16.25,tbsp
9630,1100,453.6,lb
9631,1100,453.59,lb
9632,1100,272,piece
9633,1100,189,breast
9634,1100,260,cup
9635,1101,100,g
9636,1101,16,piece
9637,1101,28.35,oz
9638,1101,4.73,teaspoon
9639,1101,5.3,piece
9640,1102,0.83,tsp
9641,1102,31.055,slice
9642,1102,36.8,slice (1.3 oz)
9643,1102,29,slice
9644,1102,31.053,slice
9645,1102,20,"slice, thin"
9646,1102,45.52,slice (1.5 oz)
9647,1102,31.054,slice
9648,1102,12,slice crust not eaten
9649,1102,15,"slice, very thin"
9650,1102,100,g
9651,1102,45,"cup, crumb"
9652,1102,25,slice
9653,1102,754,whole loaf
9654,1102,40,cup
9655,1102,453.59,lb
9656,1102,2.5,tbsp
9657,1102,9,"slice thin, crust not eaten"
9658,1102,30,"slice, large"
9659,1102,28.35,oz
9660,1102,35,"cup, cube"
9661,1102,31.0533,slice
9662,1102,31.0538,slice
9663,1103,8.5,tbsp
9664,1103,100,g
9665,1103,28.3495,wt. oz
9666,1103,136,cup
9667,1103,227.0,steak
9668,1103,2.83,tsp
9669,1104,18.0,tablespoon
9670,1104,6,tsp
9671,1104,100,g
9672,1104,288,cup
9673,1104,36,fl oz
9674,1104,18,tbsp
9675,1105,100,g
9676,1105,28.3495,wt. oz
9677,1105,13.5,tablespoon
9678,1105,216,cup
9679,1105,4.5,tsp
9680,1105,6.75,tablespoon
9681,1106,100,g
9682,1106,28.35,oz
9683,1106,183,crust
9684,1106,28.35,ounce
9685,1107,1.33,tsp
9686,1107,100,g
9687,1107,4,tablespoon
9688,1107,28.3495,wt. oz
9689,1107,28.35,ounce
9690,1107,75,cup
9691,1108,19,piece whole
9692,1108,70,cup
9693,1108,100,g
9694,1108,1.46,tsp
9695,1108,28.3495,wt. oz
9696,1108,453.59,lb
9697,1108,28.35,ounce
9698,1108,4.38,tbsp
9699,1109,164,large
9700,1109,240.0,cup
9701,1109,100,g
9702,1109,190,can
9703,1109,28.3495,wt. oz
9704,1109,5,tsp
9705,1109,82,small
9706,1109,15,tbsp
9707,1109,111,medium
9708,1110,28.3333,oz
9709,1110,85,oz
9710,1110,185,thigh with skin
9711,1110,100,g
9712,1110,49,back with skin
9713,1110,344,"leg, with skin (sum of drumstick+thigh+back)"
9714,1110,28.333,ounce
9715,1110,111,drumstick with skin
9716,1111,28.8,cup
9717,1111,0.6,tsp
9718,1111,100,g
9719,1111,1.7,tbsp
9720,1111,0.58,teaspoon
9721,1111,28.3495,wt. oz
9722,1112,15,tablespoon
9723,1112,240.0,cup
9724,1112,100,g
9725,1112,28.3495,wt. oz
9726,1112,5,tsp
9727,1113,42,cup
9728,1113,3.5,tsp
9729,1113,0.5,piece
9730,1113,100,g
9731,1113,10.5,tbsp
9732,1113,28.35,oz
9733,1113,168,cup
9734,1113,453.59,lb
9735,1114,1.0,g
9736,1114,100,g
9737,1114,14.69,tbsp
9738,1114,28.3495,wt. oz
9739,1114,235.07,cup
9740,1114,4.9,tsp
9741,1115,4.6,tsp
9742,1115,4.6,teaspoon
9743,1115,100,g
9744,1115,13.8,tbsp
9745,1115,2.3,tsp
9746,1115,28.3495,wt. oz
9747,1115,220.8,cup
9748,1116,96,cup
9749,1116,100,g
9750,1116,2,tsp
9751,1116,28.3495,wt. oz
9752,1116,6,tbsp
9753,1116,12,serving
9754,1116,28.35,ounce
9755,1117,96,cup
9756,1117,100,g
9757,1117,2,tsp
9758,1117,6,packet
9759,1117,28.3495,wt. oz
9760,1117,6,tbsp
9761,1117,3.6,cube
9762,1118,107,cup rotini
9763,1118,107,cup ziti
9764,1118,135,cup linguine
9765,1118,116,cup lasagne
9766,1118,132,cup elbows packed
9767,1118,57.0,lasagna noodle (cooked)
9768,1118,2.92,tsp
9769,1118,100,g
9770,1118,151,cup spaghetti packed
9771,1118,28.3495,wt. oz
9772,1118,8.75,tbsp
9773,1118,124,cup spaghetti not packed
9774,1118,107,cup penne
9775,1118,140,cup
9776,1118,453.6,lb
9777,1118,107,cup farfalle
9778,1118,135,cup capellini
9779,1118,120,cup elbows not packed
9780,1118,105,cup shell
9781,1119,100,g
9782,1119,58.0,cup
9783,1119,1.21,tsp
9784,1119,28.3495,wt. oz
9785,1119,3.63,tbsp
9786,1120,28.3495,wt. oz
9787,1120,140.0,"cup, cube"
9788,1120,100,g
9789,1121,278.4,cup
9790,1121,100,g
9791,1121,17.4,tbsp
9792,1121,17.4,tablespoon
9793,1121,5.8,tsp
9794,1121,34.8,fl oz
9795,1122,28.3333,oz
9796,1122,85,oz
9797,1122,199,"chop without refuse (yield from 1 raw chop, with refuse, weighing 259g)"
9798,1122,100,g
9799,1122,453.592,lb
9800,1123,189,cup
9801,1123,100,g
9802,1123,28.3495,wt. oz
9803,1123,28.35,ounce
9804,1123,11.81,tbsp
9805,1123,3.94,tsp
9806,1124,14,packet (0.5 oz)
9807,1124,20,tbsp
9808,1124,100,g
9809,1124,320.0,cup
9810,1124,28.3495,wt. oz
9811,1124,6.67,tsp
9812,1125,18,medium
9813,1125,10,small
9814,1125,70,"cup, pieces or slice"
9815,1125,23,large
9816,1125,100,g
9817,1125,6,slice
9818,1125,28.3495,wt. oz
9819,1125,28.35,ounce
9820,1125,35,cup piece
9821,1125,96,"cup, whole"
9822,1126,100.8,cup
9823,1126,100,g
9824,1126,28.3523,ounce
9825,1126,28.3495,wt. oz
9826,1126,12.6,serving
9827,1126,28.35,ounce
9828,1126,12.6,tbsp
9829,1126,2.1,tsp
9830,1127,4.1,tsp
9831,1127,100,g
9832,1127,12.31,tbsp
9833,1127,28.3495,wt. oz
9834,1127,197.0,cup
9835,1128,15.63,tbsp
9836,1128,250.05,cup
9837,1128,100,g
9838,1128,28.352,ounce
9839,1128,602,"can, prepared"
9840,1128,602.0,can
9841,1128,5.21,tsp
9842,1128,28.3495,wt. oz
9843,1128,500.2,bowl (2 cups)
9844,1128,28.35,ounce
9845,1129,28.25,cup
9846,1129,7.06,tbsp
9847,1129,100,g
9848,1129,28.35,oz
9849,1129,28.35,ounce
9850,1129,113.0,cup
9851,1129,2.35,tsp
9852,1130,34.62,ounce
9853,1130,5.77,tsp
9854,1130,100,g
9855,1130,17.31,tbsp
9856,1130,34.62,fl oz
9857,1130,277,cup
9858,1130,57,"slice (1/2"" thick, approx 8 slices per can)"
9859,1131,85,patty (cooked from 4 oz raw)
9860,1131,453.0,lb
9861,1131,28.35,oz
9862,1131,100,g
9863,1132,42,box (1.48 oz)
9864,1132,48,package (1.69 oz)
9865,1132,208.0,cup
9866,1132,7,piece
9867,1132,100,g
9868,1132,15,fun size bag
9869,1132,4.33,tsp
9870,1132,13,tbsp
9871,1132,48,bag
9872,1132,28.3495,wt. oz
9873,1132,21,serving
9874,1133,241,package (8.5 oz)
9875,1133,100,g
9876,1133,241.0,package
9877,1133,28.35,oz
9878,1133,28.35,ounce
9879,1134,100,g
9880,1134,249,cup
9881,1134,28.3495,wt. oz
9882,1134,15.56,tbsp
9883,1134,28.35,ounce
9884,1134,5.19,tsp
9885,1135,202,cup
9886,1135,12.63,tbsp
9887,1135,100,g
9888,1135,198.69,piece
9889,1135,28.3495,wt. oz
9890,1135,28.35,ounce
9891,1135,4.21,tsp
9892,1136,1.88,tsp
9893,1136,5.63,tbsp
9894,1136,100,g
9895,1136,28.35,oz
9896,1136,28,slice
9897,1136,28.35,ounce
9898,1136,90,cup
9899,1137,204,fillet
9900,1137,85,oz
9901,1137,1.0,g
9902,1137,100,g
9903,1137,453.59,lb
9904,1137,28.3337,oz
9905,1138,435,bottle
9906,1138,435,can
9907,1138,100,g
9908,1138,18.13,tbsp
9909,1138,36.25,ounce
9910,1138,6.04,tsp
9911,1138,580,pint
9912,1138,580,fl oz
9913,1138,290.0,cup
9914,1139,205,cup
9915,1139,100,g
9916,1139,4.27,tsp
9917,1139,28.3495,wt. oz
9918,1139,12.8,tbsp
9919,1139,453.6,lb
9920,1140,4.52,teaspoon
9921,1140,4.5,teaspoon
9922,1140,100,g
9923,1140,28.3495,wt. oz
9924,1140,13.5,tablespoon
9925,1140,216,cup
9926,1140,4.5,tsp
9927,1140,219.53,cup
9928,1141,33.5,lime
9929,1141,100,g
9930,1141,67,"fruit (2"" dia)"
9931,1141,8,wedge
9932,1141,67,lime
9933,1141,28.3495,wt. oz
9934,1141,28.35,ounce
9935,1141,67,nlea serving
9936,1141,226.8,cup
9937,1142,31.6,fl oz
9938,1142,253.0,cup
9939,1142,5.27,tsp
9940,1142,100,g
9941,1142,15.81,tbsp
9942,1143,435,can
9943,1143,240,cup
9944,1143,100,g
9945,1143,28.3495,wt. oz
9946,1143,5,tsp
9947,1143,28.3505,ounce
9948,1143,15,tbsp
9949,1144,4.73,tsp
9950,1144,100,g
9951,1144,28.35,oz
9952,1144,14.18,tbsp
9953,1144,226.8,cup
9954,1144,56.7,cup
9955,1145,192,cup
9956,1145,100,g
9957,1145,12,tbsp
9958,1145,28.3495,wt. oz
9959,1145,28.35,ounce
9960,1145,4,tsp
9961,1145,12,tablespoon
9962,1146,15.19,tbsp
9963,1146,30.38,fl oz
9964,1146,100,g
9965,1146,5.06,tsp
9966,1146,243.0,cup
9967,1147,5,tbsp
9968,1147,142,package (5 oz)
9969,1147,100,g
9970,1147,1.67,tsp
9971,1147,28.35,oz
9972,1147,80.0,cup
9973,1148,125.0,cup
9974,1148,7.8,tbsp
9975,1148,100,g
9976,1148,2.6,teaspoon
9977,1148,7.81,tablespoon
9978,1148,28.35,oz
9979,1148,124.8,cup
9980,1148,125,"cup, chopped"
9981,1148,2.6,tsp
9982,1149,50,medium
9983,1149,85,oz
9984,1149,100,g
9985,1149,453.6,pint
9986,1150,15,crackers square (1 serving)
9987,1150,1,"cracker, oyster"
9988,1150,14.2,oz
9989,1150,6,"cracker, rectangle"
9990,1150,100,g
9991,1150,10,"cracker, round large"
9992,1150,2.98,cracker
9993,1150,3,cracker square
9994,1150,45,cup oyster cracker
9995,1150,14.9,cracker
9996,1150,70,"cup, crushed"
9997,1151,64,"large (2-1/2"" dia)"
9998,1151,100,g
9999,1151,40,"small (1-1/2"" dia)"
10000,1151,28.3495,wt. oz
10001,1151,453.59,lb
10002,1151,226.8,cup
10003,1151,50,"medium (2-1/4"" dia)"
10004,1152,96,cup
10005,1152,100,g
10006,1152,2,tsp
10007,1152,28.3495,wt. oz
10008,1152,6,tbsp
10009,1152,24.66,packet
10010,1153,28,whole heart
10011,1153,100,g
10012,1153,130,cup piece
10013,1153,7.95,quarter heart piece
10014,1153,28.3495,wt. oz
10015,1153,28.35,ounce
10016,1154,39.69,bunch
10017,1154,5.3,"tbsp, chopped"
10018,1154,100,g
10019,1154,28.3495,wt. oz
10020,1154,6,"cup leaves, whole"
10021,1154,0.6933,teaspoon
10022,1154,0.5,leaf
10023,1154,2.5,leave
10024,1155,28.35,oz
10025,1155,453.6,lb
10026,1155,100,g
10027,1156,22,cup
10028,1156,100,g
10029,1156,108,cup
10030,1156,2.25,tsp
10031,1156,98.0,cup
10032,1156,28.3495,wt. oz
10033,1156,6.75,tbsp
10034,1156,6.125,tablespoon
10035,1157,39.69,bunch
10036,1157,5.3,"tbsp, chopped"
10037,1157,100,g
10038,1157,24.0,cup
10039,1157,28.3495,wt. oz
10040,1157,6,"cup leaves, whole"
10041,1157,0.5,leaf
10042,1157,0.7,teaspoon
10043,1157,2.5,leave
10044,1158,8.5,tbsp
10045,1158,58,extra large
10046,1158,100,g
10047,1158,136,"cup, chopped"
10048,1158,44,medium
10049,1158,28.3495,wt. oz
10050,1158,136,cup
10051,1158,5,slice
10052,1158,37,small
10053,1158,2.83,tsp
10054,1158,50.0,large
10055,1158,65,jumbo
10056,1159,15.49,tbsp
10057,1159,247.78,cup
10058,1159,100,g
10059,1159,5.16,tsp
10060,1159,495.6,bowl (2 cups)
10061,1159,28.3523,ounce
10062,1159,28.3495,wt. oz
10063,1160,85,oz
10064,1160,21,crab
10065,1160,28.3333,ounce
10066,1160,100,g
10067,1160,453.59,lb
10068,1161,25,link
10069,1161,100,g
10070,1161,28.3495,wt. oz
10071,1161,453.6,lb
10072,1161,453.59,lb
10073,1162,5,medium
10074,1162,85,oz
10075,1162,10,jumbo
10076,1162,4,small
10077,1162,3.02,tsp
10078,1162,100,g
10079,1162,5,shrimp
10080,1162,22,large
10081,1162,6,large
10082,1162,9.06,tbsp
10083,1162,145.0,cup
10084,1163,100,g
10085,1163,28.3495,wt. oz
10086,1163,25.8,tbsp
10087,1163,8.6,tsp
10088,1163,25.8,tablespoon
10089,1163,412.8,cup
10090,1164,90,cup lasagna
10091,1164,107,cup rotini
10092,1164,107,cup ziti
10093,1164,135,cup linguine
10094,1164,116,cup lasagne
10095,1164,57,lasagna noodle (cooked)
10096,1164,2.92,tsp
10097,1164,100,g
10098,1164,91.2867,cup
10099,1164,91,cup spaghetti
10100,1164,151,cup spaghetti packed
10101,1164,28.3495,wt. oz
10102,1164,64,cup shell
10103,1164,57,oz
10104,1164,91.28,cup
10105,1164,122,cup elbow
10106,1164,81,cup farfalle
10107,1164,96,cup rotini
10108,1164,453.59,lb
10109,1164,120,cup elbows not packed
10110,1164,95,cup penne
10111,1164,122.0,cup
10112,1164,8.75,tbsp
10113,1164,124,cup spaghetti not packed
10114,1164,107,cup penne
10115,1164,140,cup
10116,1164,107,cup farfalle
10117,1164,135,cup capellini
10118,1164,132,cup elbows packed
10119,1164,105,cup shell
10120,1165,8.13,tbsp
10121,1165,2.71,tsp
10122,1165,100,g
10123,1165,130.0,cup
10124,1165,28.35,oz
10125,1166,17,mini
10126,1166,139,large
10127,1166,113,medium
10128,1166,100,g
10129,1166,28.35,oz
10130,1166,28.35,ounce
10131,1166,66,small
10132,1166,168,extra large
10133,1167,256,cup
10134,1167,100,g
10135,1167,482,can (303 x 406)
10136,1167,16,tbsp
10137,1167,28.3495,wt. oz
10138,1167,28.35,ounce
10139,1167,5.33,tsp
10140,1168,28.3495,wt. oz
10141,1168,100,g
10142,1168,45.0,pepper
10143,1168,75,"cup, chopped or diced"
10144,1169,5,tbsp
10145,1169,100,g
10146,1169,1.67,tsp
10147,1169,28.3495,wt. oz
10148,1169,80.0,cup
10149,1170,120,"artichoke, medium"
10150,1170,255.0,can
10151,1170,100,g
10152,1170,84,cup heart
10153,1170,28.3495,wt. oz
10154,1170,5.31,piece
10155,1171,10.06,tbsp
10156,1171,100,g
10157,1171,5,cherry (nlea serving)
10158,1171,28.3495,wt. oz
10159,1171,3.35,tsp
10160,1171,161.0,cup
10161,1172,132.0,cup
10162,1172,8.25,tbsp
10163,1172,66,scoop
10164,1172,100,g
10165,1172,557.93,liter
10166,1172,2.75,tsp
10167,1172,58,individual (3.5 fl oz)
10168,1172,28.3495,wt. oz
10169,1172,66,cup (4 fl oz)
10170,1173,278.4,cup
10171,1173,100,g
10172,1173,277.86,cup
10173,1173,17.37,tablespoon
10174,1173,17.4,tbsp
10175,1173,5.8,tsp
10176,1173,17.3663,tablespoon
10177,1173,34.8,fl oz
10178,1173,52,fl oz
10179,1174,96,cup
10180,1174,2.0,teaspoon
10181,1174,100,g
10182,1174,28.3495,wt. oz
10183,1174,6,tbsp
10184,1174,4,cube
10185,1175,28.35,oz
10186,1175,453.6,lb
10187,1175,100,g
10188,1176,5,tbsp
10189,1176,100,g
10190,1176,1.67,tsp
10191,1176,28.3495,wt. oz
10192,1176,28.35,ounce
10193,1176,80,cup
10194,1177,85,oz
10195,1177,197,unit (yield from 1 lb ready-to-cook chicken)
10196,1177,329,"chicken, bone and skin removed"
10197,1177,100,g
10198,1177,453.5933,lb
10199,1178,45.0,pepper
10200,1178,100,g
10201,1178,75,"cup, chopped or diced"
10202,1178,3.125,teaspoon
10203,1178,28.3495,wt. oz
10204,1179,137.0,cup
10205,1179,100,g
10206,1179,28.35,oz
10207,1179,8.56,tbsp
10208,1179,2.85,tsp
10209,1180,122.0,cup
10210,1180,100,g
10211,1180,28.3495,wt. oz
10212,1180,2.54,tsp
10213,1180,7.63,tbsp
10214,1181,12.115,tablespoon
10215,1181,100,g
10216,1181,194,cup
10217,1181,28.3495,wt. oz
10218,1181,12.1,tbsp
10219,1181,4.04,tsp
10220,1182,122.5,cup
10221,1182,100,g
10222,1182,28.35,oz
10223,1182,28,slice (1 oz)
10224,1182,132,"cup, diced"
10225,1182,113,"cup, shredded"
10226,1182,17,cubic inch
10227,1183,100,g
10228,1183,15,mushroom
10229,1183,28.3495,wt. oz
10230,1183,3.6,mushroom
10231,1183,28.36,ounce
10232,1184,8.75,tbsp
10233,1184,2.92,tsp
10234,1184,100,g
10235,1184,140,cup
10236,1184,28.35,oz
10237,1184,453.597,lb
10238,1184,28.35,ounce
10239,1184,28.5,oz
10240,1185,147,"cup, chopped"
10241,1185,7.1,piece
10242,1185,100,g
10243,1185,28.3495,wt. oz
10244,1185,453.59,lb
10245,1185,7.1,"date, pitted"
10246,1186,28.3495,wt. oz
10247,1186,17.0,cake (0.6 oz)
10248,1186,100,g
10249,1187,163,"head (5"" dia)"
10250,1187,55,"cup, shredded or chopped"
10251,1187,5,leaf
10252,1187,100,g
10253,1187,28.3495,wt. oz
10254,1187,7.5,"leaf, medium"
10255,1187,9.1669,leave
10256,1187,55.0,cup
10257,1187,9.165,leave
10258,1187,15,"leaf, large"
10259,1188,100,g
10260,1188,64,"pita, large (6-1/2"" dia)"
10261,1188,64.0,large
10262,1188,28.3495,wt. oz
10263,1188,28,"pita, small  (4"" dia)"
10264,1189,340,package (12 oz)
10265,1189,2.17,tsp
10266,1189,100,g
10267,1189,104.0,cup
10268,1189,28.3495,wt. oz
10269,1189,6.5,tbsp
10270,1190,5.315,tablespoon
10271,1190,100,g
10272,1190,85.0,cup
10273,1190,28.35,oz
10274,1190,5.31,tbsp
10275,1190,1.77,tsp
10276,1191,28,slice raw
10277,1191,100,g
10278,1191,28.3495,wt. oz
10279,1191,28.0,slice
10280,1191,442,package
10281,1192,29.6297,ounce
10282,1192,100,g
10283,1192,14.81,tbsp
10284,1192,237.04,cup
10285,1192,29.6296,ounce
10286,1192,200,fl oz
10287,1192,4.94,tsp
10288,1193,100,g
10289,1193,138,"cup, with pits, yield"
10290,1193,154,"cup, without pit"
10291,1193,8.2,cherry
10292,1193,2336.0,gallon
10293,1193,28.35,oz
10294,1193,140,nlea serving
10295,1194,237,cup
10296,1194,237,fl oz
10297,1194,100,g
10298,1194,29.625,ounce
10299,1194,14.81,tbsp
10300,1194,4.94,tsp
10301,1195,10.31,tbsp
10302,1195,100,g
10303,1195,28.3495,wt. oz
10304,1195,28.35,ounce
10305,1195,165,cup
10306,1195,3.44,tsp
10307,1196,227,container (8 oz)
10308,1196,142,container (5 oz)
10309,1196,245,cup (8 fl oz)
10310,1196,100,g
10311,1196,125,container (4.4 oz)
10312,1196,28.3495,wt. oz
10313,1196,28.35,ounce
10314,1196,170,container (6 oz)
10315,1196,113,container (4 oz)
10316,1197,592.0,quart
10317,1197,100,g
10318,1197,28.3495,wt. oz
10319,1197,3.08,tsp
10320,1197,9.25,tbsp
10321,1197,148,cup
10322,1198,91,piece
10323,1198,100,g
10324,1198,7.5,tbsp
10325,1198,2.5,tsp
10326,1198,28.3495,wt. oz
10327,1198,453.59,lb
10328,1198,120,cup
10329,1199,27.0,slice
10330,1199,26,slice
10331,1199,100,g
10332,1199,23,"slice, thin"
10333,1199,28.35,oz
10334,1199,32,"slice, large"
10335,1200,227,container (8 oz)
10336,1200,245,cup (8 fl oz)
10337,1200,100,g
10338,1200,28.3495,wt. oz
10339,1200,170,container (6 oz)
10340,1200,226.8,cup
10341,1201,7.06,tbsp
10342,1201,100,g
10343,1201,28.3495,wt. oz
10344,1201,28.35,ounce
10345,1201,113,"cup, shredded"
10346,1201,113,cup
10347,1201,2.35,tsp
10348,1202,100,g
10349,1202,4.02,tsp
10350,1202,28.3495,wt. oz
10351,1202,453.59,lb
10352,1202,12,tbsp
10353,1202,193,cup
10354,1203,167,cup
10355,1203,3.48,tsp
10356,1203,100,g
10357,1203,10.5,tbsp
10358,1203,28.3495,wt. oz
10359,1203,453.59,lb
10360,1204,100,g
10361,1204,3.54,tsp
10362,1204,28.3495,wt. oz
10363,1204,453.59,lb
10364,1204,28.35,ounce
10365,1204,10.63,tbsp
10366,1204,170,cup
10367,1205,3.71,tsp
10368,1205,11.1,tbsp
10369,1205,100,g
10370,1205,178,cup
10371,1205,28.3495,wt. oz
10372,1205,453.59,lb
10373,1205,28.35,ounce
10374,1205,453.6,lb
10375,1206,100,g
10376,1206,194,cup
10377,1206,28.3495,wt. oz
10378,1206,453.59,lb
10379,1206,12.1,tbsp
10380,1206,4.04,tsp
10381,1207,100,g
10382,1207,28.3495,wt. oz
10383,1207,3.83,tsp
10384,1207,184,cup
10385,1207,453.59,lb
10386,1207,453.6,lb
10387,1207,12.2,tbsp
10388,1208,186,cup
10389,1208,100,g
10390,1208,11.63,tbsp
10391,1208,3.88,tsp
10392,1208,28.3495,wt. oz
10393,1208,453.59,lb
10394,1209,113,oz
10395,1209,100,g
10396,1209,28.35,oz
10397,1209,453.6,lb
10398,1209,453.59,lb
10399,1209,453.5933,lb
10400,1210,28.3495,wt. oz
10401,1210,100,g
10402,1210,17.22,piece
10403,1211,182,cup
10404,1211,100,g
10405,1211,11.38,tbsp
10406,1211,3.79,tsp
10407,1211,28.3495,wt. oz
10408,1211,28.35,ounce
10409,1211,5.5,piece
10410,1211,118,can (4 oz)
10411,1212,131.0,cup
10412,1212,8.19,tbsp
10413,1212,100,g
10414,1212,2.73,tsp
10415,1212,28.3495,wt. oz
10416,1212,131,"cup (1/8"" slices)"
10417,1212,262,can (303 x 406)
10418,1213,278.4,cup
10419,1213,100,g
10420,1213,17.4,tbsp
10421,1213,5.8,tsp
10422,1213,34.8,fl oz
10423,1214,1,slice
10424,1214,192,cup
10425,1214,66,"pimiento, whole"
10426,1214,100,g
10427,1214,4,tsp
10428,1214,28.3495,wt. oz
10429,1214,1.0,strip
10430,1214,12,tbsp
10431,1215,160,cup
10432,1215,100,g
10433,1215,10,tbsp
10434,1215,28.35,oz
10435,1215,28.3495,wt. oz
10436,1215,3.33,tsp
10437,1216,136.0,"potato (2-1/2"" dia, sphere)"
10438,1216,3.25,tsp
10439,1216,100,g
10440,1216,28.3495,wt. oz
10441,1216,78,cup
10442,1216,9.75,tbsp
10443,1217,15.63,tbsp
10444,1217,1000.0,quart
10445,1217,250,cup
10446,1217,100,g
10447,1217,5.21,tsp
10448,1217,31.2,fl oz
10449,1217,453.59,lb
10450,1218,244,cup
10451,1218,623.2,can
10452,1218,100,g
10453,1218,488,bowl (2 cups)
10454,1218,30.5,ounce
10455,1218,30.5,fl oz
10456,1218,5.08,tsp
10457,1218,15.25,tbsp
10458,1219,28.35,oz
10459,1219,453.6,lb
10460,1219,100,g
10461,1220,117.38,pepper
10462,1220,2.94,tsp
10463,1220,141.0,cup
10464,1220,5.5,strip
10465,1220,100,g
10466,1220,28.3495,wt. oz
10467,1220,8.81,tbsp
10468,1220,5.5,piece
10469,1221,0.83,tsp
10470,1221,100,g
10471,1221,40.0,cup
10472,1221,32,slice
10473,1221,28.35,oz
10474,1221,2.5,tbsp
10475,1222,39.69,bunch
10476,1222,5.3,"tbsp, chopped"
10477,1222,2.65,tbsp
10478,1222,100,g
10479,1222,24.0,cup
10480,1222,2.08,tablespoon
10481,1222,28.3495,wt. oz
10482,1222,6,"cup leaves, whole"
10483,1222,0.5,leaf
10484,1222,2.5,leave
10485,1223,0.4,tsp
10486,1223,1,sprig
10487,1223,38.4,cup
10488,1223,100,g
10489,1223,2.4,tbsp
10490,1223,28.3495,wt. oz
10491,1223,0.8,tsp
10492,1224,28.35,oz
10493,1224,100,g
10494,1224,453.59,lb
10495,1225,28.35,oz
10496,1225,60,"link (4"" long)"
10497,1225,453.59,lb
10498,1225,100,g
10499,1226,14,tbsp
10500,1226,100,g
10501,1226,224,cup
10502,1226,4.67,tsp
10503,1226,283,can
10504,1226,28.3495,wt. oz
10505,1226,56,cup
10506,1226,28.35,ounce
10507,1227,3952.426,gallon
10508,1227,15.44,tbsp
10509,1227,247.0,cup
10510,1227,30.88,fl oz
10511,1227,196,fruit yield
10512,1227,100,g
10513,1227,5.15,tsp
10514,1228,28.35,oz
10515,1228,136.6,cutlet
10516,1228,453.59,lb
10517,1228,100,g
10518,1229,230,"cup sections, with juice"
10519,1229,246.0,"fruit (3-3/4"" dia)"
10520,1229,100,g
10521,1229,28.35,oz
10522,1229,123,"fruit (3-3/4"" dia)"
10523,1229,154,nlea serving
10524,1230,28.35,oz
10525,1230,453.6,lb
10526,1230,100,g
10527,1231,85,oz
10528,1231,453.592,lb
10529,1231,100,g
10530,1231,452,steak
10531,1232,4,cracker
10532,1232,100,g
10533,1232,16,"crackers, regular size, round (1 serving)"
10534,1232,16,cracker
10535,1232,3.2,"cracker, round"
10536,1232,28.3495,wt. oz
10537,1232,52.0,cup
10538,1232,52,cup crushed
10539,1232,4,"cracker, rectangular"
10540,1233,28.35,oz
10541,1233,444.45,"9"" crust"
10542,1233,592.55,"12"" crust"
10543,1233,100,g
10544,1234,135,"cup, crumbled, not packed"
10545,1234,100,g
10546,1234,28.35,oz
10547,1234,28.35,ounce
10548,1234,17,cubic inch
10549,1235,435,can
10550,1235,435,bottle
10551,1235,100,g
10552,1235,18.13,tbsp
10553,1235,36.25,ounce
10554,1235,6.04,tsp
10555,1235,580,fl oz
10556,1235,290,cup
10557,1235,580,pint
10558,1236,2.13,tsp
10559,1236,6.38,tbsp
10560,1236,102.0,cup
10561,1236,100,g
10562,1236,28.3495,wt. oz
10563,1237,5.17,tsp
10564,1237,100,g
10565,1237,246,cup
10566,1237,124,cup
10567,1237,28.35,oz
10568,1237,453.6,lb
10569,1237,15.5,tbsp
10570,1238,100,g
10571,1238,28.3495,wt. oz
10572,1238,5.1,tsp
10573,1238,15.31,tbsp
10574,1238,28.35,ounce
10575,1238,245,cup
10576,1239,100,g
10577,1239,507.2,bowl (2 cups)
10578,1239,28.3507,ounce
10579,1239,28.3495,wt. oz
10580,1239,253.64,cup
10581,1239,5.28,tsp
10582,1239,15.85,tbsp
10583,1240,8.5,tbsp
10584,1240,58,extra large
10585,1240,100,g
10586,1240,136,"cup, chopped"
10587,1240,44,medium
10588,1240,28.3495,wt. oz
10589,1240,136,cup
10590,1240,5,slice
10591,1240,37,small
10592,1240,2.83,tsp
10593,1240,50.0,large
10594,1240,65,jumbo
10595,1241,42,slice
10596,1241,160.0,cup
10597,1241,100,g
10598,1241,40,cup
10599,1241,10,tbsp
10600,1241,28.3495,wt. oz
10601,1241,3.33,tsp
10602,1242,28.5,oz
10603,1242,114,oz
10604,1242,1769,breast
10605,1242,100,g
10606,1243,100.8,cup
10607,1243,100,g
10608,1243,28.3495,wt. oz
10609,1243,12.6,serving
10610,1243,6.3,tbsp
10611,1243,12.6,tbsp
10612,1243,2.1,tsp
10613,1244,14.9,tbsp
10614,1244,100,g
10615,1244,14.6,tablespoon
10616,1244,28.3495,wt. oz
10617,1244,232.0,cup
10618,1244,4.87,teaspoon
10619,1244,4.8,tsp
10620,1244,4.8675,teaspoon
10621,1244,4.86,teaspoon
10622,1245,95,cup penne
10623,1245,90,cup lasagna
10624,1245,81,cup farfalle
10625,1245,57,oz
10626,1245,8.75,tbsp
10627,1245,2.92,tsp
10628,1245,100,g
10629,1245,140,cup
10630,1245,96,cup rotini
10631,1245,91,cup spaghetti
10632,1245,28.3495,wt. oz
10633,1245,64,cup shell
10634,1245,28.35,ounce
10635,1245,91.28,cup
10636,1245,122,cup elbow
10637,1246,30,tbsp
10638,1246,100,g
10639,1246,233,cup
10640,1246,28.35,oz
10641,1246,5,tsp
10642,1246,28.35,ounce
10643,1246,94.22,serving
10644,1247,15.0,tablespoon
10645,1247,240,cup
10646,1247,100,g
10647,1247,30,tablespoon
10648,1247,28.3495,wt. oz
10649,1247,5,tsp
10650,1247,28.35,ounce
10651,1247,30,serving
10652,1248,0.4,tsp
10653,1248,1,sprig
10654,1248,38.4,cup
10655,1248,100,g
10656,1248,2.4,tbsp
10657,1248,28.3495,wt. oz
10658,1248,0.8,tsp
10659,1249,112,cup
10660,1249,7,tbsp
10661,1249,100,g
10662,1249,0.473,ml
10663,1249,28.3495,wt. oz
10664,1249,2.33,tsp
10665,1250,28.35,oz
10666,1250,453.0,lb
10667,1250,100,g
10668,1250,85,serving (cooked from 4 oz)
10669,1251,183.0,cup
10670,1251,98,medium
10671,1251,160,"parsnip (9"" long)"
10672,1251,78,cup slice
10673,1251,100,g
10674,1251,35,small
10675,1251,28.3495,wt. oz
10676,1251,160,large
10677,1251,210,"cup, mashed"
10678,1252,0.6,tsp
10679,1252,100,g
10680,1252,7.2,tbsp
10681,1252,2.4,teaspoon
10682,1252,28.3495,wt. oz
10683,1252,115.2,cup
10684,1252,2.4,tsp
10685,1253,100,g
10686,1253,28.4,roll
10687,1253,227.2,can (8 oz)
10688,1253,28.35,oz
10689,1253,28.35,ounce
10690,1254,1.0,g
10691,1254,8,square
10692,1254,100,g
10693,1254,28.35,oz
10694,1254,162,bar
10695,1254,8,piece
10696,1255,182,cup
10697,1255,100,g
10698,1255,11.38,tbsp
10699,1255,3.79,tsp
10700,1255,28.3495,wt. oz
10701,1255,28.35,ounce
10702,1255,5.5,piece
10703,1255,118,can (4 oz)
10704,1256,132,cup
10705,1256,372.23,serving
10706,1256,8.25,tbsp
10707,1256,100,g
10708,1256,2.75,tsp
10709,1256,28.3495,wt. oz
10710,1256,453.59,lb
10711,1257,28.35,oz
10712,1257,453.6,lb
10713,1257,100,g
10714,1258,253,cup
10715,1258,5.27,tsp
10716,1258,100,g
10717,1258,28.3495,wt. oz
10718,1258,15.81,tbsp
10719,1258,28.35,ounce
10720,1258,126.5,cup
10721,1259,28.3495,wt. oz
10722,1259,100,g
10723,1259,45.0,pepper
10724,1259,75,"cup, chopped or diced"
10725,1260,28.3511,ounce
10726,1260,182,cup
10727,1260,100,g
10728,1260,11.38,tbsp
10729,1260,3.79,tsp
10730,1260,28.3495,wt. oz
10731,1260,5.5,piece
10732,1260,118,can (4 oz)
10733,1261,1.29,tsp
10734,1261,100,g
10735,1261,31,cup (1 nlea serving)
10736,1261,28.3495,wt. oz
10737,1261,62.0,cup
10738,1261,3.88,tbsp
10739,1262,17,biscuit
10740,1262,100,g
10741,1262,28.35,oz
10742,1262,28.35,ounce
10743,1262,17,cookie
10744,1263,141,cup
10745,1263,35.25,fl oz
10746,1263,1.0,g
10747,1263,100,g
10748,1263,17.625,tablespoon
10749,1263,17.63,tablespoon
10750,1263,17.63,tbsp
10751,1263,5.88,tsp
10752,1264,28.35,oz
10753,1264,113,oz
10754,1264,453.6,lb
10755,1264,100,g
10756,1265,60.0,"pita, large (6-1/2"" dia)"
10757,1265,28.3495,wt. oz
10758,1265,100,g
10759,1265,28,"pita, small  (4"" dia)"
10760,1266,164,large
10761,1266,240,cup
10762,1266,100,g
10763,1266,190,can
10764,1266,28.3495,wt. oz
10765,1266,5,tsp
10766,1266,28.35,ounce
10767,1266,82,small
10768,1266,15,tbsp
10769,1266,111,medium
10770,1267,104,"cup, sliced"
10771,1267,100,g
10772,1267,136,"cup, chopped"
10773,1267,22.0,pepper
10774,1267,28.3495,wt. oz
10775,1268,60.0,"pita, large (6-1/2"" dia)"
10776,1268,28.3495,wt. oz
10777,1268,100,g
10778,1268,28,"pita, small  (4"" dia)"
10779,1269,7.81,tbsp
10780,1269,125.0,cup
10781,1269,100,g
10782,1269,28.3495,wt. oz
10783,1269,2.6,tsp
10784,1270,11.4,tbsp
10785,1270,1.5,tbsp
10786,1270,100,g
10787,1270,1.9,tsp
10788,1270,24.0,cup
10789,1270,28.3495,wt. oz
10790,1270,0.3,leave
10791,1271,28.3495,wt. oz
10792,1271,453.592,lb
10793,1271,26.79,wingette or drummette
10794,1271,100,g
10795,1272,28.35,oz
10796,1272,100,g
10797,1272,21.0,slice (3/4 oz)
10798,1273,602,"can (10.75 oz), prepared"
10799,1273,100,g
10800,1273,28.352,ounce
10801,1273,248,cup (8 fl oz)
10802,1273,28.3495,wt. oz
10803,1273,496,bowl (2 cups)
10804,1274,100,g
10805,1274,14.7,tbsp
10806,1274,29.0,ounce
10807,1274,235.2,cup
10808,1274,4.9,tsp
10809,1274,233.06,cup
10810,1274,29,fl oz
10811,1275,2.44,tsp
10812,1275,7.31,tbsp
10813,1275,100,g
10814,1275,28.3495,wt. oz
10815,1275,117,cup
10816,1275,118.2,piece with frosting
10817,1275,28.35,ounce
10818,1276,137,"cup unsifted, dipped"
10819,1276,137.0,cup
10820,1276,100,g
10821,1276,28.3495,wt. oz
10822,1276,8.56,tbsp
10823,1276,2.85,tsp
10824,1277,2.88,tsp
10825,1277,138.0,cup
10826,1277,85,oz
10827,1277,138.0,c
10828,1277,8.63,tbsp
10829,1277,100,g
10830,1277,2,slice
10831,1277,28,oz
10832,1277,2,piece
10833,1278,182.0,cup
10834,1278,100,g
10835,1278,11.38,tbsp
10836,1278,3.79,tsp
10837,1278,28.3495,wt. oz
10838,1278,5.5,piece
10839,1278,118,can (4 oz)
10840,1279,100,g
10841,1279,980,quart
10842,1279,30.6,fl oz
10843,1279,15.31,tbsp
10844,1279,5.1,tsp
10845,1279,245.0,cup
10846,1280,225,"cup, mashed"
10847,1280,126,nlea serving
10848,1280,100,g
10849,1280,81,"extra small (less than 6"" long)"
10850,1280,152,"extra large (9"" or longer)"
10851,1280,28.35,oz
10852,1280,101,"small (6"" to 6-7/8"" long)"
10853,1280,150,"cup, sliced"
10854,1280,136,"large (8"" to 8-7/8"" long)"
10855,1280,118.0,"medium (7"" to 7-7/8"" long)"
10856,1281,195.0,cup
10857,1281,100,g
10858,1281,28.35,oz
10859,1281,4.06,tsp
10860,1281,97.5,cup
10861,1281,12.19,tbsp
10862,1282,3.73,tsp
10863,1282,202,cup
10864,1282,11.2,tbsp
10865,1282,100,g
10866,1282,179.0,cup
10867,1282,258,"can, drained"
10868,1282,28.3495,wt. oz
10869,1282,453.6,lb
10870,1282,4.21,tsp
10871,1282,12.6,tbsp
10872,1283,0.83,tsp
10873,1283,28,roll (1 oz)
10874,1283,100,g
10875,1283,40,cup
10876,1283,28.35,oz
10877,1283,28.35,ounce
10878,1283,2.5,tbsp
10879,1284,1.0,packet
10880,1284,0.5,tsp
10881,1284,1.5,tbsp
10882,1284,100,g
10883,1284,24,cup
10884,1284,28.3495,wt. oz
10885,1284,1,serving 1 packet
10886,1285,38,"slice, large (1/4"" thick)"
10887,1285,110,"medium (2-1/2"" dia)"
10888,1285,137.5,cup
10889,1285,100,g
10890,1285,60,ring
10891,1285,110.0,medium
10892,1285,115,"cup, sliced"
10893,1285,14,"slice, medium (1/8"" thick)"
10894,1285,70,small
10895,1285,28.3495,wt. oz
10896,1285,150,large
10897,1285,27.5,"medium (2-1/2"" dia)"
10898,1285,9,"slice, thin"
10899,1285,10,tbsp chopped
10900,1285,160,"cup, chopped"
10901,1286,28.8,cup
10902,1286,0.6,tsp
10903,1286,100,g
10904,1286,28.3495,wt. oz
10905,1286,0.62,teaspoon
10906,1286,1.9,tbsp
10907,1287,3.28,tsp
10908,1287,100,g
10909,1287,28.35,oz
10910,1287,143.78,cup
10911,1287,130,"cup, poured from box"
10912,1287,9.85,tbsp
10913,1287,52,cup
10914,1287,143.79,cup
10915,1288,15.88,tbsp
10916,1288,1016,quart
10917,1288,31.8,fl oz
10918,1288,100,g
10919,1288,5.29,tsp
10920,1288,254.0,cup
10921,1289,100,g
10922,1289,15,"container, individual"
10923,1289,28.3495,wt. oz
10924,1289,5,tsp
10925,1289,28.35,ounce
10926,1289,120,cup
10927,1289,15,tbsp
10928,1290,100,g
10929,1290,67.0,piece
10930,1290,28.35,oz
10931,1290,67,serving
10932,1290,75,cupcake
10933,1291,100,g
10934,1291,12.0,cookie
10935,1291,28.35,oz
10936,1291,24,cookie
10937,1291,28.35,ounce
10938,1291,226.8,cup
10939,1291,36,cookie
10940,1292,100,g
10941,1292,304,cup
10942,1292,28.3495,wt. oz
10943,1292,28.35,ounce
10944,1292,6.33,tsp
10945,1292,38,tbsp
10946,1293,100,g
10947,1293,10.25,tbsp
10948,1293,4.17,tsp
10949,1293,28.3495,wt. oz
10950,1293,28.35,ounce
10951,1293,3.42,tsp
10952,1293,200.0,cup
10953,1293,12.5,tbsp
10954,1293,164,cup
10955,1294,15,crackers square (1 serving)
10956,1294,1,"cracker, oyster"
10957,1294,14.2,oz
10958,1294,6,"cracker, rectangle"
10959,1294,57.5,cup
10960,1294,100,g
10961,1294,10,"cracker, round large"
10962,1294,3,cracker square
10963,1294,45,cup oyster cracker
10964,1294,14.9,cracker
10965,1294,70,"cup, crushed"
10966,1295,0.75,tsp
10967,1295,100,g
10968,1295,28.3495,wt. oz
10969,1295,453.59,lb
10970,1295,48,leaf
10971,1295,36,cup
10972,1295,2.25,tbsp
10973,1295,340.2,bunch
10974,1296,100,g
10975,1296,28.35,oz
10976,1296,28,slice (1 oz)
10977,1296,132,"cup, diced"
10978,1296,113,"cup, shredded"
10979,1296,17,cubic inch
10980,1297,96,cup
10981,1297,100,g
10982,1297,2,tsp
10983,1297,6,packet
10984,1297,28.3495,wt. oz
10985,1297,6,tbsp
10986,1297,3.6,cube
10987,1297,6.0,tablespoon
10988,1298,9.88,tbsp
10989,1298,9.875,tablespoon
10990,1298,100,g
10991,1298,3.29,tsp
10992,1298,28.3495,wt. oz
10993,1298,28.35,ounce
10994,1298,158,cup
10995,1299,2,raspberry
10996,1299,19,raspberrie
10997,1299,100,g
10998,1299,7.69,tbsp
10999,1299,28.35,oz
11000,1299,123.0,cup
11001,1299,2.56,tsp
11002,1299,312,"pint as purchased, yield"
11003,1300,100,g
11004,1300,194,cup
11005,1300,28.3495,wt. oz
11006,1300,28.35,ounce
11007,1300,12.1,tbsp
11008,1300,4.04,tsp
11009,1301,122.5,cup
11010,1301,100,g
11011,1301,28.35,oz
11012,1301,28,slice (1 oz)
11013,1301,132,"cup, diced"
11014,1301,113,"cup, shredded"
11015,1301,17,cubic inch
11016,1302,14,packet (0.5 oz)
11017,1302,20,tbsp
11018,1302,100,g
11019,1302,320.0,cup
11020,1302,28.3495,wt. oz
11021,1302,6.67,tsp
11022,1303,85,oz
11023,1303,453.5925,lb
11024,1303,505,"roast (yield from 1 raw roast, with refuse, weighing 504g)"
11025,1303,100,g
11026,1303,453.5917,lb
11027,1303,453.59,lb
11028,1303,28.3337,ounce
11029,1304,144,cup
11030,1304,3,tsp
11031,1304,100,g
11032,1304,28.3495,wt. oz
11033,1304,9.4,tbsp
11034,1304,3.07,teaspoon
11035,1305,85,oz
11036,1305,100,g
11037,1305,150,lobster
11038,1305,226.8,cup
11039,1306,100,g
11040,1306,16.5,tbsp
11041,1306,49.5,shot (1.5 fl oz)
11042,1306,5.5,tsp
11043,1306,16.5,tablespoon
11044,1306,33,fl oz
11045,1306,264,cup
11046,1307,85,oz
11047,1307,28.35,"oz, boneles"
11048,1307,16,"cubic inch, boneles"
11049,1307,28.3333,ounce
11050,1307,100,g
11051,1308,85,oz
11052,1308,172,can
11053,1308,28.334,ounce
11054,1308,100,g
11055,1308,28.3333,ounce
11056,1308,226.8,cup
11057,1309,4.5,"tbsp, ground"
11058,1309,100,g
11059,1309,1.08,teaspoon
11060,1309,0.7,"tsp, leave"
11061,1309,28.3495,wt. oz
11062,1309,1.4,"tsp, ground"
11063,1309,2.1,"tbsp, leave"
11064,1310,228.0,cup
11065,1310,14.25,tbsp
11066,1310,57,cup
11067,1310,273,jar 10.5 oz
11068,1310,28.5,fl oz
11069,1310,100,g
11070,1310,4.75,tsp
11071,1310,324,jar 12 oz
11072,1311,132.0,cup
11073,1311,8.25,tbsp
11074,1311,66,scoop
11075,1311,100,g
11076,1311,2.75,tsp
11077,1311,28.3495,wt. oz
11078,1311,66,serving 1/2 cup
11079,1312,244,cup
11080,1312,48.0,lemon yield
11081,1312,100,g
11082,1312,30.5,fl oz
11083,1312,5.9,wedge yield
11084,1312,5.08,tsp
11085,1312,15.25,tbsp
11086,1313,10.15,tbsp
11087,1313,100,g
11088,1313,453.5917,lb
11089,1313,28.3495,wt. oz
11090,1313,3.38,tsp
11091,1313,162.4,cup
11092,1314,8.6,tbsp
11093,1314,2.87,tsp
11094,1314,2.865,teaspoon
11095,1314,8.6,tablespoon
11096,1314,100,g
11097,1314,137.6,cup
11098,1314,8.6,"tbsp, drained"
11099,1314,2.87,teaspoon
11100,1314,28.3495,wt. oz
11101,1315,81.2033,cup
11102,1315,81,cup dry
11103,1315,100,g
11104,1315,40.5,cup
11105,1315,28.3495,wt. oz
11106,1315,27,cup
11107,1315,1.69,tsp
11108,1315,81,cup
11109,1315,5.06,tbsp
11110,1316,90,cup lasagna
11111,1316,107,cup rotini
11112,1316,107,cup ziti
11113,1316,135,cup linguine
11114,1316,116,cup lasagne
11115,1316,132,cup elbows packed
11116,1316,57,lasagna noodle (cooked)
11117,1316,2.92,tsp
11118,1316,122.0,c
11119,1316,100,g
11120,1316,151,cup spaghetti packed
11121,1316,91,cup spaghetti
11122,1316,28.3495,wt. oz
11123,1316,64,cup shell
11124,1316,57,oz
11125,1316,122,cup elbow
11126,1316,81,cup farfalle
11127,1316,96,cup rotini
11128,1316,453.59,lb
11129,1316,95,cup penne
11130,1316,122.0,cup
11131,1316,8.75,tbsp
11132,1316,124,cup spaghetti not packed
11133,1316,107,cup penne
11134,1316,140,cup
11135,1316,107,cup farfalle
11136,1316,135,cup capellini
11137,1316,120,cup elbows not packed
11138,1316,105,cup shell
11139,1317,747,bottle
11140,1317,29.4,fl oz
11141,1317,147,flute
11142,1317,205.8,cup
11143,1317,100,g
11144,1317,14.7,tbsp
11145,1317,147,serving (5 fl oz)
11146,1317,235.2,cup
11147,1317,4.9,tsp
11148,1317,147,glas
11149,1318,135,"large (4"" long)"
11150,1318,7,slice
11151,1318,143,"cup, chopped or diced"
11152,1318,100,g
11153,1318,35,spear
11154,1318,149.0,cup
11155,1318,28.3495,wt. oz
11156,1318,37,small
11157,1318,35,"spear, small"
11158,1318,155,cup (about 23 slices)
11159,1319,8.5,tbsp
11160,1319,58,extra large
11161,1319,100,g
11162,1319,136,"cup, chopped"
11163,1319,44,medium
11164,1319,28.3495,wt. oz
11165,1319,136,cup
11166,1319,5,slice
11167,1319,37,small
11168,1319,2.83,tsp
11169,1319,50.0,large
11170,1319,65,jumbo
11171,1320,15.0,tablespoon
11172,1320,240,cup
11173,1320,100,g
11174,1320,28.3495,wt. oz
11175,1320,5,tsp
11176,1320,15,tbsp
11177,1321,100,g
11178,1321,259.2,cup
11179,1321,5.4,each
11180,1321,28.3495,wt. oz
11181,1321,16.2,tbsp
11182,1321,5.4,teaspoon
11183,1321,5.39,serving
11184,1322,100,g
11185,1322,28.3495,wt. oz
11186,1322,15.31,tbsp
11187,1322,5.1,tsp
11188,1322,245.0,cup
11189,1323,148.8,cup
11190,1323,10,"ring (3"" dia, 1/4"" thick)"
11191,1323,74,small
11192,1323,100,g
11193,1323,149,"cup, chopped"
11194,1323,3.1,tsp
11195,1323,164,"large (2-1/4 per lb, approx 3-3/4"" long, 3"" dia)"
11196,1323,27,strip
11197,1323,28.3495,wt. oz
11198,1323,9.3,tbsp
11199,1323,120.5,cup
11200,1323,92,"cup, sliced"
11201,1323,120.52,cup
11202,1323,119,"medium (approx 2-3/4"" long, 2-1/2"" dia)"
11203,1324,0.5,tsp
11204,1324,100,g
11205,1324,24,cup
11206,1324,28.3495,wt. oz
11207,1324,0.52,teaspoon
11208,1324,1.6,tbsp
11209,1325,148.8,cup
11210,1325,119,"medium (approx 2-3/4"" long, 2-1/2 dia.)"
11211,1325,74,small
11212,1325,164,"large (2-1/4 per pound, approx 3-3/4"" long, 3"" dia.)"
11213,1325,100,g
11214,1325,149,"cup, chopped"
11215,1325,3.1,tsp
11216,1325,28.3495,wt. oz
11217,1325,120.5,cup
11218,1325,92,"cup, sliced"
11219,1325,9.3,tablespoon
11220,1325,10,"ring (3"" dia., 1/4"" thick)"
11221,1326,34,tbsp
11222,1326,272.0,cup
11223,1326,5.67,tsp
11224,1326,100,g
11225,1326,17.0,tablespoon
11226,1326,28.3495,wt. oz
11227,1327,100,g
11228,1327,33.6,fl oz
11229,1327,16.8,tbsp
11230,1327,268.8,cup
11231,1327,5.6,tsp
11232,1327,16.8,tablespoon
11233,1327,50,jigger 1.5 fl oz
11234,1327,0.7,dashe
11235,1328,85,oz
11236,1328,100,g
11237,1328,50,rib
11238,1328,453.5925,lb
11239,1329,85,oz
11240,1329,100,g
11241,1329,79,fillet
11242,1329,453.5925,lb
11243,1330,100,g
11244,1330,12.12,tbsp
11245,1330,28.3495,wt. oz
11246,1330,193.92,cup
11247,1330,12.06,tablespoon
11248,1330,1,tsp
11249,1331,3.13,teaspoon
11250,1331,1000.0,kg
11251,1331,45,pepper
11252,1331,100,g
11253,1331,75,"cup, chopped or diced"
11254,1331,28.3495,wt. oz
11255,1332,28.3333,oz
11256,1332,85,oz
11257,1332,100,g
11258,1332,21,crab
11259,1333,3.02,tsp
11260,1333,100,g
11261,1333,102,"ear, medium (6-3/4"" to 7-1/2"" long) yield"
11262,1333,9.06,tbsp
11263,1333,28.3495,wt. oz
11264,1333,73,"ear, small (5-1/2"" to 6-1/2"" long)"
11265,1333,145,cup
11266,1333,102.0,"ear, medium  yield"
11267,1333,143,"ear, large (7-3/4"" to 9"" long) yield"
11268,1334,369,"potato large (3"" to 4-1/4"" dia)"
11269,1334,100,g
11270,1334,75,"cup, diced"
11271,1334,213,"potato medium (2-1/4"" to 3-1/4"" dia)"
11272,1334,453.592,lb
11273,1334,28.3495,wt. oz
11274,1334,31,baby potato
11275,1334,170,"potato small (1-3/4"" to 2-1/2"" dia)"
11276,1335,85,oz
11277,1335,100,g
11278,1335,218.0,fillet
11279,1336,85,oz
11280,1336,453.5925,lb
11281,1336,100,g
11282,1336,608,steak
11283,1336,453.59,lb
11284,1337,28.35,oz
11285,1337,453.6,lb
11286,1337,100,g
11287,1338,3.7,tsp
11288,1338,11.1,tbsp
11289,1338,100,g
11290,1338,3.7,teaspoon
11291,1338,28.3495,wt. oz
11292,1338,177.6,cup
11293,1339,100,g
11294,1339,55,"beans (4"" long)"
11295,1339,28.3495,wt. oz
11296,1339,100,"cup 1/2"" piece"
11297,1339,453.5933,lb
11298,1340,100,g
11299,1340,185.0,cup
11300,1340,28.3495,wt. oz
11301,1340,3.85,tsp
11302,1340,11.56,tbsp
11303,1341,12.57,tbsp
11304,1341,100,g
11305,1341,201.12,cup
11306,1341,28.3495,wt. oz
11307,1341,1.05,tsp
11308,1341,4.2,tsp
11309,1341,4.19,tsp
11310,1342,0.04,pinch
11311,1342,0.68,teaspoon
11312,1342,100,g
11313,1342,0.7,tsp
11314,1342,2.1,tbsp
11315,1342,33.6,cup
11316,1342,28.3495,wt. oz
11317,1342,0.7,teaspoon
11318,1343,2.165,teaspoon
11319,1343,100.8,cup
11320,1343,100,g
11321,1343,28.3495,wt. oz
11322,1343,6.7,tbsp
11323,1343,6.5,tablespoon
11324,1343,2.1,tsp
11325,1344,4.27,teaspoon
11326,1344,1.0,g
11327,1344,205.0,cup
11328,1344,100,g
11329,1344,12.805,tablespoon
11330,1344,4.27,tsp
11331,1344,28.3495,wt. oz
11332,1344,12.8,tbsp
11333,1344,12.81,tablespoon
11334,1345,5.3,tbsp
11335,1345,100,g
11336,1345,86.4,cup
11337,1345,28.3495,wt. oz
11338,1345,1.8,tsp
11339,1345,1.78,teaspoon
11340,1346,138.0,cup
11341,1346,138,cup whole kernel
11342,1346,100,g
11343,1346,28.3495,wt. oz
11344,1346,28.35,oz (22 whole kernels)
11345,1347,6.0,piece
11346,1347,28.35,oz
11347,1347,3,"piece, small"
11348,1347,100,g
11349,1348,85,oz
11350,1348,100,g
11351,1348,453.592,lb
11352,1348,453.59,lb
11353,1348,30,unit 2 large or 5 small
11354,1349,272,cup
11355,1349,5.67,tsp
11356,1349,100,g
11357,1349,17.0,tablespoon
11358,1349,22.11,serving
11359,1349,28.3495,wt. oz
11360,1350,100,g
11361,1350,4.08,tsp
11362,1350,28.3495,wt. oz
11363,1350,453.59,lb
11364,1350,12.2,tbsp
11365,1350,196,cup
11366,1351,28.3333,oz
11367,1351,85,oz
11368,1351,100,g
11369,1351,608,steak
11370,1351,453.6,lb
11371,1351,453.59,lb
11372,1352,100,g
11373,1352,305,oz
11374,1352,5.25,tsp
11375,1352,305.0,can
11376,1352,15.75,tbsp
11377,1352,126,cup
11378,1353,7.2,packet
11379,1353,192,cup
11380,1353,100,g
11381,1353,12,tbsp
11382,1353,28.3495,wt. oz
11383,1353,28.35,ounce
11384,1353,4,tsp
11385,1354,240.8955,cup
11386,1354,5.02,tsp
11387,1354,100,g
11388,1354,240.9,cup
11389,1354,28.3495,wt. oz
11390,1354,15.06,tbsp
11391,1354,240.92,cup
11392,1355,14.8,tbsp
11393,1355,100,g
11394,1355,4.93,tsp
11395,1355,178,fl oz
11396,1355,236.8,cup
11397,1355,236.98,cup
11398,1355,29.6,fl oz
11399,1355,710.4,fl oz
11400,1355,237,cup (8 fl oz)
11401,1356,118.5,cup
11402,1356,113,"cup, sliced"
11403,1356,124,"cup, chopped"
11404,1356,100,g
11405,1356,9.9,slice
11406,1356,196,medium
11407,1356,28.3495,wt. oz
11408,1356,118,small
11409,1356,323,large
11410,1357,100,g
11411,1357,28.3495,wt. oz
11412,1357,446,package
11413,1357,50.0,frankfurter
11414,1357,453.5933,lb
11415,1358,453.5867,lb
11416,1358,100,g
11417,1358,28.3495,wt. oz
11418,1358,28,slice (1 oz)
11419,1358,21,slice (3/4 oz)
11420,1358,19,slice (2/3 oz)
11421,1359,46,hamburger bun
11422,1359,100,g
11423,1359,52.0,hot dog bun
11424,1359,28.35,oz
11425,1359,44,roll 1 serving
11426,1360,45,pepper
11427,1360,100,g
11428,1360,75,"cup, chopped or diced"
11429,1360,28.3495,wt. oz
11430,1360,28.35,ounce
11431,1361,6,tsp
11432,1361,4,piece
11433,1361,100,g
11434,1361,288,cup
11435,1361,28.3495,wt. oz
11436,1361,28.35,ounce
11437,1361,18,tbsp
11438,1362,76,"half, with liquid"
11439,1362,100,g
11440,1362,28.3495,wt. oz
11441,1362,28.35,ounce
11442,1362,244,"cup, halve"
11443,1363,14,packet (0.5 oz)
11444,1363,20,tbsp
11445,1363,100,g
11446,1363,320.0,cup
11447,1363,28.3495,wt. oz
11448,1363,6.67,tsp
11449,1364,11.0,block
11450,1364,28.3495,wt. oz
11451,1364,100,g
11452,1365,15.95,tablespoon
11453,1365,100,g
11454,1365,16,tbsp
11455,1365,28.3495,wt. oz
11456,1365,5.3,tsp
11457,1365,255,cup
11458,1365,8.9,individual packet
11459,1366,85,oz
11460,1366,453.5867,lb
11461,1366,100,g
11462,1366,453.6,lb
11463,1366,453.59,lb
11464,1366,188,steak
11465,1367,5.075,tablespoon
11466,1367,81,cup dry
11467,1367,81.2,cup
11468,1367,100,g
11469,1367,40.5,cup
11470,1367,81.208,cup
11471,1367,28.3495,wt. oz
11472,1367,27,cup
11473,1367,1.69,tsp
11474,1367,81,cup
11475,1367,5.06,tbsp
11476,1368,28.3506,ounce
11477,1368,100,g
11478,1368,28.35,oz
11479,1368,112,"cup, crumb"
11480,1368,6,wafer
11481,1369,30,wafer
11482,1369,100,g
11483,1369,28.35,oz
11484,1369,28.3495,wt. oz
11485,1369,226.8,cup
11486,1369,3.75,wafer
11487,1369,11.6,wafers mini wafer
11488,1370,28.3495,wt. oz
11489,1370,2,mint
11490,1370,100,g
11491,1370,226.8,cup
11492,1371,52,serving 1.5 fl oz
11493,1371,278.4,cup
11494,1371,100,g
11495,1371,17.4,tbsp
11496,1371,5.8,tsp
11497,1371,17.4,tablespoon
11498,1371,34.8,fl oz
11499,1372,1,leave
11500,1372,42.4,cup
11501,1372,100,g
11502,1372,2.65,tbsp
11503,1372,28.3495,wt. oz
11504,1372,2.65,tablespoon
11505,1372,0.5,leaf
11506,1372,0.88,tsp
11507,1373,25,cup
11508,1373,100,g
11509,1373,28.3495,wt. oz
11510,1373,6.25,tbsp
11511,1373,28.35,ounce
11512,1373,2.08,tsp
11513,1373,100,cup
11514,1374,205.0,cup
11515,1374,100,g
11516,1374,12.805,tablespoon
11517,1374,4.27,tsp
11518,1374,28.3495,wt. oz
11519,1374,12.8,tbsp
11520,1375,85,oz
11521,1375,453.6,lb
11522,1375,453.59,lb
11523,1375,100,g
11524,1376,182,cup large chip
11525,1376,42,cup
11526,1376,3.5,tsp
11527,1376,100,g
11528,1376,173,cup mini chip
11529,1376,174.335,cup
11530,1376,28.35,oz (approx 60 pcs)
11531,1376,10.5,tbsp
11532,1376,28.3495,wt. oz
11533,1376,453.5933,lb
11534,1376,28.35,ounce
11535,1376,168,cup chips (6 oz package)
11536,1376,14.5,serving
11537,1377,132.0,cup
11538,1377,8.25,tbsp
11539,1377,66,scoop
11540,1377,100,g
11541,1377,2.75,tsp
11542,1377,58,individual (3.5 fl oz)
11543,1377,28.3495,wt. oz
11544,1377,66,cup (4 fl oz)
11545,1378,240.0,cup
11546,1378,100,g
11547,1378,28.3495,wt. oz
11548,1378,5,tsp
11549,1378,15,tbsp
11550,1379,218,cup
11551,1379,100,g
11552,1379,28.3495,wt. oz
11553,1379,13.6,tablespoon
11554,1379,4.5,tsp
11555,1380,100,g
11556,1380,28.3495,wt. oz
11557,1380,15.155,tablespoon
11558,1380,5,tsp
11559,1380,245,cup
11560,1380,15,tbsp
11561,1381,32.0,cup
11562,1381,0.67,tsp
11563,1381,213,bag
11564,1381,100,g
11565,1381,3,chip
11566,1381,28.35,oz
11567,1381,119,side order
11568,1381,2,tbsp
11569,1382,0.2,pod
11570,1382,2.46,tsp
11571,1382,100,g
11572,1382,28.3495,wt. oz
11573,1382,7.38,tbsp
11574,1382,118.08,cup
11575,1383,103,glass (3.5 fl oz)
11576,1383,14.75,tbsp
11577,1383,100,g
11578,1383,4.92,tsp
11579,1383,236.0,cup
11580,1383,29.5,fl oz
11581,1384,28.3495,wt. oz
11582,1384,100,g
11583,1384,1.0,amount
11584,1385,85,oz
11585,1385,100,g
11586,1385,453.59,lb
11587,1385,170,"piece, cooked, excluding refuse (yield from 1 lb raw meat with refuse)"
11588,1386,101,cup chopped
11589,1386,4,"strip (4"" long)"
11590,1386,7.5,tbsp
11591,1386,110,nlea serving
11592,1386,100,g
11593,1386,2.5,tsp
11594,1386,28.3495,wt. oz
11595,1386,17,"stalk, small (5"" long)"
11596,1386,101.0,cup
11597,1386,40,rib
11598,1386,120,cup
11599,1386,64,"stalk, large (11""-12"" long)"
11600,1386,40,"stalk, medium (7-1/2"" - 8"" long)"
11601,1387,3.71,tsp
11602,1387,11.1,tbsp
11603,1387,100,g
11604,1387,28.3495,wt. oz
11605,1387,178,cup
11606,1387,28.35,ounce
11607,1388,28.35,oz
11608,1388,453.6,lb
11609,1388,100,g
11610,1389,3.71,tsp
11611,1389,11.1,tbsp
11612,1389,100,g
11613,1389,178,cup
11614,1389,28.3495,wt. oz
11615,1389,453.59,lb
11616,1390,85,oz
11617,1390,160,cup
11618,1390,28.3329,ounce
11619,1390,100,g
11620,1390,10,tbsp
11621,1390,3.33,tsp
11622,1391,25,gherkin
11623,1391,25,pickle
11624,1391,100,g
11625,1391,907.2,quart
11626,1391,28.3495,wt. oz
11627,1391,6,midget
11628,1392,100,g
11629,1392,57,"roll (3-1/2"" dia)"
11630,1392,73,"5"" sandwich roll"
11631,1392,28.35,oz
11632,1392,106.0,"8"" sandwich roll"
11633,1392,153,"12"" sandwich roll"
11634,1393,224.0,cup
11635,1393,100,g
11636,1393,28.35,oz
11637,1393,198,bag (7 oz)
11638,1393,28,oz
11639,1393,28,bag
11640,1394,10,sprig
11641,1394,3.775,tablespoon
11642,1394,60.0,cup
11643,1394,100,g
11644,1394,28.3495,wt. oz
11645,1394,3.8,tbsp
11646,1394,60.8,cup
11647,1394,1.27,tsp
11648,1394,60,cup chopped
11649,1394,3.77,tablespoon
11650,1395,38,"pancake (4"" dia)"
11651,1395,77,"pancake (6"" dia)"
11652,1395,100,g
11653,1395,28.35,oz
11654,1395,226.8,cup
11655,1396,244,cup
11656,1396,15.25,tablespoon
11657,1396,425,"can, 15 oz (303 x 406)"
11658,1396,100,g
11659,1396,28.3495,wt. oz
11660,1396,5.08,tsp
11661,1396,15.25,tbsp
11662,1397,840,"head large (6-7"" dia.)"
11663,1397,588,"head medium (5-6"" dia.)"
11664,1397,265,"head small (4"" dia.)"
11665,1397,100,g
11666,1397,13,floweret
11667,1397,28.3495,wt. oz
11668,1397,107.0,cup
11669,1397,107,"cup chopped (1/2"" pieces)"
11670,1398,18,medium
11671,1398,10,small
11672,1398,70,"cup, pieces or slice"
11673,1398,23,large
11674,1398,100,g
11675,1398,6,slice
11676,1398,453.6,lb
11677,1398,28.3495,wt. oz
11678,1398,35,cup piece
11679,1398,96,"cup, whole"
11680,1399,28.35,oz
11681,1399,453.6,lb
11682,1399,100,g
11683,1400,148.8,cup
11684,1400,119,"medium (approx 2-3/4"" long, 2-1/2 dia.)"
11685,1400,74,small
11686,1400,164,"large (2-1/4 per pound, approx 3-3/4"" long, 3"" dia.)"
11687,1400,10,"ring (3"" dia., 1/4"" thick)"
11688,1400,100,g
11689,1400,149,"cup, chopped"
11690,1400,3.1,tsp
11691,1400,28.3495,wt. oz
11692,1400,2.6667,teaspoon
11693,1400,92,"cup, sliced"
11694,1400,9.3,tablespoon
11695,1400,2.72,teaspoon
11696,1400,2.7,teaspoon
11697,1401,100,g
11698,1401,149,cup
11699,1401,28.3495,wt. oz
11700,1401,9.31,tbsp
11701,1401,17.0,cherry
11702,1401,3.1,tsp
11703,1402,100,g
11704,1402,28.3495,wt. oz
11705,1402,133.0,cup
11706,1402,2.77,tsp
11707,1402,8.31,tbsp
11708,1403,165,"cup, sliced"
11709,1403,160.0,cup
11710,1403,100,g
11711,1403,28.35,oz
11712,1403,155,"cup, halve"
11713,1403,35,apricot
11714,1404,227,container (8 oz)
11715,1404,142,container (5 oz)
11716,1404,245,cup (8 fl oz)
11717,1404,100,g
11718,1404,125,container (4.4 oz)
11719,1404,28.3495,wt. oz
11720,1404,28.35,ounce
11721,1404,170,container (6 oz)
11722,1404,113,container (4 oz)
11723,1405,227,cup (with liquid and clams)
11724,1405,85,oz
11725,1405,28.3335,ounce
11726,1405,20,large
11727,1405,14.5,medium
11728,1405,100,g
11729,1405,28.3333,ounce
11730,1405,9,small
11731,1405,68,"lb (with shell), yield after shell removed"
11732,1406,28.3333,oz
11733,1406,85,oz
11734,1406,199,"chop without refuse (yield from 1 raw chop, with refuse, weighing 259g)"
11735,1406,100,g
11736,1407,28.35,oz
11737,1407,100,g
11738,1407,226.8,cup
11739,1408,15,crackers square (1 serving)
11740,1408,1,"cracker, oyster"
11741,1408,14.2,oz
11742,1408,6,"cracker, rectangle"
11743,1408,100,g
11744,1408,10,"cracker, round large"
11745,1408,3.0,cracker square
11746,1408,45,cup oyster cracker
11747,1408,14.9,cracker
11748,1408,70,"cup, crushed"
11749,1409,100,g
11750,1409,4.58,tsp
11751,1409,13.75,tbsp
11752,1409,110,container refrigerated 4 oz
11753,1409,28.35,oz
11754,1409,27.5,fl oz
11755,1409,110,cup
11756,1409,97,container shelf stable 3.5 oz
11757,1409,27.9257,ounce
11758,1410,15,"bar, fun size"
11759,1410,100,g
11760,1410,28.3495,wt. oz
11761,1410,57.0,bar (2 oz)
11762,1410,113,"bar, king size (4 oz)"
11763,1411,28.3495,wt. oz
11764,1411,55,"beans (4"" long)"
11765,1411,100.0,"cup 1/2"" piece"
11766,1411,100,g
11767,1412,240.32,cup
11768,1412,30,tbsp
11769,1412,100,g
11770,1412,5.01,tsp
11771,1412,28.3495,wt. oz
11772,1412,240.16,cup
11773,1412,15.02,tbsp
11774,1413,233.0659,cup
11775,1413,235.2,cup
11776,1413,100,g
11777,1413,14.7,tbsp
11778,1413,4.9,tsp
11779,1413,29,fl oz
11780,1414,100,g
11781,1414,8.4,fig
11782,1414,149,cup
11783,1414,28.3495,wt. oz
11784,1414,9.31,tbsp
11785,1414,3.1,tsp
11786,1415,142,piece
11787,1415,100,g
11788,1415,10.25,tbsp
11789,1415,28.3495,wt. oz
11790,1415,28.35,ounce
11791,1415,3.42,tsp
11792,1415,164,cup
11793,1416,100,g
11794,1416,263.65,can (15 oz)
11795,1416,298,can (303 x 406)
11796,1416,10.25,tbsp
11797,1416,28.3495,wt. oz
11798,1416,28.35,ounce
11799,1416,3.42,tsp
11800,1416,211,can (12 oz) yield
11801,1416,164,cup
11802,1417,85,oz
11803,1417,453.5933,lb
11804,1417,100,g
11805,1417,453.59,lb
11806,1418,103,glass (3.5 fl oz)
11807,1418,14.75,tbsp
11808,1418,100,g
11809,1418,14.75,tablespoon
11810,1418,4.92,tsp
11811,1418,236.0,cup
11812,1418,29.5,fl oz
11813,1419,43,oz
11814,1419,100,g
11815,1419,28.6667,ounce
11816,1419,56.0,cup
11817,1419,28,cup dry
11818,1420,5.17,tsp
11819,1420,100,g
11820,1420,482,can (303 x 406)
11821,1420,124,cup
11822,1420,28.3495,wt. oz
11823,1420,248.0,cup
11824,1420,15.5,tbsp
11825,1421,9.44,tbsp
11826,1421,4.9,grape
11827,1421,126,nlea serving
11828,1421,100,g
11829,1421,49,grape
11830,1421,3.15,tsp
11831,1421,151,cup
11832,1421,28.34,oz
11833,1421,5,grape
11834,1422,1.56,tsp
11835,1422,8,tbsp
11836,1422,4.0,tbsp
11837,1422,100,g
11838,1422,28.3495,wt. oz
11839,1422,75,cup
11840,1423,89,"cup, chopped"
11841,1423,70,"cup, shredded"
11842,1423,33,"leaf, large"
11843,1423,100,g
11844,1423,714,"head, small (about 4-1/2"" dia)"
11845,1423,79.5,cup
11846,1423,908,"head, medium (about 5-3/4"" dia)"
11847,1423,28.3495,wt. oz
11848,1423,1248,"head, large (about 7"" dia)"
11849,1423,23,"leaf, medium"
11850,1423,15,leaf
11851,1424,11.75,tbsp
11852,1424,100,g
11853,1424,188,cup
11854,1424,28.3495,wt. oz
11855,1424,28.35,ounce
11856,1424,3.92,tsp
11857,1425,85,oz
11858,1425,100,g
11859,1425,453.5917,lb
11860,1425,453.592,lb
11861,1425,2195,roast
11862,1426,41,tbsp creamy
11863,1426,100,g
11864,1426,28.3495,wt. oz
11865,1426,28.35,ounce
11866,1426,6.83,tsp
11867,1426,41,tbsp
11868,1426,328.0,cup
11869,1427,0.39,dash
11870,1427,45,pepper
11871,1427,3.12,teaspoon
11872,1427,100,g
11873,1427,75,"cup, chopped or diced"
11874,1427,28.3495,wt. oz
11875,1428,64,piece (1/8 of 18 oz cake)
11876,1428,1.0,g
11877,1428,15,mini cupcake
11878,1428,138,piece (1/12 of a cake)
11879,1428,100,g
11880,1428,109.0,piece
11881,1428,28.35,oz
11882,1428,50,cupcake
11883,1428,1660,cake
11884,1429,8.5,tbsp
11885,1429,100,g
11886,1429,82,"beet (2"" dia)"
11887,1429,28.3495,wt. oz
11888,1429,453.6,lb
11889,1429,136,cup
11890,1429,2.83,tsp
11891,1430,8.13,tbsp
11892,1430,2.71,tsp
11893,1430,100,g
11894,1430,130,cup
11895,1430,28.35,oz
11896,1430,28.35,ounce
11897,1431,132.0,cup
11898,1431,8.25,tbsp
11899,1431,100,g
11900,1431,2.75,tsp
11901,1431,28.3495,wt. oz
11902,1432,240,"cup, melted"
11903,1432,100,g
11904,1432,28.35,oz
11905,1432,144,"cup, sliced"
11906,1432,128,package (4.5 oz)
11907,1432,17,cubic inch
11908,1433,28.3333,oz
11909,1433,85,oz
11910,1433,1319,goose
11911,1433,100,g
11912,1433,320,unit (yield from 1 lb ready-to-cook goose)
11913,1434,0.4,tsp
11914,1434,1,sprig
11915,1434,38.4,cup
11916,1434,100,g
11917,1434,2.4,tbsp
11918,1434,28.3495,wt. oz
11919,1434,0.8,tsp
11920,1435,32.0,cup
11921,1435,14.2,oz
11922,1435,0.67,tsp
11923,1435,1,pork rind
11924,1435,100,g
11925,1435,28.35,oz
11926,1435,2,tbsp
11927,1436,72,link
11928,1436,28.35,oz
11929,1436,453.6,lb
11930,1436,100,g
11931,1437,135,"large (4"" long)"
11932,1437,7,slice
11933,1437,143,"cup, chopped or diced"
11934,1437,100,g
11935,1437,35.0,spear
11936,1437,28.3495,wt. oz
11937,1437,37,small
11938,1437,35,"spear, small"
11939,1437,155,cup (about 23 slices)
11940,1438,85,oz
11941,1438,184.0,fillet
11942,1438,100,g
11943,1438,28.35,"oz, boneles"
11944,1439,1,sprig
11945,1439,100,g
11946,1439,28.3495,wt. oz
11947,1439,0.185,teaspoon
11948,1439,8.9,cup sprig
11949,1440,100,g
11950,1440,10.25,tbsp
11951,1440,28.3495,wt. oz
11952,1440,3.42,tsp
11953,1440,164.0,cup
11954,1441,218.0,cup
11955,1441,14,tbsp
11956,1441,100,g
11957,1441,28.3495,wt. oz
11958,1441,4.5,tsp
11959,1442,0.83,tsp
11960,1442,14.2,oz
11961,1442,100,g
11962,1442,10,"package, fast food"
11963,1442,40.0,cup
11964,1442,1,cube
11965,1442,2.5,tbsp
11966,1443,28.3333,oz
11967,1443,85,oz
11968,1443,8,"snail, shell removed"
11969,1443,43,"oz, yield after shell removed"
11970,1443,100,g
11971,1444,8.75,tbsp
11972,1444,2.92,tsp
11973,1444,28.35,"oz, boneles"
11974,1444,100,g
11975,1444,140,cup
11976,1444,15,"piece (1-3/4"" x 7/8"" x 1/2"")"
11977,1444,28.3495,wt. oz
11978,1444,28.35,ounce
11979,1444,20,cubic inch
11980,1445,9.38,tbsp
11981,1445,85,oz
11982,1445,20,large
11983,1445,10,small
11984,1445,453.5925,lb
11985,1445,150,cup
11986,1445,100,g
11987,1445,16,medium
11988,1445,28.35,oz
11989,1445,3.13,tsp
11990,1446,28.35,oz
11991,1446,453.6,lb
11992,1446,100,g
11993,1447,104.16,cup
11994,1447,2.17,tsp
11995,1447,100,g
11996,1447,6.51,tbsp
11997,1447,28.3495,wt. oz
11998,1447,6.51,tablespoon
11999,1448,28.3533,ounce
12000,1448,60.0,cup
12001,1448,100,g
12002,1448,444,can
12003,1448,6,tbsp
12004,1448,28.3495,wt. oz
12005,1448,3,tbsp
12006,1448,1.25,tsp
12007,1448,28.36,ounce
12008,1449,28.25,cup
12009,1449,7.06,tbsp
12010,1449,100,g
12011,1449,28.35,oz
12012,1449,113.0,cup
12013,1449,2.35,tsp
12014,1450,32.0,cup
12015,1450,0.67,tsp
12016,1450,213,bag
12017,1450,100,g
12018,1450,3,chip
12019,1450,28.35,oz
12020,1450,119,side order
12021,1450,2,tbsp
12022,1451,9.375,tablespoon
12023,1451,45.0,pepper
12024,1451,100,g
12025,1451,75,"cup, chopped or diced"
12026,1451,28.3495,wt. oz
12027,1452,100,g
12028,1452,30.3,fl oz
12029,1452,151.5,glas
12030,1452,5.05,tsp
12031,1452,15.15,tbsp
12032,1452,242.4,cup
12033,1452,768.5,bottle
12034,1453,28.3331,oz
12035,1453,85,oz
12036,1453,100,g
12037,1453,159,fillet
12038,1454,205,cup
12039,1454,100,g
12040,1454,12.805,tablespoon
12041,1454,4.27,tsp
12042,1454,28.3495,wt. oz
12043,1454,12.8,tbsp
12044,1455,28.35,oz
12045,1455,453.0,lb
12046,1455,100,g
12047,1456,240.0,cup
12048,1456,100,g
12049,1456,5,tsp
12050,1456,30,fl oz
12051,1456,240,serving
12052,1456,15,tbsp
12053,1457,100,g
12054,1457,249.0,cup
12055,1457,28.3495,wt. oz
12056,1457,15.56,tbsp
12057,1457,15.28,tablespoon
12058,1457,5.095,teaspoon
12059,1457,5.19,tsp
12060,1457,5,tsp or 1 packet
12061,1458,227,container (8 oz)
12062,1458,142,container (5 oz)
12063,1458,245,cup (8 fl oz)
12064,1458,100,g
12065,1458,125,container (4.4 oz)
12066,1458,28.3495,wt. oz
12067,1458,170,container (6 oz)
12068,1458,226.8,cup
12069,1458,226.7879,cup
12070,1458,113,container (4 oz)
12071,1459,95,cup penne
12072,1459,90,cup lasagna
12073,1459,81,cup farfalle
12074,1459,100,g
12075,1459,96,cup rotini
12076,1459,91,cup spaghetti
12077,1459,64,cup shell
12078,1459,57,oz
12079,1459,28.5,ounce
12080,1459,122,cup elbow
12081,1460,8.75,tbsp
12082,1460,2.92,tsp
12083,1460,100,g
12084,1460,140.0,cup
12085,1460,28.3495,wt. oz
12086,1461,28.3495,wt. oz
12087,1461,17,cake (0.6 oz)
12088,1461,100,g
12089,1461,28.35,ounce
12090,1462,17,tbsp
12091,1462,240,cup
12092,1462,100,g
12093,1462,5.67,tsp
12094,1462,28.3495,wt. oz
12095,1462,9,packet
12096,1462,16.0,tablespoon
12097,1463,15.63,tbsp
12098,1463,250,cup
12099,1463,31.25,fl oz
12100,1463,100,g
12101,1463,5.21,tsp
12102,1463,35.9,serving
12103,1463,62.5,cup
12104,1463,500.0,pint
12105,1464,0.6,"tsp, crumbled"
12106,1464,0.2,leaf
12107,1464,1.8,"tbsp, crumbled"
12108,1464,100,g
12109,1464,28.3495,wt. oz
12110,1464,0.6,teaspoon
12111,1465,85,oz
12112,1465,100,g
12113,1465,15.75,jumbo
12114,1465,453.6,lb
12115,1465,5,small
12116,1465,28,large
12117,1465,6,medium
12118,1466,2.04,teaspoon
12119,1466,96,cup
12120,1466,100,g
12121,1466,2,tsp
12122,1466,28.3495,wt. oz
12123,1466,6.3,tbsp
12124,1466,2.05,teaspoon
12125,1467,14,packet (0.5 oz)
12126,1467,20,tbsp
12127,1467,100,g
12128,1467,320.0,cup
12129,1467,28.3495,wt. oz
12130,1467,6.67,tsp
12131,1468,100,g
12132,1468,61,loaf 1/6 of the loaf
12133,1468,61.0,piece
12134,1468,28.3495,wt. oz
12135,1468,49,piece individually wrapped cake
12136,1469,128,cup
12137,1469,256.0,cup
12138,1469,100,g
12139,1469,16,tbsp
12140,1469,28.3495,wt. oz
12141,1469,5.33,tsp
12142,1470,182,crust
12143,1470,28.3495,wt. oz
12144,1470,100,g
12145,1470,28.35,ounce
12146,1471,8.38,tbsp
12147,1471,100,g
12148,1471,134,cup
12149,1471,28.3495,wt. oz
12150,1471,2.79,tsp
12151,1471,268.0,pint
12152,1472,11.4,tbsp
12153,1472,1.5,tbsp
12154,1472,100,g
12155,1472,1.9,tsp
12156,1472,24.0,cup
12157,1472,28.3495,wt. oz
12158,1472,0.3,leave
12159,1473,130,"cup, cube"
12160,1473,65,"cup, cube"
12161,1473,100,g
12162,1473,183,large
12163,1473,61.0,small
12164,1473,28.3495,wt. oz
12165,1473,122,medium
12166,1473,15,slice
12167,1474,89.0,cup
12168,1474,100,g
12169,1474,1.85,tsp
12170,1474,28.3495,wt. oz
12171,1474,6,slice
12172,1474,5.56,tbsp
12173,1474,89,leek
12174,1475,15.75,tablespoon
12175,1475,100,g
12176,1475,63,cup
12177,1475,28.3495,wt. oz
12178,1475,5.25,tsp
12179,1475,15.75,tbsp
12180,1476,253.0,cup
12181,1476,5.27,tsp
12182,1476,100,g
12183,1476,1012.0,quart
12184,1476,28.3495,wt. oz
12185,1476,15.81,tbsp
12186,1477,100,g
12187,1477,85.0,cup
12188,1477,28.35,oz
12189,1477,5.31,tbsp
12190,1477,1.77,tsp
12191,1478,0.83,tsp
12192,1478,28.0,roll (1 oz)
12193,1478,100,g
12194,1478,40,cup
12195,1478,28.35,oz
12196,1478,2.5,tbsp
12197,1479,85,oz
12198,1479,28.3337,ounce
12199,1479,285,"piece, cooked, excluding refuse (yield from 1 lb raw meat with refuse)"
12200,1479,100,g
12201,1480,4.72,teaspoon
12202,1480,227.32,cup
12203,1480,0.59,dashe
12204,1480,100,g
12205,1480,28.3495,wt. oz
12206,1480,14.21,tbsp
12207,1480,113.65,cup
12208,1480,4.74,tsp
12209,1481,100,g
12210,1481,259.2,cup
12211,1481,5.4,each
12212,1481,28.3495,wt. oz
12213,1481,16.2,tbsp
12214,1481,16.2,tablespoon
12215,1481,5.4,teaspoon
12216,1481,5.39,serving
12217,1482,16.32,tablespoon
12218,1482,100,g
12219,1482,16.31,tbsp
12220,1482,28.3495,wt. oz
12221,1482,5.44,tsp
12222,1482,261,cup
12223,1483,0.18,clove
12224,1483,28.3495,wt. oz
12225,1483,100,g
12226,1484,114,oz
12227,1484,1769,breast
12228,1484,453.59,lb
12229,1484,100,g
12230,1485,42,shot
12231,1485,27.8,glas
12232,1485,27.8,ounce
12233,1485,100,g
12234,1485,4.63,tsp
12235,1485,13.9,tbsp
12236,1485,2786.4,gallon
12237,1485,27.8,fl oz
12238,1485,42,jigger (1.5 fl oz)
12239,1485,174.15,cup
12240,1485,10.88,tablespoon
12241,1485,222.4,cup
12242,1486,85,oz
12243,1486,8.44,tbsp
12244,1486,235,unit (yield from 1 lb ready-to-cook chicken)
12245,1486,100,g
12246,1486,2.81,tsp
12247,1486,135.0,cup
12248,1486,1072,chicken
12249,1487,8.7,tbsp
12250,1487,140,"cup, chopped or diced"
12251,1487,100,g
12252,1487,140.0,cup
12253,1487,28.35,oz
12254,1487,146,unit (yield from 1 lb ready-to-cook chicken)
12255,1487,2.9,tsp
12256,1488,98,fillet
12257,1488,8.75,tbsp
12258,1488,2.92,tsp
12259,1488,52,unit (yield from 1 lb ready-to-cook chicken)
12260,1488,140,"cup, chopped or diced"
12261,1488,120.0,breast
12262,1488,100,g
12263,1488,140,cup
12264,1488,28.35,oz
12265,1488,86,"breast, bone and skin removed"
12266,1489,15.13,tbsp
12267,1489,121,cup
12268,1489,100,g
12269,1489,28.3495,wt. oz
12270,1489,28.35,ounce
12271,1489,5.04,tsp
12272,1490,28.3495,wt. oz
12273,1490,100,g
12274,1490,446,package
12275,1490,50.0,frankfurter
12276,1491,57,oz
12277,1491,100,g
12278,1491,1.0,g
12279,1492,7,slice
12280,1492,158,small
12281,1492,280,large
12282,1492,100,g
12283,1492,52,cup slice
12284,1492,28.3495,wt. oz
12285,1492,201.0,medium
12286,1492,301,"cucumber (8-1/4"")"
12287,1493,85,oz
12288,1493,27,crayfish
12289,1493,453.59,lb
12290,1493,100,g
12291,1494,5.5,tbsp
12292,1494,22,cup
12293,1494,1.83,tsp
12294,1494,100,g
12295,1494,88.0,cup
12296,1494,28.3495,wt. oz
12297,1495,100,g
12298,1495,28.3507,ounce
12299,1495,28.3495,wt. oz
12300,1495,5.25,tsp
12301,1495,126,cup
12302,1495,15.75,tbsp
12303,1495,305,can (10.75 oz)
12304,1496,8.5,tbsp
12305,1496,100,g
12306,1496,30,head
12307,1496,2.8,tsp
12308,1496,8.45,tablespoon
12309,1496,28.3495,wt. oz
12310,1496,3,clove
12311,1496,136,cup
12312,1496,9,clove
12313,1496,2.82,teaspoon
12314,1496,2.8,teaspoon
12315,1497,85,oz
12316,1497,218,fillet
12317,1497,453.59,lb
12318,1497,100,g
12319,1498,17.2,tbsp
12320,1498,100,g
12321,1498,28.352,ounce
12322,1498,275.22,cup
12323,1498,28.3495,wt. oz
12324,1498,350.0,crock
12325,1498,5.73,tsp
12326,1499,85,oz
12327,1499,453.592,lb
12328,1499,100,g
12329,1499,2195,roast
12330,1500,85,oz
12331,1500,114,oz
12332,1500,100,g
12333,1500,504.0,rack (8 chops)
12334,1500,63,chop
12335,1501,10.15,tbsp
12336,1501,100,g
12337,1501,3.38,tsp
12338,1501,28.3495,wt. oz
12339,1501,453.59,lb
12340,1501,162.4,cup
12341,1502,85,oz
12342,1502,100,g
12343,1502,453.59,lb
12344,1502,136,"piece (4-1/2"" x 2-1/8"" x 7/8"")"
12345,1503,85,oz
12346,1503,100,g
12347,1503,453.59,lb
12348,1503,202,fillet
12349,1504,242,nlea serving
12350,1504,125,"cup, quartered or chopped"
12351,1504,100,g
12352,1504,28.35,oz
12353,1504,182.0,"medium (3"" dia)"
12354,1504,101,"extra small (2-1/2"" dia)"
12355,1504,109,cup slice
12356,1504,149,"small (2-3/4"" dia)"
12357,1504,223,"large (3-1/4"" dia)"
12358,1505,448,can (total can contents)
12359,1505,240,cup
12360,1505,100,g
12361,1505,28.3495,wt. oz
12362,1505,5,tsp
12363,1505,28.35,ounce
12364,1505,15,tbsp
12365,1506,150.0,"cup, diced"
12366,1506,369,"potato large (3"" to 4-1/4"" dia)"
12367,1506,170,"potato small (1-3/4"" to 2-1/4"" dia)"
12368,1506,100,g
12369,1506,75,"cup, diced"
12370,1506,213,"potato medium (2-1/4"" to 3-1/4"" dia)"
12371,1506,28.3495,wt. oz
12372,1507,15.5,tablespoon
12373,1507,31,fl oz
12374,1507,5.17,tsp
12375,1507,100,g
12376,1507,262,drink box (8.45 fl oz)
12377,1507,248,cup
12378,1507,15.5,tbsp
12379,1508,442,can
12380,1508,240,cup
12381,1508,100,g
12382,1508,28.3495,wt. oz
12383,1508,5,tsp
12384,1508,28.35,ounce
12385,1508,15,tbsp
12386,1509,28.3495,wt. oz
12387,1509,100,g
12388,1509,3.6,mushroom
12389,1509,15,mushroom
12390,1510,2.88,tsp
12391,1510,138.0,cup
12392,1510,56,serving 2 oz
12393,1510,8.63,tbsp
12394,1510,100,g
12395,1510,28.35,oz
12396,1511,7.5,serving 1 tbsp
12397,1511,39,packet
12398,1511,100,g
12399,1511,28.3495,wt. oz
12400,1511,14.18,tablespoon
12401,1512,198.45,bunch
12402,1512,0.33,tsp
12403,1512,1,tbsp
12404,1512,100,g
12405,1512,16,"cup 1"" pieces, loosely packed"
12406,1512,28.3495,wt. oz
12407,1512,453.59,lb
12408,1512,28.35,ounce
12409,1512,16,cup
12410,1513,56,oz
12411,1513,100,g
12412,1513,453.6,lb
12413,1513,421.41,whole sausage
12414,1514,36.75,fl oz
12415,1514,4.09,tsp
12416,1514,100,g
12417,1514,12.27,tbsp
12418,1514,196.24,cup
12419,1514,12.26,tablespoon
12420,1514,24.53,fl oz
12421,1515,17,tbsp
12422,1515,5.67,tsp
12423,1515,100,g
12424,1515,275,cup
12425,1515,28.3495,wt. oz
12426,1515,28.35,ounce
12427,1516,27.77,fl oz
12428,1516,222.16,cup
12429,1516,100,g
12430,1516,4.61,tsp
12431,1516,13.88,tbsp
12432,1516,4.62,teaspoon
12433,1516,0.58,dash
12434,1517,0.83,tsp
12435,1517,754,whole loaf
12436,1517,9,"slice thin, crust not eaten"
12437,1517,36.8,slice (1.3 oz)
12438,1517,30,"slice, large"
12439,1517,29,slice
12440,1517,15,"slice, very thin"
12441,1517,100,g
12442,1517,40,cup
12443,1517,28.35,oz
12444,1517,45,"cup, crumb"
12445,1517,20,"slice, thin"
12446,1517,35,"cup, cube"
12447,1517,25,slice
12448,1517,45.52,slice (1.5 oz)
12449,1517,12,slice crust not eaten
12450,1517,2.5,tbsp
12451,1518,134,"cup, diced"
12452,1518,100,g
12453,1518,134.0,cup
12454,1518,28.3495,wt. oz
12455,1518,55,oz (1 serving)
12456,1519,218.0,cup
12457,1519,100,g
12458,1519,28.3495,wt. oz
12459,1519,13.6,tablespoon
12460,1519,4.5,tsp
12461,1520,70,"cup, shredded"
12462,1520,70.0,cup
12463,1520,113.4,head of baby bok choy
12464,1520,100,g
12465,1520,14,leaf
12466,1520,840,head
12467,1520,14.0,strip
12468,1520,28.3495,wt. oz
12469,1521,9.88,tbsp
12470,1521,100,g
12471,1521,3.29,tsp
12472,1521,28.3495,wt. oz
12473,1521,158.0,cup
12474,1522,100,g
12475,1522,180,"cup, sliced"
12476,1522,148,nlea serving
12477,1522,28.35,oz
12478,1522,69.0,"fruit (2"" dia)"
12479,1523,240,cup
12480,1523,100,g
12481,1523,5,tsp
12482,1523,30,fl oz
12483,1523,240,serving
12484,1523,960.0,quart
12485,1523,15,tbsp
12486,1524,89,"cup, chopped"
12487,1524,70,"cup, shredded"
12488,1524,100,g
12489,1524,79.5,cup
12490,1524,1134,"head, large (about 5-1/2"" dia)"
12491,1524,23,leaf
12492,1524,28.3495,wt. oz
12493,1524,567,"head, small (4"" dia)"
12494,1524,846.66,head
12495,1524,453.5933,lb
12496,1524,839,"head, medium (about 5"" dia)"
12497,1525,20,sprig
12498,1525,0.33,tsp
12499,1525,1,tbsp
12500,1525,100,g
12501,1525,1.0,tablespoon
12502,1525,28.3495,wt. oz
12503,1525,0.85,sprig
12504,1525,32,bunch
12505,1525,4,cup
12506,1526,9.13,tbsp
12507,1526,100,g
12508,1526,3.04,tsp
12509,1526,28.35,oz
12510,1526,146.0,cup
12511,1526,1,peanut
12512,1527,283.68,cup
12513,1527,100,g
12514,1527,5.91,tsp
12515,1527,28.3495,wt. oz
12516,1527,17.73,tbsp
12517,1527,35.4,tbsp
12518,1527,28.36,ounce
12519,1528,85,oz
12520,1528,100,g
12521,1528,28.5,slice
12522,1528,170,package (6 oz)
12523,1528,57,slices (6 per 6-oz pkg.)
12524,1529,240,"cup, melted"
12525,1529,28.3511,ounce
12526,1529,100,g
12527,1529,28.35,oz
12528,1529,144,"cup, sliced"
12529,1529,128,package (4.5 oz)
12530,1529,17,cubic inch
12531,1530,100,g
12532,1530,28.3495,wt. oz
12533,1530,44,liver
12534,1530,453.59,lb
12535,1530,14.18,tablespoon
12536,1531,100,g
12537,1531,165,cup piece
12538,1531,28.35,oz
12539,1531,165.0,cup
12540,1531,336,fruit without refuse
12541,1532,28.3333,oz
12542,1532,85,oz
12543,1532,170,chop
12544,1532,100,g
12545,1533,100,g
12546,1533,28.3495,wt. oz
12547,1533,3.83,tsp
12548,1533,184,cup
12549,1533,28.35,ounce
12550,1533,12.2,tbsp
12551,1534,5.17,tsp
12552,1534,248.11,cup
12553,1534,100,g
12554,1534,28.3495,wt. oz
12555,1534,15.51,tbsp
12556,1535,117,slice
12557,1535,186.0,cup
12558,1535,100,g
12559,1535,11.63,tbsp
12560,1535,28.3495,wt. oz
12561,1535,3.88,tsp
12562,1535,121.17,individual tart
12563,1536,16,cubic inch
12564,1536,12.0,"small (2-2/3"" x 1/2"" x 1/4"")"
12565,1536,149,"cup, drained"
12566,1536,100,g
12567,1536,28.35,oz
12568,1536,92,can (3.75 oz)
12569,1536,24,sardine
12570,1537,91,"small whole (2-2/5"" dia)"
12571,1537,20,"slice, medium (1/4"" thick)"
12572,1537,149,cup cherry tomatoe
12573,1537,182,"large whole (3"" dia)"
12574,1537,62,plum tomato
12575,1537,100,g
12576,1537,123,"medium whole (2-3/5"" dia)"
12577,1537,27,"slice, thick/large (1/2"" thick)"
12578,1537,62,italian tomato
12579,1537,148,nlea serving
12580,1537,28.3495,wt. oz
12581,1537,31,wedge (1/4 of medium tomato)
12582,1537,17,cherry
12583,1537,180,"cup, chopped or sliced"
12584,1537,15,"slice, thin/small"
12585,1537,164.5,cup
12586,1538,91,"small whole (2-2/5"" dia)"
12587,1538,20,"slice, medium (1/4"" thick)"
12588,1538,149,cup cherry tomatoe
12589,1538,182,"large whole (3"" dia)"
12590,1538,62,plum tomato
12591,1538,100,g
12592,1538,123,"medium whole (2-3/5"" dia)"
12593,1538,27,"slice, thick/large (1/2"" thick)"
12594,1538,62,italian tomato
12595,1538,148,nlea serving
12596,1538,28.3495,wt. oz
12597,1538,31,wedge (1/4 of medium tomato)
12598,1538,17,cherry
12599,1538,180,"cup, chopped or sliced"
12600,1538,15,"slice, thin/small"
12601,1538,164.5,cup
12602,1539,1,leave
12603,1539,42.4,cup
12604,1539,100,g
12605,1539,2.65,tbsp
12606,1539,28.3495,wt. oz
12607,1539,2.65,tablespoon
12608,1539,0.5,leaf
12609,1539,0.88,tsp
12610,1540,100,g
12611,1540,28.3495,wt. oz
12612,1540,133.0,cup
12613,1540,2.77,tsp
12614,1540,8.31,tbsp
12615,1541,425.25,can (15 oz)
12616,1541,240,cup
12617,1541,100,g
12618,1541,28.3495,wt. oz
12619,1541,5,tsp
12620,1541,28.35,ounce
12621,1541,15,tbsp
12622,1542,8.69,tbsp
12623,1542,100,g
12624,1542,15,pepper
12625,1542,8.69,tablespoon
12626,1542,113.4,can
12627,1542,28.3495,wt. oz
12628,1542,139,cup
12629,1542,2.9,tsp
12630,1543,16,"link, little (2"" long x 3/4"" dia)"
12631,1543,68,"link (4"" long x 1-1/8"" dia)"
12632,1543,100,g
12633,1543,56.7,oz
12634,1543,42.0,link
12635,1544,56,piece
12636,1544,85,oz
12637,1544,113.4,medium meatball
12638,1544,28.35,medium meatball
12639,1544,100,g
12640,1545,262.0,can
12641,1545,131,cup
12642,1545,8.19,tbsp
12643,1545,100,g
12644,1545,2.73,tsp
12645,1545,28.3495,wt. oz
12646,1545,131,"cup (1/8"" slices)"
12647,1545,262,can (303 x 406)
12648,1546,192.0,cup
12649,1546,100,g
12650,1546,4,tsp
12651,1546,28.3495,wt. oz
12652,1546,12,tbsp
12653,1547,0.6,tsp
12654,1547,100,g
12655,1547,7.2,tbsp
12656,1547,2.4,teaspoon
12657,1547,28.3495,wt. oz
12658,1547,115.2,cup
12659,1547,2.4,tsp
12660,1548,192.0,cup
12661,1548,100,g
12662,1548,12,tbsp
12663,1548,28.3495,wt. oz
12664,1548,4,tsp
12665,1548,12,tablespoon
12666,1549,279.34,serving
12667,1549,3.71,tsp
12668,1549,100,g
12669,1549,11.13,tbsp
12670,1549,183.0,slice
12671,1549,28.3495,wt. oz
12672,1549,178,cup
12673,1550,28.35,oz
12674,1550,229.0,pie crust (average weight)
12675,1550,100,g
12676,1551,177,cup
12677,1551,100,g
12678,1551,28.3495,wt. oz
12679,1551,453.6,lb
12680,1551,11.06,tbsp
12681,1551,3.69,tsp
12682,1552,118,"cup, chopped"
12683,1552,118.0,cup
12684,1552,64,pepper
12685,1552,100,g
12686,1552,28.3495,wt. oz
12687,1553,4.8,"tbsp, ground"
12688,1553,100,g
12689,1553,1.8,"tbsp, leave"
12690,1553,28.3495,wt. oz
12691,1553,1.1,teaspoon
12692,1553,0.6,"tsp, leave"
12693,1553,1.6,"tsp, ground"
12694,1554,18,"slice (2-1/2"" dia x 1/4"" thick)"
12695,1554,100,g
12696,1554,28.35,oz
12697,1554,56.7,oz
12698,1554,226.8,cup
12699,1555,5.0,teaspoon
12700,1555,240,cup
12701,1555,100,g
12702,1555,28.3495,wt. oz
12703,1555,5,tsp
12704,1555,15,tbsp
12705,1556,26.0,serving
12706,1556,28.35,oz
12707,1556,100,g
12708,1556,610,package (21.5 oz)
12709,1557,1.79,tsp
12710,1557,86.0,cup
12711,1557,5.38,tbsp
12712,1557,100,g
12713,1557,28.35,oz
12714,1558,100,g
12715,1558,28.3495,wt. oz
12716,1558,13.5,tablespoon
12717,1558,216,cup
12718,1558,4.5,tsp
12719,1558,6.75,tablespoon
12720,1559,4.85,tsp
12721,1559,14.55,tablespoon
12722,1559,29.1,tbsp
12723,1559,100,g
12724,1559,29.1,fl oz
12725,1559,232.8,cup
12726,1560,46.0,large
12727,1560,40,medium
12728,1560,52,extra large
12729,1560,100,g
12730,1560,35,small
12731,1560,28.3495,wt. oz
12732,1560,57,jumbo
12733,1561,28.35,oz
12734,1561,183.0,crust
12735,1561,100,g
12736,1562,5.87,tsp
12737,1562,17.6,tbsp
12738,1562,35.2,ounce
12739,1562,100,g
12740,1562,281.6,cup
12741,1562,35.2,fl oz
12742,1562,423,can (12 fl oz)
12743,1563,240,cup
12744,1563,100,g
12745,1563,14.88,tbsp
12746,1563,28.3495,wt. oz
12747,1563,4.98,teaspoon
12748,1563,4.96,tsp
12749,1564,72,10-inch
12750,1564,49.0,"tortilla (approx 7-8"" dia)"
12751,1564,100,g
12752,1564,28.35,oz
12753,1564,72,"tortilla (approx 10"" dia)"
12754,1564,117,"tortilla (approx 12"" dia)"
12755,1564,117,12-inch
12756,1564,32,"tortilla, medium (approx 6"" dia)"
12757,1564,49,8 inch
12758,1564,32,6-inch
12759,1565,38,wedge (1.33 oz)
12760,1565,100,g
12761,1565,28.35,oz
12762,1565,150,"cup, crumbled"
12763,1565,17,cubic inch
12764,1565,28.3514,ounce
12765,1566,85,oz
12766,1566,453.5933,lb
12767,1566,100,g
12768,1567,8,inch
12769,1567,11,"slices (1"" dia)"
12770,1567,96,cup
12771,1567,100,g
12772,1567,8.5,"tbsp, chopped"
12773,1567,2,tsp
12774,1567,28.3495,wt. oz
12775,1567,6,tbsp
12776,1567,28.35,ounce
12777,1567,24,"cup slices (1"" dia)"
12778,1567,8,1-inch piece
12779,1567,16,2-inch piece
12780,1568,4.73,tsp
12781,1568,227.0,cup
12782,1568,100,g
12783,1568,14.2,tbsp
12784,1568,28.3495,wt. oz
12785,1568,5,"pat (1"" sq, 1/3"" high)"
12786,1568,113,stick
12787,1569,244.0,cup
12788,1569,100,g
12789,1569,28.3495,wt. oz
12790,1569,5.08,tsp
12791,1569,15.25,tbsp
12792,1570,100,g
12793,1570,7.5,tbsp
12794,1570,2.5,tsp
12795,1570,28.35,oz
12796,1570,120.0,cup
12797,1571,240.0,cup
12798,1571,100,g
12799,1571,5,tsp
12800,1571,30,fl oz
12801,1571,15,tbsp
12802,1572,19.0,piece whole
12803,1572,70,cup
12804,1572,100,g
12805,1572,1.46,tsp
12806,1572,28.3495,wt. oz
12807,1572,4.38,tbsp
12808,1573,8.5,tbsp
12809,1573,100,g
12810,1573,82,"beet (2"" dia)"
12811,1573,28.3495,wt. oz
12812,1573,136.0,cup
12813,1573,2.83,tsp
12814,1574,1746,bottle (60 fl oz)
12815,1574,4.85,tsp
12816,1574,14.55,tablespoon
12817,1574,100,g
12818,1574,29.1,fl oz
12819,1574,174.6,fl oz
12820,1574,14.55,tbsp
12821,1574,232.8,cup
12822,1575,145.0,"cup 1"" piece"
12823,1575,781,"fruit, large"
12824,1575,100,g
12825,1575,157,"fruit, small"
12826,1575,28.35,oz
12827,1575,230,"cup, mashed"
12828,1575,187.5,cup
12829,1576,28.35,oz (19 halves)
12830,1576,100,g
12831,1576,1.49,nut
12832,1576,104.0,cup
12833,1576,28.3495,wt. oz
12834,1576,99,"cup, halve"
12835,1576,109,"cup, chopped"
12836,1577,237,fl oz
12837,1577,237.0,cup
12838,1577,100,g
12839,1577,237,serving
12840,1577,14.81,tbsp
12841,1577,4.94,tsp
12842,1578,19,piece whole
12843,1578,70.0,cup
12844,1578,100,g
12845,1578,1.46,tsp
12846,1578,28.3495,wt. oz
12847,1578,4.38,tbsp
12848,1579,42,shot
12849,1579,27.8,ounce
12850,1579,27.8,glas
12851,1579,100,g
12852,1579,4.63,tsp
12853,1579,13.9,tbsp
12854,1579,27.8,fl oz
12855,1579,42,jigger (1.5 fl oz)
12856,1579,222.4,cup
12857,1580,132.0,cup
12858,1580,8.25,tbsp
12859,1580,66,scoop
12860,1580,100,g
12861,1580,2.75,tsp
12862,1580,28.3495,wt. oz
12863,1580,66,serving 1/2 cup
12864,1581,29.4,fl oz
12865,1581,747,bottle
12866,1581,100,g
12867,1581,14.7,tbsp
12868,1581,147,serving (5 fl oz)
12869,1581,235.2,cup
12870,1581,4.9,tsp
12871,1581,147,glas
12872,1582,112,cup
12873,1582,28,cup
12874,1582,1.0,g
12875,1582,100,g
12876,1582,7,tbsp
12877,1582,28.3495,wt. oz
12878,1582,2.33,tsp
12879,1583,85,oz
12880,1583,4.5,tbsp
12881,1583,100,g
12882,1583,42,oz
12883,1583,28.35,oz
12884,1583,72.0,cup
12885,1583,1.5,tsp
12886,1584,85,oz
12887,1584,113,oz
12888,1584,100,g
12889,1584,28.35,oz
12890,1584,453.59,lb
12891,1585,64,"large (2-1/2"" dia)"
12892,1585,100,g
12893,1585,40,"small (1-1/2"" dia)"
12894,1585,28.3495,wt. oz
12895,1585,50.0,"medium (2-1/4"" dia)"
12896,1586,135,"cup, crumbled, not packed"
12897,1586,100,g
12898,1586,28.35,oz
12899,1586,28.35,ounce
12900,1586,17,cubic inch
12901,1587,2.75,tablespoon
12902,1587,0.92,tsp
12903,1587,100,g
12904,1587,44,cup
12905,1587,28.3495,wt. oz
12906,1587,0.915,teaspoon
12907,1588,42,cup
12908,1588,3.5,tsp
12909,1588,0.5,piece
12910,1588,100,g
12911,1588,10.5,tbsp
12912,1588,28.35,oz
12913,1588,168,cup
12914,1588,28.35,ounce
12915,1588,453.59,lb
12916,1589,1.0,g
12917,1589,28.35,oz (49 kernels)
12918,1589,100,g
12919,1589,7.69,tbsp
12920,1589,28.3495,wt. oz
12921,1589,123.0,cup
12922,1589,2.56,tsp
12923,1589,0.7,kernel
12924,1590,5,tbsp
12925,1590,100,g
12926,1590,28.35,oz
12927,1590,2.08,tsp
12928,1590,100.0,cup
12929,1591,139,slice
12930,1591,18,inch
12931,1591,0.83,tsp
12932,1591,90.75,slice
12933,1591,64,regular slice
12934,1591,100,g
12935,1591,40,cup
12936,1591,470,loaf
12937,1591,28.35,oz
12938,1591,45,"cup, crumb"
12939,1591,324,baguette
12940,1591,96,"slice, large (6"" x 2-1/2"" x 1-3/4"")"
12941,1591,2.5,tbsp
12942,1591,64,"slice, medium (4"" x 2-1/2"" x 1-3/4"")"
12943,1592,28.3333,oz
12944,1592,85,oz
12945,1592,326,unit (yield from 1 lb ready-to-eat pheasant)
12946,1592,100,g
12947,1592,352,pheasant
12948,1593,979.2,quart
12949,1593,244.8,cup
12950,1593,245,cup (8 fl oz)
12951,1593,100,g
12952,1593,30.6,fl oz
12953,1593,5.1,tsp
12954,1593,15.3,tbsp
12955,1594,100,g
12956,1594,87.0,bag
12957,1594,0.16,tsp
12958,1594,28.3495,wt. oz
12959,1594,7.9,cup
12960,1594,0.49,tbsp
12961,1595,86,cup
12962,1595,100,g
12963,1595,10.75,tbsp
12964,1595,172,cup
12965,1595,28.3495,wt. oz
12966,1595,3.58,tsp
12967,1595,28.35,ounce
12968,1595,266,can drained solid
12969,1596,28.25,cup
12970,1596,7.06,tbsp
12971,1596,100,g
12972,1596,28.35,oz
12973,1596,113.0,cup
12974,1596,2.35,tsp
12975,1597,85,oz
12976,1597,100,g
12977,1597,453.59,lb
12978,1598,5.5,tbsp
12979,1598,1.83,tsp
12980,1598,100,g
12981,1598,28.3495,wt. oz
12982,1598,88,cup
12983,1598,19,sprout
12984,1598,453.59,lb
12985,1599,28.35,oz
12986,1599,1000.0,kg
12987,1599,100,g
12988,1599,101,"chop, excluding refuse (yield from 1 raw chop, with refuse, weighing 160 g)"
12989,1600,15.13,tbsp
12990,1600,121,cup
12991,1600,100,g
12992,1600,28.3495,wt. oz
12993,1600,242.0,cup
12994,1600,5.04,tsp
12995,1601,3,"piece, small"
12996,1601,100,g
12997,1601,28.35,oz
12998,1601,6,piece
12999,1601,226.7879,cup
13000,1602,1.79,tsp
13001,1602,86.0,cup
13002,1602,5.38,tbsp
13003,1602,100,g
13004,1602,28.3495,wt. oz
13005,1603,95,cup penne
13006,1603,90,cup lasagna
13007,1603,81,cup farfalle
13008,1603,100,g
13009,1603,96,cup rotini
13010,1603,91,cup spaghetti
13011,1603,64,cup shell
13012,1603,57,oz
13013,1603,28.5,ounce
13014,1603,122,cup elbow
13015,1604,369,"potato large (3"" to 4-1/4"" dia)"
13016,1604,213.0,medium
13017,1604,170,"potato small (1-3/4"" to 2-1/4"" dia)"
13018,1604,100,g
13019,1604,75,"cup, diced"
13020,1604,213,"potato medium (2-1/4"" to 3-1/4"" dia)"
13021,1604,28.3495,wt. oz
13022,1605,35.5,fl oz
13023,1605,5.92,tsp
13024,1605,17.75,tbsp
13025,1605,100,g
13026,1605,35.5,ounce
13027,1605,142,cup
13028,1605,142,cup from 19211
13029,1606,4.93,tsp
13030,1606,100,g
13031,1606,178,fl oz
13032,1606,236.8,cup
13033,1606,29.6,fl oz
13034,1606,14.8,tbsp
13035,1607,14.1,tbsp
13036,1607,14.129,tablespoon
13037,1607,227,cup
13038,1607,100,g
13039,1607,111,stick
13040,1607,28.3495,wt. oz
13041,1607,4.7,tsp
13042,1608,4,strip medium
13043,1608,100,g
13044,1608,72,"large (7-1/4"" to 8-/1/2"" long)"
13045,1608,122,cup strips or slice
13046,1608,110,cup grated
13047,1608,61,medium
13048,1608,50,"small (5-1/2"" long)"
13049,1608,3,slice
13050,1608,28.3495,wt. oz
13051,1608,128,cup chopped
13052,1608,120.0,cup
13053,1608,7,"strip large (3"" long)"
13054,1609,45,pepper
13055,1609,100,g
13056,1609,0.2,pinch
13057,1609,75,"cup, chopped or diced"
13058,1609,28.3495,wt. oz
13059,1610,28.35,oz
13060,1610,183.0,crust
13061,1610,100,g
13062,1611,29.4,fl oz
13063,1611,100,g
13064,1611,14.7,tbsp
13065,1611,147,serving (5 fl oz)
13066,1611,235.2,cup
13067,1611,4.9,tsp
13068,1611,29.4,ounce
13069,1612,109.5,cup
13070,1612,100,g
13071,1612,108,serving
13072,1612,28.3495,wt. oz
13073,1612,453.592,lb
13074,1612,453.59,lb
13075,1612,4.56,tsp
13076,1612,13.69,tbsp
13077,1612,219,cup
13078,1613,100,g
13079,1613,85,oz
13080,1613,209,lobster
13081,1613,28.333,ounce
13082,1614,85,oz
13083,1614,28.35,"oz, boneles"
13084,1614,16,"cubic inch, boneles"
13085,1614,100,g
13086,1614,28.3337,ounce
13087,1615,4,strip medium
13088,1615,100,g
13089,1615,72,"large (7-1/4"" to 8-/1/2"" long)"
13090,1615,122,cup strips or slice
13091,1615,110,cup grated
13092,1615,61,medium
13093,1615,50,"small (5-1/2"" long)"
13094,1615,3,slice
13095,1615,28.3495,wt. oz
13096,1615,128,cup chopped
13097,1615,120.0,cup
13098,1615,7,"strip large (3"" long)"
13099,1616,100,g
13100,1616,28.3495,wt. oz
13101,1616,14.06,tbsp
13102,1616,225.0,cup
13103,1616,4.69,tsp
13104,1617,3.69,tbsp
13105,1617,100,g
13106,1617,59,cup ( 1 nlea serving)
13107,1617,28.3495,wt. oz
13108,1617,59,cup
13109,1617,28.35,ounce
13110,1617,1.23,tsp
13111,1618,31.0,ounce
13112,1618,250.18,serving
13113,1618,31,fl oz
13114,1618,5.17,tsp
13115,1618,100,g
13116,1618,248,cup
13117,1618,15.5,tbsp
13118,1619,100,g
13119,1619,4.17,tsp
13120,1619,28.3495,wt. oz
13121,1619,200.0,cup
13122,1619,12.5,tbsp
13123,1620,33.5,lime
13124,1620,100,g
13125,1620,67,"fruit (2"" dia)"
13126,1620,8,wedge
13127,1620,67.0,lime
13128,1620,28.3495,wt. oz
13129,1620,67,nlea serving
13130,1621,91.2,cup
13131,1621,100,g
13132,1621,1.9,tsp
13133,1621,1.95,teaspoon
13134,1621,28.3495,wt. oz
13135,1621,6,tbsp
13136,1622,100,g
13137,1622,4.17,tsp
13138,1622,28.3495,wt. oz
13139,1622,200.0,cup
13140,1622,12.5,tbsp
13141,1623,39,serving 2 tbsp
13142,1623,6.25,tsp
13143,1623,100,g
13144,1623,28.3495,wt. oz
13145,1623,300.0,cup
13146,1623,18.75,tbsp
13147,1624,206,serving 6 fl oz
13148,1624,5.72,tsp
13149,1624,100,g
13150,1624,17.15,tbsp
13151,1624,274.4,cup
13152,1624,17.15,tablespoon
13153,1624,34.3,fl oz
13154,1625,492,can or bottle (16 fl oz)
13155,1625,5.12,tsp
13156,1625,492,"drink, small (16 fl oz)"
13157,1625,984,"drink, large (32 fl oz)"
13158,1625,1353,"drink, extra large (44 fl oz)"
13159,1625,100,g
13160,1625,676,"drink, medium (22 fl oz)"
13161,1625,370.0,can or bottle (12 fl oz)
13162,1625,245.6,cup
13163,1625,30.7,fl oz
13164,1625,15.35,tbsp
13165,1626,325,bottle 11 fl oz
13166,1626,29.6,fl oz
13167,1626,100,g
13168,1626,4.93,tsp
13169,1626,192,bottle 6.5 fl oz
13170,1626,236.8,cup
13171,1626,237,cup 8 fl oz
13172,1626,14.8,tbsp
13173,1627,100,g
13174,1627,14.7,tbsp
13175,1627,28.3495,wt. oz
13176,1627,29.4,tbsp
13177,1627,4.9,tsp
13178,1627,235.0,cup
13179,1628,28.35,oz
13180,1628,100,g
13181,1628,28.35,ounce
13182,1629,85,oz
13183,1629,920.0,chicken
13184,1629,100,g
13185,1629,276,unit (yield from 1 lb ready-to-cook chicken)
13186,1629,460,"chicken, bone removed"
13187,1630,28.3495,wt. oz
13188,1630,100,g
13189,1630,453.59,lb
13190,1630,25,link
13191,1631,16,slice 12 oz pkg
13192,1631,9.8,slice 6 oz pkg
13193,1631,100,g
13194,1631,28.3495,wt. oz
13195,1631,12.9,slice
13196,1631,14,serving
13197,1632,100,g
13198,1632,28.3495,wt. oz
13199,1632,19,tbsp
13200,1632,6.25,teaspoon
13201,1632,6.33,tsp
13202,1632,296,cup
13203,1633,103,glass (3.5 fl oz)
13204,1633,14.75,tbsp
13205,1633,100,g
13206,1633,4.92,tsp
13207,1633,236,cup
13208,1633,29.5,ounce
13209,1633,29.5,fl oz
13210,1634,42,shot
13211,1634,27.8,ounce
13212,1634,27.8,glas
13213,1634,100,g
13214,1634,4.63,tsp
13215,1634,13.9,tbsp
13216,1634,27.8,fl oz
13217,1634,42,jigger (1.5 fl oz)
13218,1634,222.4,cup
13219,1635,100,g
13220,1635,33.0,ounce
13221,1635,16.5,tbsp
13222,1635,49.5,shot (1.5 fl oz)
13223,1635,5.5,tsp
13224,1635,33,fl oz
13225,1635,264,cup
13226,1636,42,fl oz
13227,1636,42,shot
13228,1636,14,tbsp
13229,1636,100,g
13230,1636,224,cup
13231,1636,4.67,tsp
13232,1636,28.0,ounce
13233,1637,4,strip medium
13234,1637,100,g
13235,1637,72,"large (7-1/4"" to 8-/1/2"" long)"
13236,1637,122,cup strips or slice
13237,1637,110,cup grated
13238,1637,61,medium
13239,1637,50,"small (5-1/2"" long)"
13240,1637,3,slice
13241,1637,28.3495,wt. oz
13242,1637,128,cup chopped
13243,1637,120.0,cup
13244,1637,7,"strip large (3"" long)"
13245,1638,15.0,tablespoon
13246,1638,240,cup
13247,1638,100,g
13248,1638,28.3495,wt. oz
13249,1638,5,tsp
13250,1638,470.42,serving (2 cup)
13251,1638,15,tbsp
13252,1639,14.5,tbsp
13253,1639,100,g
13254,1639,4.83,tsp
13255,1639,86.95,drink
13256,1639,29.0,ounce
13257,1639,71,cocktail
13258,1639,232,cup
13259,1639,29,fl oz
13260,1640,4.85,tsp
13261,1640,4.85,teaspoon
13262,1640,100,g
13263,1640,29.1,fl oz
13264,1640,43.65,fl oz
13265,1640,14.55,tbsp
13266,1640,232.8,cup
13267,1641,100,g
13268,1641,3.54,tsp
13269,1641,28.3495,wt. oz
13270,1641,10.63,tbsp
13271,1641,170.0,cup
13272,1642,15,cubic inch
13273,1642,108,"cup, shredded"
13274,1642,100,g
13275,1642,28.35,oz
13276,1642,28,slice (1 oz)
13277,1642,120.0,cup
13278,1642,132,"cup, diced"
13279,1642,227,package (8 oz)
13280,1643,0.2,pod
13281,1643,2.46,tsp
13282,1643,100,g
13283,1643,28.3495,wt. oz
13284,1643,7.38,tbsp
13285,1643,118.08,cup
13286,1644,85,cup slice
13287,1644,100,"beets (2"" dia, sphere)"
13288,1644,100,g
13289,1644,200,bunch
13290,1644,28.3495,wt. oz
13291,1644,50.0,beet
13292,1645,28.3495,wt. oz
13293,1645,282.0,"pomegranate (4"" dia)"
13294,1645,100,g
13295,1645,87,cup arils (seed/juice sacs)
13296,1646,8.75,tbsp
13297,1646,2.92,tsp
13298,1646,70,cup
13299,1646,100,g
13300,1646,140.0,cup
13301,1646,28.3495,wt. oz
13302,1646,284,package (10 oz)
13303,1647,244.0,cup
13304,1647,100,g
13305,1647,976,quart
13306,1647,30.5,fl oz
13307,1647,5.08,tsp
13308,1647,15,tbsp
13309,1648,3,"piece, small"
13310,1648,100,g
13311,1648,28.35,oz
13312,1648,6,piece
13313,1648,28.35,ounce
13314,1649,20,sprig
13315,1649,0.33,tsp
13316,1649,1,tbsp
13317,1649,100,g
13318,1649,28.3495,wt. oz
13319,1649,0.85,sprig
13320,1649,0.33,teaspoon
13321,1649,32,bunch
13322,1649,4,cup
13323,1650,28.25,cup
13324,1650,7.06,tbsp
13325,1650,100,g
13326,1650,28.3495,wt. oz
13327,1650,113.0,cup
13328,1650,2.35,tsp
13329,1651,100,g
13330,1651,101,"biscuit (4"" dia)"
13331,1651,28.35,oz
13332,1651,14,"small (1-1/2"" dia)"
13333,1651,28.35,ounce
13334,1651,60,"biscuit (2-1/2"" dia)"
13335,1652,100,g
13336,1652,28.3495,wt. oz
13337,1652,116,fillet
13338,1652,28.35,ounce
13339,1653,5.17,tsp
13340,1653,100,g
13341,1653,28.3495,wt. oz
13342,1653,28.35,ounce
13343,1653,305,can
13344,1653,124,cup condensed
13345,1653,248,cup
13346,1653,15.5,tbsp
13347,1654,77,serving 14 round piece
13348,1654,160,serving 29 round piece
13349,1654,100,g
13350,1654,5.5,round piece
13351,1654,53,patty
13352,1654,28.3495,wt. oz
13353,1654,226.8,cup
13354,1655,15,crackers square (1 serving)
13355,1655,1,"cracker, oyster"
13356,1655,14.2,oz
13357,1655,6,"cracker, rectangle"
13358,1655,57.5,cup
13359,1655,100,g
13360,1655,10,"cracker, round large"
13361,1655,3,cracker square
13362,1655,45,cup oyster cracker
13363,1655,14.9,cracker
13364,1655,70,"cup, crushed"
13365,1656,100,g
13366,1656,165,cup piece
13367,1656,28.35,oz
13368,1656,165.0,cup
13369,1656,336,fruit without refuse
13370,1657,107,cup rotini
13371,1657,107,cup ziti
13372,1657,135,cup linguine
13373,1657,116,cup lasagne
13374,1657,132,cup elbows packed
13375,1657,57,lasagna noodle (cooked)
13376,1657,2.92,tsp
13377,1657,100,g
13378,1657,151,cup spaghetti packed
13379,1657,28.3495,wt. oz
13380,1657,453.59,lb
13381,1657,8.75,tbsp
13382,1657,124,cup spaghetti not packed
13383,1657,107,cup penne
13384,1657,140,cup
13385,1657,107,cup farfalle
13386,1657,135,cup capellini
13387,1657,120,cup elbows not packed
13388,1657,105,cup shell
13389,1658,100,g
13390,1658,180,"cup, sliced"
13391,1658,148,nlea serving
13392,1658,28.35,oz
13393,1658,69.0,"fruit (2"" dia)"
13394,1659,170,package (6 oz)
13395,1659,100,g
13396,1659,28.35,oz
13397,1659,28.0,slice
13398,1659,28,slice (1 oz)
13399,1659,132,"cup, diced"
13400,1659,17,cubic inch
13401,1659,113,cup shredded
13402,1660,1.33,tsp
13403,1660,100,g
13404,1660,4,tablespoon
13405,1660,28.3495,wt. oz
13406,1660,28.35,ounce
13407,1660,75,cup
13408,1661,369,"potato large (3"" to 4-1/4"" dia)"
13409,1661,150.0,cup
13410,1661,100,g
13411,1661,75,"cup, diced"
13412,1661,213,"potato medium (2-1/4"" to 3-1/4"" dia)"
13413,1661,28.3495,wt. oz
13414,1661,31,baby potato
13415,1661,170,"potato small (1-3/4"" to 2-1/2"" dia)"
13416,1662,31.75,ounce
13417,1662,498.74,bowl (about 2 cups)
13418,1662,15.88,tbsp
13419,1662,31.75,fl oz
13420,1662,100,g
13421,1662,5.29,tsp
13422,1662,254,cup
13423,1663,100,g
13424,1663,32,thin slice
13425,1663,64,slice
13426,1663,48.0,slice
13427,1663,28.3495,wt. oz
13428,1663,604.09,loaf
13429,1663,226.8,cup
13430,1664,6,grape
13431,1664,28.3495,wt. oz
13432,1664,100,g
13433,1664,226.8,cup
13434,1665,100,g
13435,1665,4.17,tsp
13436,1665,28.3495,wt. oz
13437,1665,28.35,ounce
13438,1665,200,cup
13439,1665,12.5,tbsp
13440,1665,183.56,serving
13441,1666,14,tbsp
13442,1666,224,cup
13443,1666,100,g
13444,1666,4.665,teaspoon
13445,1666,4.67,tsp
13446,1666,28.3495,wt. oz
13447,1667,26.67,ounce
13448,1667,100,g
13449,1667,40,fl oz
13450,1667,40,shot
13451,1667,13.33,tbsp
13452,1667,4.44,tsp
13453,1667,213.33,cup
13454,1668,104,"cup, sliced"
13455,1668,100,g
13456,1668,22,pepper
13457,1668,136,"cup, chopped"
13458,1668,28.3495,wt. oz
13459,1668,120.0,cup
13460,1669,5.315,tablespoon
13461,1669,100,g
13462,1669,85.0,cup
13463,1669,28.35,oz
13464,1669,5.31,tbsp
13465,1669,1.77,tsp
13466,1670,132,cup
13467,1670,100,g
13468,1670,132,serving 1/2 cup
13469,1670,16.5,tbsp
13470,1670,5.5,tsp
13471,1670,33,fl oz
13472,1670,264.0,cup
13473,1671,1,leave
13474,1671,42.4,cup
13475,1671,100,g
13476,1671,2.65,tbsp
13477,1671,28.3495,wt. oz
13478,1671,2.65,tablespoon
13479,1671,0.5,leaf
13480,1671,0.88,tsp
13481,1672,231,cup
13482,1672,445,can
13483,1672,100,g
13484,1672,14.44,tbsp
13485,1672,28.3495,wt. oz
13486,1672,28.35,ounce
13487,1672,4.81,tsp
13488,1673,28.35,stick
13489,1673,122.5,cup
13490,1673,244,cup melted
13491,1673,100,g
13492,1673,28.35,oz
13493,1673,132,cup diced
13494,1673,21,slice
13495,1673,17,cubic inch
13496,1673,113,cup shredded
13497,1674,227,container (8 oz)
13498,1674,245,cup (8 fl oz)
13499,1674,100,g
13500,1674,28.3495,wt. oz
13501,1674,170,container (6 oz)
13502,1674,226.8,cup
13503,1675,67,cup
13504,1675,8.38,tbsp
13505,1675,134.0,cup
13506,1675,100,g
13507,1675,28.3495,wt. oz
13508,1675,2.79,tsp
13509,1676,85,oz
13510,1676,100,g
13511,1676,453.59,lb
13512,1676,608,steak
13513,1677,100,g
13514,1677,81,package without flavor packet
13515,1677,28.3495,wt. oz
13516,1677,28.35,ounce
13517,1677,5.8,packet
13518,1678,5.75,tbsp
13519,1678,92.0,cup
13520,1678,10,slice
13521,1678,100,g
13522,1678,1.92,tsp
13523,1678,28.3495,wt. oz
13524,1679,100,g
13525,1679,4.17,tsp
13526,1679,28.3495,wt. oz
13527,1679,200.0,cup
13528,1679,12.5,tbsp
13529,1680,5.3,tbsp
13530,1680,100,g
13531,1680,86.4,cup
13532,1680,28.3495,wt. oz
13533,1680,1.8,tsp
13534,1680,1.78,teaspoon
13535,1681,99.0,package (3.5 oz)
13536,1681,28.3495,wt. oz
13537,1681,100,g
13538,1681,25,"portion, amount to make 1/2 cup"
13539,1682,100,g
13540,1682,28.3495,wt. oz
13541,1682,14.06,tbsp
13542,1682,225.0,cup
13543,1682,4.69,tsp
13544,1683,113,oz
13545,1683,100,g
13546,1683,453.59,lb
13547,1684,8.5,tbsp
13548,1684,100,g
13549,1684,30,head
13550,1684,2.8,tsp
13551,1684,28.3495,wt. oz
13552,1684,3.0,clove
13553,1684,136,cup
13554,1684,9,clove
13555,1685,14,packet (0.5 oz)
13556,1685,100,g
13557,1685,28.3495,wt. oz
13558,1685,21.0,serving 1 tbsp
13559,1685,226.7879,cup
13560,1686,120,"cup, sliced"
13561,1686,33,root
13562,1686,100,g
13563,1686,28.3495,wt. oz
13564,1686,2.5,teaspoon
13565,1687,182,cup large chip
13566,1687,42,cup
13567,1687,174.33,cup
13568,1687,3.5,tsp
13569,1687,100,g
13570,1687,173,cup mini chip
13571,1687,28.35,oz (approx 60 pcs)
13572,1687,10.5,tbsp
13573,1687,28.3495,wt. oz
13574,1687,168,cup chips (6 oz package)
13575,1687,14.5,serving
13576,1688,5.75,tbsp
13577,1688,92.0,cup
13578,1688,100,g
13579,1688,1.92,tsp
13580,1688,28.3495,wt. oz
